message_id,message_type,date_utc_offset,forwarded,photo_assets,photo_count,missing_asset_count,source_channel,text_sha256,text_excerpt,content_type,book_assignment,include_in_book,useful,classification_confidence,remedy_focus,canonical_remedy,remedy_slug,canonical_card_message_id,duplicate_of_message_id,source_file,source_anchor
"message-1","service","","no","","0","0","Психогомеопатия: Алхимия души.","e3b0c44298fc1c149afbf4c8996fb92427ae41e4649b934ca495991b7852b855","","service_history","service","no","no","high","none","","","","","Telegram Desktop/ChatExport_2026-09-04/messages.html","#message-1"
"message1","service","","no","","0","0","Психогомеопатия: Алхимия души.","e3b0c44298fc1c149afbf4c8996fb92427ae41e4649b934ca495991b7852b855","","service_history","service","no","no","high","none","","","","","Telegram Desktop/ChatExport_2026-09-04/messages.html","#message1"
"message2","service","","no","photos/photo_1@01-09-2024_13-08-43.jpg","1","0","Психогомеопатия: Алхимия души.","e3b0c44298fc1c149afbf4c8996fb92427ae41e4649b934ca495991b7852b855","","service_history","service","no","no","high","none","","","","","Telegram Desktop/ChatExport_2026-09-04/messages.html","#message2"
"message3","service","","no","","0","0","Психогомеопатия: Алхимия души.","e3b0c44298fc1c149afbf4c8996fb92427ae41e4649b934ca495991b7852b855","","service_history","service","no","no","high","none","","","","","Telegram Desktop/ChatExport_2026-09-04/messages.html","#message3"
"message4","default","01.09.2024 13:37:42 UTC-05:00","yes","photos/photo_2@01-09-2024_13-37-42.jpg","1","0","Психогомеопатия: Алхимия души.","38cf6f6a9236ab4cfb3eaa6266ca886d2288d272e54028438a05bae5eec6b46c","ПСИХОТЕРАПИЯ У каждого человека в жизни были свои стрессы. Но есть Сила Жизни, молодости, Эроса которая толкает нас вперед, сквозь преграды и ступоры. Жизнь человека, события, успехи находятся на балансе Силы Жизни (развития) и Смерти (ступоров, блоков). В юности Сила Жизни преобладает. Далее постепенно наступает баланс, и ближе к старости побеждают страхи и","promo_admin","promo_or_boilerplate","no","no","medium","none","","","","","Telegram Desktop/ChatExport_2026-09-04/messages.html","#message4"
"message5","default","01.09.2024 13:37:42 UTC-05:00","yes","photos/photo_3@01-09-2024_13-37-42.jpg","1","0","Психогомеопатия: Алхимия души.","7d69630321b0d362caf3eff0368b12941dc139e90680b9db9fea4d19957dd33f","Типы внутренних конфликтов в психотерапии. Это заметка в первую очередь для тех, кто у меня находится в психотерапии. Она показывает те темы, личные грани, которые мы постепенно исследуем и прорабатываем. #1. Ось Близость- дистанция. Это ключевой конфликт, который закладывается в раннем детстве. Про необходимость близости и невозможность ее обрести. Небезопа","other","out_of_scope","no","no","low","none","","","","","Telegram Desktop/ChatExport_2026-09-04/messages.html","#message5"
"message6","default","01.09.2024 13:37:42 UTC-05:00","yes","photos/photo_4@01-09-2024_13-37-42.jpg","1","0","Психогомеопатия: Алхимия души.","0416215510e0853f307d964f9ec9d0d847cb335393165e8445e3d41f49a242a1","Еще один подход, на которую я опираюсь, работая с клиентами в психотерапии, - модель Бодинамики. Здесь тоже выделяется 7/8 ключевых структур. А- ранний, Б- поздний. #1. Право жить, существовать (Период беременности). Темы: безопасность, доверие, принятие, границы, пассивность, уход в себя, сверчувствительность, потребность в защите. А. Ментальные: уходят в г","other","out_of_scope","no","no","low","none","","","","","Telegram Desktop/ChatExport_2026-09-04/messages.html","#message6"
"message7","default","01.09.2024 13:37:42 UTC-05:00","yes","photos/photo_5@01-09-2024_13-37-42.jpg","1","0","Психогомеопатия: Алхимия души.","4310d2973b06059774777dbf05e8690fc23c2537586734f0467687745fc4934d","Общая модель структур личности. Я скомпоновал Модель структур психики в методе Бодинамика и ОПД, и получилась сводная модель, которая фактически является планом-структурой для терапевтической работы. Она соответствует этапам развития человека. Этап 1. БЕЗОПАСНОСТЬ. 0 лет. Это отражение опыта рождения и внутриутробного периода. Здесь мы работаем с наличием чу","other","out_of_scope","no","no","low","none","","","","","Telegram Desktop/ChatExport_2026-09-04/messages.html","#message7"
"message8","default","01.09.2024 13:37:42 UTC-05:00","yes","photos/photo_6@01-09-2024_13-37-42.jpg","1","0","Психогомеопатия: Алхимия души.","064f8089e525fadd6183b30d5837d147785d77505f677a9f905cf76650e1cac2","АЛХИМИЯ ДУШИ (подход гомеопатии). Оказалось, это очень интересный метод. Он перевернул мою работу в психотерапии С гомеопатией я давно знаком, но не работал. А недавно, зайдя в аптеку, я понял, что могу отслеживать влияние препаратов на организм. Это интересно. От одних препаратов реакции ноль, от других тяжесть, а третьи дают тонус и активацию. Много нюансо","deep_alchemical","book_04","yes","yes","medium","none","","","","","Telegram Desktop/ChatExport_2026-09-04/messages.html","#message8"
"message9","default","01.09.2024 13:37:42 UTC-05:00","yes","photos/photo_7@01-09-2024_13-37-42.jpg","1","0","Психогомеопатия: Алхимия души.","44052583e942a632dd1dc613e8c53eb005a122b41b59d0832611d64ace46fb82","Алхимия Души (+ подход натуропатии). В Бодинамике выделяется 2 типа травматизации : 1) ранняя, в начале этапа развития 2) поздняя - в конце. На раннем этапе ресурсов мало, и человек входит в позицию избегания темы. На позднем этапе ресурсов больше, человек входит в позицию борьбы за ресурс. Я расширил схему внутренних конфликтов, созданную ранее, и подобрал ","deep_alchemical","book_04","yes","yes","medium","mention_only","Teucrium","teucrium","","","Telegram Desktop/ChatExport_2026-09-04/messages.html","#message9"
"message10","default","01.09.2024 13:37:42 UTC-05:00","yes","photos/photo_8@01-09-2024_13-37-42.jpg","1","0","Психогомеопатия: Алхимия души.","e0a1666ea1b1724d2a896c6f303f1cb32e2838051e8c38375eb275dd533eb425","Алхимия души. Гомеопатия. Это очень интересно. Меня поражает, как каждый препарат очень точечно и прицельно, меняет параметры психики, связи внутри человека. Причем мгновенно! Я считаю, если добавлять гомеопатию в сеансы психотерапии, эффект растет значительно. Как я работаю в Расширенных сессиях: психотерапия + гомеопатия (в рамках одной сессии): Шаг #1. На","deep_alchemical","book_04","yes","yes","medium","none","","","","","Telegram Desktop/ChatExport_2026-09-04/messages.html","#message10"
"message11","default","01.09.2024 13:37:43 UTC-05:00","yes","photos/photo_9@01-09-2024_13-37-43.jpg","1","0","Психогомеопатия: Алхимия души.","fc9022f5260df6603b2780f04fc891407bd8daf296872e066f282f2ebf4ae33d","ЭФФЕКТИВНОСТЬ ГОМЕОПАТИИ Вопрос влияния гомеопатии на физические болезни обсуждается. А вот влияние гомеопатии на коррекцию психических состояний очень высоко. Можно эффективно регулировать глубокие внутренние стрессы, детские травмы, психосоматические заболевания, проблемы в самочувствии, конфликты отношениях, уверенность в себе и другие симптомы. Для психо","theory_method","book_01","yes","yes","medium","none","","","","","Telegram Desktop/ChatExport_2026-09-04/messages.html","#message11"
"message12","default","01.09.2024 13:37:43 UTC-05:00","yes","photos/photo_10@01-09-2024_13-37-43.jpg","1","0","Психогомеопатия: Алхимия души.","bb58766549650321a663d3beae7fe4efd62e886fb7a4b2cc2597a9d5221e628d","КЕЙС 1. Приведу пример работы с симптомом ""кожные проблемы"" в гомеопатии. Для работы с симптомами я взял подход системного моделирования, когда мы вводим 2 объекта: ""человек-симптом"" и определяем между ними связь (причину). Задача стоит очистить связь. Если нет связи - нет симптома. Связь определяет смысл, почему у человека тот или иной симптом. ПЛАН РАБОТЫ ","theory_method","book_01","yes","yes","medium","none","","","","","Telegram Desktop/ChatExport_2026-09-04/messages.html","#message12"
"message13","default","01.09.2024 13:37:43 UTC-05:00","yes","photos/photo_11@01-09-2024_13-37-43.jpg","1","0","Психогомеопатия: Алхимия души.","63c129c5f774859b6c99259635dfa5d9f08320afd10c72c7f4a50c4827f61bbb","КЕЙС 2. Приведу пример работы с запросом Усталость в гомеопатии и психотерапии. Знаете, что любопытно? Запрос один, но для разных клиентов оказались разные ситуации и решения. 1. В первом случае расстановка показала, что причина симптома- чувство безвыходности, когда клиента все хотят, что-то требуют, а он не можешь ни уйти, ни остаться. С точки зрения психо","theory_method","book_01","yes","yes","medium","mention_only","Natrum Muriaticum","natrum-muriaticum","","","Telegram Desktop/ChatExport_2026-09-04/messages.html","#message13"
"message14","default","01.09.2024 13:37:43 UTC-05:00","yes","photos/photo_12@01-09-2024_13-37-43.jpg","1","0","Психогомеопатия: Алхимия души.","8c0426683b9999ed24f6aae5f18ee6c90a8f010bee4495d8ddc1c59347ffab42","ГОМЕОПАТИЯ ДЛЯ ДЕНЕГ И БИЗНЕСА. - Гомеопатия работает с деньгами? - Конечно. Как и с любой темой. Кейс. БИЗНЕС И СОЦИУМ. Ко мне пришел запрос на работу с вопросом денег через гомеопатию. Шаг 1. Я провед анализ: поставил модель на отношения с деньгами. Оказалось, в системе к деньгам отторжение, поскольку деньги бросают вызов. А вызов страшит. Потому лучше ден","deep_alchemical","book_04","yes","yes","medium","mention_only","Lycopodium; Staphysagria","lycopodium; staphysagria; lycopodium; staphysagria","","","Telegram Desktop/ChatExport_2026-09-04/messages.html","#message14"
"message15","default","01.09.2024 13:37:43 UTC-05:00","yes","photos/photo_13@01-09-2024_13-37-43.jpg","1","0","Психогомеопатия: Алхимия души.","60e37bdd7ce76078725147513afed4f7f79db99228da2aa6c3abbb6a9f8d5b82","ДИСТАНЦИОННАЯ ГОМЕОПАТИЯ. Работа с симптомами. Такой метод существует. Так как, по сути, гомеопатия - это информация, то гомеопатические сеансы можно проводить по фото. Сегодня разбирался как повысить эффективность дистанционной гомеопатической работы. ВОПРОС: в системе ""Я-Симптом"", эффективнее гомеопатией воздействовать на Я или на симптом? Ведь это все мы.","deep_alchemical","book_04","yes","yes","medium","none","","","","","Telegram Desktop/ChatExport_2026-09-04/messages.html","#message15"
"message16","default","01.09.2024 13:37:43 UTC-05:00","yes","photos/photo_14@01-09-2024_13-37-43.jpg","1","0","Психогомеопатия: Алхимия души.","ac82e821ee5abab5faef5077f25721bc1b993fb2006eecb226b04df02574c7da","БИЗНЕС-СОПРОВОЖДЕНИЕ Активация подсознательных ресурсов и новых возможностей. Мы можем поработать с вашими бизнес- проектами, задачами. Над достижением результата. Формат работы: 1. Еженедельные личные сессии: анализ текущей ситуации, определение ключевых задач и путей их реализации. Во время сессий мы разбираем возможности и находим оптимальные решения для ","deep_alchemical","book_04","yes","yes","medium","none","","","","","Telegram Desktop/ChatExport_2026-09-04/messages.html","#message16"
"message17","default","01.09.2024 13:37:43 UTC-05:00","yes","photos/photo_15@01-09-2024_13-37-43.jpg","1","0","Психогомеопатия: Алхимия души.","81475d67737383b16012dc64d9bc68e9c1643ed96074b17a3eaa77b179af6cfb","МАНДАЛЫ, УСИН и ГОМЕОПАТИЯ. Несколько идей как усилить работу ваших мандал. #1. Мандалы мы делаем на основе арканов сефиротической традиции. Надеюсь, вы это уже умеете. Если нет, пишите, научу. #2. Усилит работу мандалы - активизация элементов Усин. Вы можете подобрать нужную стихию и внести ее символ в мандалу. По опыту, их введение еще больше фокусирует и ","deep_alchemical","book_04","yes","yes","medium","none","","","","","Telegram Desktop/ChatExport_2026-09-04/messages.html","#message17"
"message18","default","01.09.2024 13:37:43 UTC-05:00","yes","photos/photo_16@01-09-2024_13-37-43.jpg","1","0","Психогомеопатия: Алхимия души.","60663616086c71eb340607fa45674737271d05d18dda297179a3031fc827e857","Исследую эффективность гомеопатических мандал. [Работаю с клиентом по запросу энергия, тонус.] #1. Расстановка показала, причина симптома: чувство ограничения, невозможность преодалеть сковывающие обстоятельства. #2. Подбираю препарат. По идее должен работать препарат Апис (королева пчел), который не любит контроля. Но нет. Больше был активен препарат Псорин","deep_alchemical","book_04","yes","yes","medium","none","","","","","Telegram Desktop/ChatExport_2026-09-04/messages.html","#message18"
"message19","default","01.09.2024 13:37:43 UTC-05:00","yes","photos/photo_17@01-09-2024_13-37-43.jpg","1","0","Психогомеопатия: Алхимия души.","7552f49da8c0f0a4c4ef76c828145bef21563c2103734b7f7cafbf9fdde46563","Нашел любопытную статистику. Многие считают, классическая медицина эффективна, а гомеопатия нет. Но оказывается, процент эффективности препаратов обоих методов близки: - гомеопатия: 42%, - традиционная медицина 45%. Разница лишь в количестве статей. Исследования лекарств фармкомпаний спонсируются чаще. https://www.hri-research.org/resources/homeopathy-faqs/s","theory_method","book_01","yes","yes","medium","none","","","","","Telegram Desktop/ChatExport_2026-09-04/messages.html","#message19"
"message20","default","01.09.2024 13:37:43 UTC-05:00","yes","photos/photo_18@01-09-2024_13-37-43.jpg","1","0","Психогомеопатия: Алхимия души.","e3b0c44298fc1c149afbf4c8996fb92427ae41e4649b934ca495991b7852b855","","empty_or_media","empty_or_media","no","no","medium","none","","","","","Telegram Desktop/ChatExport_2026-09-04/messages.html","#message20"
"message21","default","01.09.2024 13:37:43 UTC-05:00","yes","photos/photo_19@01-09-2024_13-37-43.jpg","1","0","Психогомеопатия: Алхимия души.","8ded060614a5fa2eae402af8f74da14c86c0b3d90b67b528bee4b7fc34537818","ПОДБОР ДОЗЫ В ГОМЕОПАТИИ. - Когда я работаю симптомами тела, часто актуально низкое разведение, х30. - Для комплексных вопросов актуальна доза х200. - А вот когда мы работаем на уровне причин, эффективнее разведение х1000. В гомеопатии традиционный подход: 2-4 недели применять препарат одного типа, а потом через месяц менять. Но опыт показывает, изменения ча","deep_alchemical","book_04","yes","yes","medium","none","","","","","Telegram Desktop/ChatExport_2026-09-04/messages.html","#message21"
"message22","default","01.09.2024 13:37:43 UTC-05:00","yes","photos/photo_20@01-09-2024_13-37-43.jpg","1","0","Психогомеопатия: Алхимия души.","984f6fc827f7c9c0fc938a5122f9262a423c58baec8db9362677bbfe957f06c0","Знаете в чем мудрость гомеопатии? 1. Она подскажет, какие темы важно проработать человеку на данном этапе. Чаще всего в гомеопатии работа, как и в психотерапии, начинается с проработки ранних, внутренних конфликтов - чувство безопасности, близости и т.п. Гомеопатия не пустит в более сложные темы, пока не проработаны базовые конфликты - другие препараты прост","theory_method","book_01","yes","yes","medium","none","","","","","Telegram Desktop/ChatExport_2026-09-04/messages.html","#message22"
"message23","default","01.09.2024 13:37:43 UTC-05:00","yes","photos/photo_21@01-09-2024_13-37-43.jpg","1","0","Психогомеопатия: Алхимия души.","349fc8baa5ae7677d40f6d3b2a3fcd1f96e1de6bd84b6938ba9f3c6a41e6068c","РОСТ УВЕРЕННОСТИ с помощью гомеопатии. Здесь есть нюансы. Расскажу вам сразу на примере. Обратился ко мне клиент В. с запросом на увеличение уверенности в социальных ситуациях (друзья, работа). В чем причина? Страх мнений? Страх отвержения? Нужно уменьшать социальный стресс? А нет. Ключевую причину ситуации оказалось возможным прояснить только благодаря побо","deep_alchemical","book_04","yes","yes","medium","mention_only","Calcarea Carbonica","calcarea-carbonica","","","Telegram Desktop/ChatExport_2026-09-04/messages.html","#message23"
"message24","default","01.09.2024 13:37:43 UTC-05:00","yes","photos/photo_22@01-09-2024_13-37-43.jpg","1","0","Психогомеопатия: Алхимия души.","87f1b746f43c1bae95b7ce747e69527db75bc9d09acb232b6a92d4d2c0228982","ЛЕКАРСТВО ДЛЯ ДУШИ Если у меня спросят, есть ли лекарство для души, я могу теперь смело сказать, есть.:) И это не валерьянка, которая успокаивает и расслабляет, это не опиум, который отрывает от реальности. Есть препараты, которые, как психотерапия, уходят вглубь травмы - и исцеляют, излечивают, поддерживают вас изнутри. Они помогают перезапустить тело и душ","theory_method","book_01","yes","yes","medium","mention_only","Natrum Muriaticum; Ignatia Amara; Nitricum Acidum","natrum-muriaticum; ignatia-amara; nitricum-acidum; nitricum-acidum","","","Telegram Desktop/ChatExport_2026-09-04/messages.html","#message24"
"message25","default","01.09.2024 13:37:43 UTC-05:00","yes","photos/photo_23@01-09-2024_13-37-43.jpg","1","0","Психогомеопатия: Алхимия души.","9f286b9aecc47831e70417a6ef7df7f72c647b435215dfb4095042d1677e5a4e","КАК СВЯЗАНЫ ПСИХОТЕРАПИЯ И ГОМЕОПАТИЯ? Сейчас это два моих любых метода работы. #1. Психотерапия мягко напитывает психику человека. Бережно подсказывает ресурсные образы, чтобы пациент поверил в себя, вернул себе свой потенциал. И не только достиг целей, но и вышел на новый качественный уровень себя. #2. Гомеопатия направлена на обретение внутреннего баланса","theory_method","book_01","yes","yes","medium","none","","","","","Telegram Desktop/ChatExport_2026-09-04/messages.html","#message25"
"message26","default","01.09.2024 13:37:43 UTC-05:00","yes","photos/photo_24@01-09-2024_13-37-43.jpg","1","0","Психогомеопатия: Алхимия души.","e8c95478d9a0cc293477329df037fd6501084ef082cf98feb01fb4f5734bcdad","ПОКАЗАТЕЛИ ЭФФЕКТИВНОСТИ ГОМЕОПАТИИ 1. Важный показатель эффективности лечения - это изменение состояния пациента, степени выраженности его симптомов, страхов. 2. Но я считаю даже еще более важный фактор - это динамика изменений подходящих препаратов. Этот подход позволяет более глубоко понять, как меняются внутренние конфликты пациента и на каком уровне нах","deep_alchemical","book_04","yes","yes","medium","mention_only","Pulsatilla; Phosphoricum Acidum; Psorinum","pulsatilla; phosphoricum-acidum; psorinum; phosphoricum-acidum; psorinum","","","Telegram Desktop/ChatExport_2026-09-04/messages.html","#message26"
"message27","default","01.09.2024 13:37:43 UTC-05:00","yes","photos/photo_25@01-09-2024_13-37-43.jpg","1","0","Психогомеопатия: Алхимия души.","a420387eaff2abfa82089129aa7621d24d8053915f5091260dec3508a5e60746","ВОПРОС: В ГОМЕОПАТИИ НУЖНО ПИТЬ ТАБЛЕТКИ? ОТВЕТ: это можно, но не обязательно. На консультации я помогу вам проявить ключевую причину ваших сложностей, (внутренний конфликт). ВАРИАНТ 1. Я подберу и назначу препараты, чтобы помочь вам выйти из сложного процесса. ВАРИАНТ 2. Вместо преобретения гомеопатии, я могу сделать для вас мандалу на нужный препарат. Манд","deep_alchemical","book_04","yes","yes","medium","none","","","","","Telegram Desktop/ChatExport_2026-09-04/messages.html","#message27"
"message28","default","01.09.2024 13:37:44 UTC-05:00","yes","photos/photo_26@01-09-2024_13-37-44.jpg","1","0","Психогомеопатия: Алхимия души.","966c8d4db73624c2c6c2e258bea991d479948b6cb12e3806b77908c768349a21","ОБНОВЛЕНИЕ. Я обновил принцип создания гомеопатических мандал. - Если раньше я их делал на взрослую часть человека, для ее усиления. - Сейчас я составляю мандалы более прицельно, на нужные субличности, которые испытывают ступоры, которым нехватает ресурса. РЕЗУЛЬТАТ. 1. Первый подход (усиления взрослой части) приводил к повышению уверенности и потери интерес","deep_alchemical","book_04","yes","yes","medium","none","","","","","Telegram Desktop/ChatExport_2026-09-04/messages.html","#message28"
"message31","default","01.09.2024 13:37:44 UTC-05:00","yes","photos/photo_27@01-09-2024_13-37-44.jpg","1","0","Психогомеопатия: Алхимия души.","2d7399af30332edf253486e13855d7e7947640bfee1e7e4d9e0d7be64e5a7aea","Красивое высокогорное растение - Аконит. Ядовитое. Еще оно называется Борец, Царь-трава, черный корень, черное зелье. В греческой мифологии связан с Гераклом - отражает слюну Цербера, выскочившего из Царства Аида. Воины натирали им наконечники стрел в охоте. Аконит проявляет архетип Стража. В гомеотерапии он используется при острых состояниях, боль, шок, исп","deep_alchemical","book_04","yes","yes","medium","none","","","","","Telegram Desktop/ChatExport_2026-09-04/messages.html","#message31"
"message33","service","","no","","0","0","Психогомеопатия: Алхимия души.","e3b0c44298fc1c149afbf4c8996fb92427ae41e4649b934ca495991b7852b855","","service_history","service","no","no","high","none","","","","","Telegram Desktop/ChatExport_2026-09-04/messages.html","#message33"
"message34","default","01.09.2024 13:38:55 UTC-05:00","yes","photos/photo_28@01-09-2024_13-38-55.jpg","1","0","Психогомеопатия: Алхимия души.","cea1cfbefcd3b1601b562bc6d71a6f9bfd445cf6b2784247b2aad663948d562c","ВОПРОС: КАК БЫСТРО РАБОТАЕТ МАГИЧЕСКАЯ ГОМЕОПАТИЯ? ОТВЕТ: по моим наблюдениям, изменения происходят в течении недели. Может занять несколько недель, если случай более хронический. ПРИВЕДУ ПРИМЕР. Работаю с пациентом Н. Жалоба: слабость, бессилие, неверие в будущее. Диагностика показала смысл симптома: потребность в заботе. Подошли препараты: 1. Базового уров","deep_alchemical","book_04","yes","yes","medium","mention_only","Pulsatilla; Psorinum; Aconitum","pulsatilla; psorinum; psorinum; aconitum","","","Telegram Desktop/ChatExport_2026-09-04/messages.html","#message34"
"message35","default","01.09.2024 13:39:13 UTC-05:00","yes","photos/photo_29@01-09-2024_13-39-13.jpg","1","0","Психогомеопатия: Алхимия души.","35fec0d71ad944fb2feb86e8eead51ceb0f0c3f8f65d26f6a7c99a814fcee263","ГОМЕОПАТИЯ И АЛХИМИЯ Гомеопатия — по сути это современная алхимия. Цель алхимии — трансформация материи и духа в золото. Это символ совершенства, вершины развития. Цель гомеопатии так же, трансформация души и тела для обретения внутренней гармонии. И алхимики и гомеопаты подбирают вещества- катализаторы (""философский камень"") для преобразования материи и пси","deep_alchemical","book_04","yes","yes","medium","mention_only","Aurum metallicum","aurum-metallicum","","","Telegram Desktop/ChatExport_2026-09-04/messages.html","#message35"
"message36","default","01.09.2024 23:01:22 UTC-05:00","no","photos/photo_30@01-09-2024_23-01-22.jpg","1","0","Психогомеопатия: Алхимия души.","8ce4e7c492543bd937a7b6444094d70eeae543f79f026f97888bf4348bdf8ae3","Препараты Х-рей, Северный Полюс Для меня каждый день открытие, когда я занимаюсь гомеопатией. Сегодня узнал, что препараты в гомеопатии бывают не только из минералов/ растений/ животных. Препараты изготавливают прямо из излучения!) Например, - Есть препарат Х-рэй. Он изготавливается из рентгеновского излучения! - Как? - Заряжают излучением носитель/ спирт, а","deep_alchemical","book_04","yes","yes","medium","none","","","","","Telegram Desktop/ChatExport_2026-09-04/messages.html","#message36"
"message-2","service","","no","","0","0","Психогомеопатия: Алхимия души.","e3b0c44298fc1c149afbf4c8996fb92427ae41e4649b934ca495991b7852b855","","service_history","service","no","no","high","none","","","","","Telegram Desktop/ChatExport_2026-09-04/messages.html","#message-2"
"message37","default","02.09.2024 17:39:42 UTC-05:00","no","photos/photo_31@02-09-2024_17-39-42.jpg","1","0","Психогомеопатия: Алхимия души.","618460599033c355c34d4152b0619bdacc9fd4ffb69a7f6d13a2a859bf6d9028","Исследовал работу с золотом (препарат Аурум в гомеопатии). В психотерапии выделяют ключевые архетипы: отец и мать. В гомеопатии для проработки отношений с отцом используется препарат Аурум (золото). Этот препарат отвечает за достоинство, уверенность, личную ценность. Увеличивает спокойствие и силу. Но любопытно было еще раз убедиться, что с золота преждеврем","remedy_card","book_02","yes","yes","high","full_card","Aurum metallicum","aurum-metallicum","message37","","Telegram Desktop/ChatExport_2026-09-04/messages.html","#message37"
"message38","default","02.09.2024 20:46:36 UTC-05:00","no","photos/photo_32@02-09-2024_20-46-36.jpg","1","0","Психогомеопатия: Алхимия души.","01038e88f7b8222c686a2bb1f7aeebb6079a5850ab89a4b0667f557c1ce9b8f4","КЕЙС. УВЕРЕННОСТЬ. Работал с клиентом ""В"" по запросу уверенность. На первой сессии он пришел, в состоянии волка, который за забором следит за ягнятами. Хочется проявиться, но страшно перепрыгнуть забор. Ок. Я подобрал прераты, которые отвечают за страх реальности, страх изменений. Плюс, сделал мандалу. Через неделю он приходит на вторую сессию - заходит как ","deep_alchemical","book_04","yes","yes","medium","mention_only","Nitricum Acidum","nitricum-acidum; nitricum-acidum","","","Telegram Desktop/ChatExport_2026-09-04/messages.html","#message38"
"message-3","service","","no","","0","0","Психогомеопатия: Алхимия души.","e3b0c44298fc1c149afbf4c8996fb92427ae41e4649b934ca495991b7852b855","","service_history","service","no","no","high","none","","","","","Telegram Desktop/ChatExport_2026-09-04/messages.html","#message-3"
"message41","default","03.09.2024 18:08:01 UTC-05:00","no","photos/photo_33@03-09-2024_18-08-01.jpg","1","0","Психогомеопатия: Алхимия души.","00c0deee73da41ef823ffb29d0aaa3e4abe52b476cb0ef4f3a84f554fe50c9c3","Знаете что меня удивляет в гомеотерапии? Как быстро и четко меняется подходящий пациенту препарат! Врачи говорят, принимать гомеопатию нужно несколько недель. Но в большинстве случаев, что я наблюдаю, хватает 7 дней. При том что я работаю с пациентами дистанционно, по фото, без приема препаратов. Это невозможно делать по учебнику. Это нужно чувствовать! 🙏 С","theory_method","book_01","yes","yes","medium","none","","","","","Telegram Desktop/ChatExport_2026-09-04/messages.html","#message41"
"message42","default","03.09.2024 22:32:44 UTC-05:00","no","photos/photo_34@03-09-2024_22-32-44.jpg","1","0","Психогомеопатия: Алхимия души.","ae81b27cc3f9bbb65f1327e72b8cf36e0c40596872af3bdc6200a9ff7d206207","ЗАМЕТКИ О РАБОТЕ. Вектор перехода между препаратами гомеотерапии часто соответствуют этапам проживания травмы. ПРИВЕДУ ПРИМЕР. Кейс. Работаю с усталостью, бессилием. #1. На первой сессии подходит более всего препарат Phosphoricum Acidum - который отражает состояние безнадежности, аппатии, бессилия. #2. На второй сессии клиент приходит уже с энтузиазмом в гла","theory_method","book_01","yes","yes","medium","mention_only","Ignatia Amara; Pulsatilla; Phosphoricum Acidum","ignatia-amara; pulsatilla; phosphoricum-acidum; phosphoricum-acidum","","","Telegram Desktop/ChatExport_2026-09-04/messages.html","#message42"
"message-4","service","","no","","0","0","Психогомеопатия: Алхимия души.","e3b0c44298fc1c149afbf4c8996fb92427ae41e4649b934ca495991b7852b855","","service_history","service","no","no","high","none","","","","","Telegram Desktop/ChatExport_2026-09-04/messages.html","#message-4"
"message43","default","04.09.2024 08:39:24 UTC-05:00","no","photos/photo_35@04-09-2024_08-39-24.jpg","1","0","Психогомеопатия: Алхимия души.","e1222b0776287e17b8ac141a5b28b604b4a78ed87312c2c50712446f4e3d1da7","Многие говорят: ""Я не доверяю гомеопатии."" Скажу вам честно, я тоже ей всегда не доверял. Раньше я принимал препараты, но не отслеживал эффект. И лишь недавно, перебирая препараты, я понял, что всё дело в резонансе. Я начал исследовать. Если удается подобрать резонанс, эффект колоссальный. Человек обновляется за пару дней. Но резонанс нужно уметь уловить. Ин","theory_method","book_01","yes","yes","medium","none","","","","","Telegram Desktop/ChatExport_2026-09-04/messages.html","#message43"
"message-5","service","","no","","0","0","Психогомеопатия: Алхимия души.","e3b0c44298fc1c149afbf4c8996fb92427ae41e4649b934ca495991b7852b855","","service_history","service","no","no","high","none","","","","","Telegram Desktop/ChatExport_2026-09-04/messages.html","#message-5"
"message45","default","05.09.2024 14:20:42 UTC-05:00","no","","0","0","Психогомеопатия: Алхимия души.","a6a14f8c8dbe5e91c8e5021c7710fa3417a3806d85c833195c3d9e779cfc6c24","PDF-методичка. Я собрал свои последние заметки по гомеотерапии, сделал методичку и отсортировал. Здесь секреты и особенности работы этого метода. Его эффективность меня поражает и воодушевляет. Можно скачать ее по ссылке. По всем вопросам пишите: t.me/andytherapist Основной паблик: @arche_therapy","other","out_of_scope","no","no","low","none","","","","","Telegram Desktop/ChatExport_2026-09-04/messages.html","#message45"
"message-6","service","","no","","0","0","Психогомеопатия: Алхимия души.","e3b0c44298fc1c149afbf4c8996fb92427ae41e4649b934ca495991b7852b855","","service_history","service","no","no","high","none","","","","","Telegram Desktop/ChatExport_2026-09-04/messages.html","#message-6"
"message46","default","06.09.2024 17:28:21 UTC-05:00","no","photos/photo_36@06-09-2024_17-28-21.jpg","1","0","Психогомеопатия: Алхимия души.","698ded9da74bff50e3c968588753db630d0befdb7634c3c9504b9ac64967bf3d","ВОПРОС: Гомеопатия дает временный или постоянный эффект? ОТВЕТ: в этом-то и есть прелесть гомеопатии, что она задает не временную поддержку, а развитие личности! Каждый препарат отшлифовывает как душевные, так и физические аспекты человека. И эти изменения сохраняются. Особенность моего подхода в том, что я рассматриваю гомеопатию как инструмент в первую оче","theory_method","book_01","yes","yes","medium","none","","","","","Telegram Desktop/ChatExport_2026-09-04/messages.html","#message46"
"message-7","service","","no","","0","0","Психогомеопатия: Алхимия души.","e3b0c44298fc1c149afbf4c8996fb92427ae41e4649b934ca495991b7852b855","","service_history","service","no","no","high","none","","","","","Telegram Desktop/ChatExport_2026-09-04/messages.html","#message-7"
"message47","default","07.09.2024 12:36:16 UTC-05:00","no","photos/photo_37@07-09-2024_12-36-16.jpg","1","0","Психогомеопатия: Алхимия души.","bc0460f0aaac37bc4a21fe10b39030db63cbfeb2c0ddb28614600b6b9d1770c7","КЕЙС. Продолжаю работать с клиентом по теме уверенности. Прошла неделя. Чувствую, клиент изменился. Клиент тоже говорит, я вырос. Препараты нужно менять. Заходит клиент уверенный, занимает уже почти все пространство комнаты, как Трамп, но спокойный, молчаливый. Смотрю его модель: Уверенность уже вышла с 20% на 80%, за 3 недели/ сессии. Очень хорошо. Есть тол","subpersonality","book_03","yes","yes","medium","mention_only","Staphysagria; Aconitum","staphysagria; staphysagria; aconitum","","","Telegram Desktop/ChatExport_2026-09-04/messages.html","#message47"
"message48","default","07.09.2024 13:03:54 UTC-05:00","no","photos/photo_38@07-09-2024_13-03-54.jpg","1","0","Психогомеопатия: Алхимия души.","9797c14dd7c623cd12d669ba64e223d7f5e869eb8bd23c9d976dd336bb32115f","КЕЙС. Пришел запрос от актера из столицы поработать с темой голоса. Шаг #1. Диагностика. Система показала, смысл симптома - страх отвержения. Страх не получить признание создает симптом. Шаг #2. Подбор препаратов Оказались эффективны - psorinum: страх отвержения - pulsatilla: желание любви и заботы - aconitum: страх потери контроля. Это просто потрясающе и о","theory_method","book_01","yes","yes","medium","mention_only","Pulsatilla; Psorinum; Aconitum","pulsatilla; psorinum; psorinum; aconitum","","","Telegram Desktop/ChatExport_2026-09-04/messages.html","#message48"
"message49","default","07.09.2024 13:53:33 UTC-05:00","no","photos/photo_39@07-09-2024_13-53-33.jpg","1","0","Психогомеопатия: Алхимия души.","82a7ad60d7f6033bd73efa5ae165a4ff754375ef0e5f26dd393b29f0dc8f2073","Расскажу вам про один интересный препарат - Natrum Muriaticum По сути, это виврация простой соли. Соль имеет эффект ссушивания. Этот препарат хорошо помогает, когда человек ""иссыхается изнутри"". Эффективен при чувствах cплина, грусти, ненужности, покинутости. Препарат помогает нащупать ""соль своей глубинной грусти"", ее утолить и растворить. При работе с этим","remedy_card","book_02","yes","yes","high","full_card","Natrum Muriaticum","natrum-muriaticum","message49","","Telegram Desktop/ChatExport_2026-09-04/messages.html","#message49"
"message50","service","","no","","0","0","Психогомеопатия: Алхимия души.","e3b0c44298fc1c149afbf4c8996fb92427ae41e4649b934ca495991b7852b855","","service_history","service","no","no","high","none","","","","","Telegram Desktop/ChatExport_2026-09-04/messages.html","#message50"
"message51","default","07.09.2024 13:57:24 UTC-05:00","no","photos/photo_40@07-09-2024_13-57-24.jpg","1","0","Психогомеопатия: Алхимия души.","4f64a30a5132cbbc004a28c15054a1509351e41e838e27b6fb5d5ee8f52f9fde","ВОПРОС: как ты чувствуешь, в гомеопатия это не плацебо? ОТВЕТ: с точки зрения коррекции психических состояний гомеопатия дает колоссальный эффект! Моя уникальность в том, что я сразу же отслеживаю эффект воздействия нужного препарата на человека. Система связей внутри человека меняется молниеносно, если подобрать нужный препарат. Внутренняя грусть сменяется ","theory_method","book_01","yes","yes","medium","none","","","","","Telegram Desktop/ChatExport_2026-09-04/messages.html","#message51"
"message-8","service","","no","","0","0","Психогомеопатия: Алхимия души.","e3b0c44298fc1c149afbf4c8996fb92427ae41e4649b934ca495991b7852b855","","service_history","service","no","no","high","none","","","","","Telegram Desktop/ChatExport_2026-09-04/messages.html","#message-8"
"message54","default","08.09.2024 15:54:00 UTC-05:00","no","photos/photo_41@08-09-2024_15-54-00.jpg","1","0","Психогомеопатия: Алхимия души.","37eade329e14e014f70c398b71c2560b94413c0d0f4d0a0d5ffafe4cd6226a8a","Расскажу про еще один препарат в гомеопатии — Ignatia Amara. Это препарат из ядовитого кустарника, произрастающего на Филиппинах, Strychnos ignatii, названного в честь Игнатия Лойолы, основателя ордена иезуитов. Плоды этого растения содержат яды, вызывающие мышечные спазмы, нервозность, эмоциональную нестабильность и раздражительность. __ Интересно, что имен","remedy_card","book_02","yes","yes","high","full_card","Ignatia Amara","ignatia-amara","message54","","Telegram Desktop/ChatExport_2026-09-04/messages.html","#message54"
"message55","default","08.09.2024 22:34:24 UTC-05:00","no","","0","0","Психогомеопатия: Алхимия души.","030b744907e785161210aabb1576043f7a20333cf01eac205c2409f2dc8f4fa0","МЕДИЦИНА И ГОМЕОПАТИЯ Мне иногда говорят: медицина лучше гомеопатии. Если быстрое решение - да. А если основательное - нет. 1. Классическая медицина прекрасно лечит симптомы. Но медицина не лечит причину болезней, психосоматику! А основные болезни от нервов. 2. Психотерапия лечит психосоматику. Я в этом специализируюсь. Мне есть с чем сравнить. - Психотерапи","theory_method","book_01","yes","yes","medium","none","","","","","Telegram Desktop/ChatExport_2026-09-04/messages.html","#message55"
"message-9","service","","no","","0","0","Психогомеопатия: Алхимия души.","e3b0c44298fc1c149afbf4c8996fb92427ae41e4649b934ca495991b7852b855","","service_history","service","no","no","high","none","","","","","Telegram Desktop/ChatExport_2026-09-04/messages.html","#message-9"
"message56","default","09.09.2024 09:43:02 UTC-05:00","no","photos/photo_42@09-09-2024_09-43-02.jpg","1","0","Психогомеопатия: Алхимия души.","68ccd5330a1ba0e8d0fc6262ebd2f841fc0bf8dd1e524cbe5cd60267f30fd2a0","Как проходит сессия гомеотерапии? - Сеанс длится примерно полчаса. Консультация 1. В начале сессии я провожу расстановку (моделирование), чтобы определить смысл и причину вашей ситуации, симптома или трудности. 2. Подбираю для вас через расстановки гомеопатические препараты, которые наиболее актуальны в данный момент, исходя из принципа психического резонанс","deep_alchemical","book_04","yes","yes","medium","none","","","","","Telegram Desktop/ChatExport_2026-09-04/messages.html","#message56"
"message57","default","09.09.2024 13:35:41 UTC-05:00","no","photos/photo_43@09-09-2024_13-35-41.jpg","1","0","Психогомеопатия: Алхимия души.","567ac1c51dcfa914c96a2ba15124282c3e5eda0bccfb8e5dd63130db84bb6f0a","О ДУШЕВНОЙ БОЛИ Иногда бывает состояние, хочется спрятаться в норку, никого не слышать. Не хочется ни с кем общаться. Потому что это опасно. Отвергнут, обесценят. И эта боль разрывает. Неумолимо грустно и хочется контакта. И этот контакт очень опасен. Остается только молчать, плакать, грустить и никому не показывать свои чувства. Остается только глубинное од","theory_method","book_01","yes","yes","medium","mention_only","Natrum Muriaticum","natrum-muriaticum","","","Telegram Desktop/ChatExport_2026-09-04/messages.html","#message57"
"message60","default","09.09.2024 21:15:29 UTC-05:00","no","","0","0","Психогомеопатия: Алхимия души.","c4fb0ae9850b4cc13e1c0bb1e18e3e3481b36dd5deb91667890c1df3169922a6","Я посмотрел свое расписание. Реально, у меня пока еще свободное время осталось только: - Среда, 17.00 по Киеву/ мск - Четверг; 17.00 или 18.00 - Пятница, 21.00 - Суббота вечер. Все остальное время уже занято. Смогу взять в работу всего пару человек. Кому надо, пишите.) @andytherapist","promo_admin","promo_or_boilerplate","no","no","medium","none","","","","","Telegram Desktop/ChatExport_2026-09-04/messages.html","#message60"
"message-10","service","","no","","0","0","Психогомеопатия: Алхимия души.","e3b0c44298fc1c149afbf4c8996fb92427ae41e4649b934ca495991b7852b855","","service_history","service","no","no","high","none","","","","","Telegram Desktop/ChatExport_2026-09-04/messages.html","#message-10"
"message63","default","11.09.2024 08:56:17 UTC-05:00","no","photos/photo_44@11-09-2024_08-56-17.jpg","1","0","Психогомеопатия: Алхимия души.","5dd9e9242bdc88749ff5543d96e247c5b90596db5e148af91599f01b0f0d57cd","ВОПРОС: гомеопатия - это таблетки? ОТВЕТ: не совсем. Да, гомеопатия это лечение, но в первую очередь лечение души (чувств, страхов, печалей). Цели гомеопатии: #1. Активация сил жизни. #2. Лечение тела и души. #3. Развитие личности, достижение внутреннего баланса. #4. Достижение целей, благополучия в делах, бизнесе, любви - через снятие внутренних блоков. При","theory_method","book_01","yes","yes","medium","none","","","","","Telegram Desktop/ChatExport_2026-09-04/messages.html","#message63"
"message65","default","11.09.2024 18:33:38 UTC-05:00","no","photos/photo_45@11-09-2024_18-33-38.jpg","1","0","Психогомеопатия: Алхимия души.","9f09f664d2690afa29899f931db259496634f588c84ccb17ccd80bec56af5e15","ВОПРОС: в консультацию входит расстановка? ОТВЕТ: да. Мои сессии начинаются с блиц- расстановки, чтобы понять в чем проблема и оценить те изменения, которые произошли за неделю. На сессиях я провожу двойную диагностику вашей ситуации: через расстановки и гомеопатию. #1. Расстановка показывает, что сейчас у вас происходит, в чем смысл и причина ситуации. Напр","theory_method","book_01","yes","yes","medium","none","","","","","Telegram Desktop/ChatExport_2026-09-04/messages.html","#message65"
"message66","default","11.09.2024 21:26:26 UTC-05:00","no","photos/photo_46@11-09-2024_21-26-26.jpg","1","0","Психогомеопатия: Алхимия души.","2da63aba2bdfa0acab3b896d241dd14ab23737d408d17d6683dd8112a9c17f3c","Что каждый раз удивляет меня в работе с гомеопатией — это как быстро меняются подходящие препараты. Когда находишь верный препарат, это ощущается словно жаждущий в пустыне, наконец, находит воду, как сильное притяжение магнитов. Энергетика человека моментально впитывает необходимое качество. Если подобран нужный ключ, энергетика человека расцветает — появляе","theory_method","book_01","yes","yes","medium","none","","","","","Telegram Desktop/ChatExport_2026-09-04/messages.html","#message66"
"message67","default","11.09.2024 22:10:59 UTC-05:00","no","photos/photo_47@11-09-2024_22-10-59.jpg","1","0","Психогомеопатия: Алхимия души.","3dcdfecb51877d133cff2a8123209402188fe64688a2963ad5cab1b4362130c2","Еще пример. Клиент обратился с запросом, связанным с чувством бессилия, ненужности и одиночества. На первом этапе ему лучше всего подошли следующие препараты: - Natrum Muriaticum (""человек с разбитым сердцем""), - Nitricum Acidum (""обиженный""). Эти препараты оставались актуальными в течение трех недель. За этот период произошли заметные изменения в его поведе","theory_method","book_01","yes","yes","medium","mention_only","Natrum Muriaticum; Nitricum Acidum; Medorrhinum","natrum-muriaticum; nitricum-acidum; nitricum-acidum; medorrhinum","","","Telegram Desktop/ChatExport_2026-09-04/messages.html","#message67"
"message-11","service","","no","","0","0","Психогомеопатия: Алхимия души.","e3b0c44298fc1c149afbf4c8996fb92427ae41e4649b934ca495991b7852b855","","service_history","service","no","no","high","none","","","","","Telegram Desktop/ChatExport_2026-09-04/messages.html","#message-11"
"message68","default","12.09.2024 07:55:54 UTC-05:00","no","photos/photo_48@12-09-2024_07-55-54.jpg","1","0","Психогомеопатия: Алхимия души.","73ec06b33c5c712e480446591c140c9a35f8a8f38e4dcb8306f2878ce26c628b","ВОПРОС: это похоже на магию. Но человек должен сам прожить свои проблемы! ОТВЕТ: да, это выглядит как магия. Я, как психотерапевт, помимо гомеопатии, веду клиентов в образной психотерапии. Психотерапия дает мягкую поддержку, чтобы клиент сам понял, прожил свои истории. Это глубоко. Но это месяцы и годы работы. Если мы начинаем корректно работать через гомеоп","theory_method","book_01","yes","yes","medium","mention_only","Apis","apis","","","Telegram Desktop/ChatExport_2026-09-04/messages.html","#message68"
"message70","default","12.09.2024 19:14:04 UTC-05:00","no","photos/photo_49@12-09-2024_19-14-04.jpg","1","0","Психогомеопатия: Алхимия души.","ddaeb5fec93e6c840b808cadf54672d1746ed94006bcc7dc4a11607499c168a9","Шпанская мушка (Препарат Cantharis). Шпанская мушка - легендарный афродизиак, который использовался до 20 века. Маркиз де Сад использовал его в своих оргиях. Многие представители высшего света добавляли его в сладости. Но вещество в избытке поражает слизистые и вызывает жжение. Так Казанова погубил нескольких возлюбленных. А семейство Борджиа этим ядом устра","remedy_card","book_02","yes","yes","high","full_card","Cantharis","cantharis","message70","","Telegram Desktop/ChatExport_2026-09-04/messages.html","#message70"
"message72","default","12.09.2024 19:50:38 UTC-05:00","no","photos/photo_50@12-09-2024_19-50-38.jpg","1","0","Психогомеопатия: Алхимия души.","59d6ffbbcb7636d9bc2ee178928fef99204633ef9f737f7e58b75459e9b6a17c","Я немного усовершенствовал схему работы с задачами через гомеопрепараты. Сейчас я * подбираю препарат, который более всего соответствует внутренней проблеме/ задаче, * подкачиваю дистанционно вас нужным препаратом по фото, * добавляю мандалу, деревянный или железный носитель для закрепления сигнала, * и добавляю кристаллы. Наличие кристаллов еще на несколько","deep_alchemical","book_04","yes","yes","medium","none","","","","","Telegram Desktop/ChatExport_2026-09-04/messages.html","#message72"
"message73","default","12.09.2024 19:50:38 UTC-05:00","no","photos/photo_51@12-09-2024_19-50-38.jpg","1","0","Психогомеопатия: Алхимия души.","e3b0c44298fc1c149afbf4c8996fb92427ae41e4649b934ca495991b7852b855","","empty_or_media","empty_or_media","no","no","medium","none","","","","","Telegram Desktop/ChatExport_2026-09-04/messages.html","#message73"
"message-12","service","","no","","0","0","Психогомеопатия: Алхимия души.","e3b0c44298fc1c149afbf4c8996fb92427ae41e4649b934ca495991b7852b855","","service_history","service","no","no","high","none","","","","","Telegram Desktop/ChatExport_2026-09-04/messages.html","#message-12"
"message74","default","13.09.2024 09:40:01 UTC-05:00","no","photos/photo_52@13-09-2024_09-40-01.jpg","1","0","Психогомеопатия: Алхимия души.","ca8ba4a3360ad239ee77da2375057282e83580427577f5b12c8bc02e32ec0221","КЕЙС. УВЕРЕННОСТЬ. Работал с клиентом ""В"" по запросу уверенность. 1. На первой сессии он пришел, в состоянии волка, который за забором следит за ягнятами. Хочется проявиться, но страшно перепрыгнуть забор. Ок. Я подобрал препаты, которые отвечают за страх реальности, страх изменений. Плюс, сделал мандалу. 2. Через неделю он приходит на вторую сессию - заходи","deep_alchemical","book_04","yes","yes","medium","none","","","","","Telegram Desktop/ChatExport_2026-09-04/messages.html","#message74"
"message75","default","13.09.2024 09:58:03 UTC-05:00","no","photos/photo_53@13-09-2024_09-58-03.jpg","1","0","Психогомеопатия: Алхимия души.","a76edff206ba8cdaa8217bfdeb49767be142c4987863c4229260bdbb6dd8eaed","Пробная сессия по системной гомеопатии Что вас ждет: - Экспресс-диагностика ситуации с выявлением причин блокировок и скрытых возможностей. - Подбор индивидуального гомеопатического препарата, который принесет наибольшую пользу. Формат: дистанционный (без звонка). Вам нужно лишь заполнить анкету и отправить свое фото — это сэкономит ваше время. Результат: ау","theory_method","book_01","yes","yes","medium","none","","","","","Telegram Desktop/ChatExport_2026-09-04/messages.html","#message75"
"message-13","service","","no","","0","0","Психогомеопатия: Алхимия души.","e3b0c44298fc1c149afbf4c8996fb92427ae41e4649b934ca495991b7852b855","","service_history","service","no","no","high","none","","","","","Telegram Desktop/ChatExport_2026-09-04/messages.html","#message-13"
"message76","default","14.09.2024 09:22:53 UTC-05:00","no","photos/photo_54@14-09-2024_09-22-53.jpg","1","0","Психогомеопатия: Алхимия души.","344bc43790b2b45142495bc0c97b0b6502ca426634d5d2b8dd49c70b2b1878b5","Пример. Работаю с клиентом, актером по запросу ""сила голоса"". На первой сессии более актуальна была тема ""страх отвержения, ненужности"". Я поработал препаратами гомеопатии: Psorinum, Aconitum. И этот страх ушел за неделю. Эта тема стала не актуальна. На второй недели более актуальны стали другие аспекты, которые влияют на силу голоса: чувство защищенности, с","theory_method","book_01","yes","yes","medium","mention_only","Calcarea Carbonica; Lycopodium; Psorinum; Aconitum","calcarea-carbonica; lycopodium; psorinum; lycopodium; psorinum; aconitum","","","Telegram Desktop/ChatExport_2026-09-04/messages.html","#message76"
"message-14","service","","no","","0","0","Психогомеопатия: Алхимия души.","e3b0c44298fc1c149afbf4c8996fb92427ae41e4649b934ca495991b7852b855","","service_history","service","no","no","high","none","","","","","Telegram Desktop/ChatExport_2026-09-04/messages.html","#message-14"
"message78","default","16.09.2024 09:04:35 UTC-05:00","no","photos/photo_55@16-09-2024_09-04-35.jpg","1","0","Психогомеопатия: Алхимия души.","577326f31a5a2bdad0d2ebaf2ad8fdd050eb0750f09236a4c1707fddb236828f","СОПРОВОЖДЕНИЕ. В последнее время я считаю, что больше эффект проявляется не от разовых сессий, а от целостного сопровождения к цели в течении месяца. Есть несколько форматов работы. Выбирайте, который вам ближе. #1. ПСИХОТЕРАПИЯ Цели: Развитие личной силы, зрелости, работа со стрессом, психосоматикой. 1.1. Личный прием. 4 сессии терапии по 50 мин. 50 eur/ се","deep_alchemical","book_04","yes","yes","medium","none","","","","","Telegram Desktop/ChatExport_2026-09-04/messages.html","#message78"
"message79","default","16.09.2024 09:04:58 UTC-05:00","no","photos/photo_56@16-09-2024_09-04-58.jpg","1","0","Психогомеопатия: Алхимия души.","a181548fc148a3bbd7c9cba31cdf1bb0ca22f429b30026a84ed4f8598b45628c","ДИСТАНЦИОННАЯ РАБОТА В ГОМЕОПАТИИ. Для каждого препарата должно пройти определенное время насыщения. Сначала в работе мы расчищаем более легкие симптомы, и постепенно приходим к более глубоким, где требуется больше внимания-концентрации. Как усилить эффект воздействия в дистанционной коррекции? #1. Распечатать фотографии препаратов, мандалу, свое фото. Разме","deep_alchemical","book_04","yes","yes","medium","none","","","","","Telegram Desktop/ChatExport_2026-09-04/messages.html","#message79"
"message-15","service","","no","","0","0","Психогомеопатия: Алхимия души.","e3b0c44298fc1c149afbf4c8996fb92427ae41e4649b934ca495991b7852b855","","service_history","service","no","no","high","none","","","","","Telegram Desktop/ChatExport_2026-09-04/messages.html","#message-15"
"message80","default","17.09.2024 18:29:37 UTC-05:00","no","photos/photo_57@17-09-2024_18-29-37.jpg","1","0","Психогомеопатия: Алхимия души.","583135fd020a984985244bb52f66368c68e2c1feef3b05af3dc43d971fb08a24","Пример. Работаю с клиентом по симптому больные ноги (подагра, воспаление суставов). Медицина особо не лечит этот вопрос. Заходим через гомеопатию. 1. СМЫСЛ СИМПТОМА: раздражение миром. Раздражение, когда тебя не принимают, не ценят. Не хочется взаимодействовать с миром, ходить. Симптом нужен, чтобы злиться. Он позволяет проявлять свою злость. 2. РЕШЕНИЯ В ГО","subpersonality","book_03","yes","yes","medium","mention_only","Ignatia Amara; Urtica Urens; Lycopodium","ignatia-amara; urtica-urens; lycopodium; lycopodium","","","Telegram Desktop/ChatExport_2026-09-04/messages.html","#message80"
"message-16","service","","no","","0","0","Психогомеопатия: Алхимия души.","e3b0c44298fc1c149afbf4c8996fb92427ae41e4649b934ca495991b7852b855","","service_history","service","no","no","high","none","","","","","Telegram Desktop/ChatExport_2026-09-04/messages.html","#message-16"
"message81","default","18.09.2024 06:35:45 UTC-05:00","no","photos/photo_58@18-09-2024_06-35-45.jpg","1","0","Психогомеопатия: Алхимия души.","61e56435a40127d9b5094cc496699a000a57909c3a8f525f9de19525e246ad45","Алхимия Души - это слияние магии жизни, гомеопатии и внутренней трансформации. Шагните в мир, где ваши глубинные страхи растворяются, ваши ограничения исчезают, и истинное предназначение раскрывается. С помощью точно калиброванных микродоз ядов, растений и минералов, Алхимия Души запускает мощные изменения в сознании и теле. Это элитная гомеопатическая «инфо","deep_alchemical","book_04","yes","yes","medium","none","","","","","Telegram Desktop/ChatExport_2026-09-04/messages.html","#message81"
"message82","default","18.09.2024 21:41:10 UTC-05:00","no","","0","0","Психогомеопатия: Алхимия души.","22c0606e3cca88b01b901af5de8f9d5a475167b211119d33cbaa57af6ca22289","1. Мой путь к гомеопатии. 1.1. Личная интерес к альтернативным методам. Уже более 20 лет, преподавая студентам психо-технологии развития, я нахожусь в исследовании технологий, которые раскрывают потенциалы бессознательного. Детально я изучал гипноз, психотерапию, расстановки, магические и шаманские технологии. Но я всегда стороной обходил гомеопатию, считая ","deep_alchemical","book_04","yes","yes","medium","none","","","","","Telegram Desktop/ChatExport_2026-09-04/messages.html","#message82"
"message83","default","18.09.2024 23:10:11 UTC-05:00","no","photos/photo_59@18-09-2024_23-10-11.jpg","1","0","Психогомеопатия: Алхимия души.","533838ce202c517712f020c848b3e6ccd1e2d3d0035e4cdb8d98be949920303e","2. Принципы гомеопатии. Гомеопатия — это мощный метод лечения, который не просто маскирует симптомы, а помогает организму естественным путём восстанавливаться. Это система, основанная на трёх принципах: закон подобия, динамизация и потенцирование. #1. Закон подобия Главная принцип гомеопатии ""подобное лечит подобное"". Это означает, что вещество, которое вызы","theory_method","book_01","yes","yes","medium","none","","","","","Telegram Desktop/ChatExport_2026-09-04/messages.html","#message83"
"message84","default","18.09.2024 23:15:32 UTC-05:00","no","photos/photo_60@18-09-2024_23-15-32.jpg","1","0","Психогомеопатия: Алхимия души.","12a1d483adcf5fc24d99ae2dc52e7744be23c3ad988623ed4ef9ac3de9a9cab8","3. Гомеопатия: мифы и правда. 3.1. История гомеопатии Гомеопатия, созданная Самуэлем Ганеманом в XVIII веке, изначально стремилась к тому, чтобы лечить людей более мягкими, но мощными способами. Этот подход уже более 200 лет доказывает свою эффективность в разных странах. Гомеопатия не вызывает побочных эффектов и работает с причиной заболевания, а не только","theory_method","book_01","yes","yes","medium","none","","","","","Telegram Desktop/ChatExport_2026-09-04/messages.html","#message84"
"message85","default","18.09.2024 23:18:48 UTC-05:00","no","photos/photo_61@18-09-2024_23-18-48.jpg","1","0","Психогомеопатия: Алхимия души.","ae22c828cc9b44dd5566ad018a442b314cf302b159ccbb09f167f71fa5a271bb","3.3. Возможности и ограничения гомеопатии * Когда эффективна гомеопатия? - Здоровье, психосоматика. Гомеопатия помогает при хронических заболеваниях. Эффект заключается в том, что гомеопатия не устраняет симптомы, а лечит саму причину. - Эмоциональные вопросы. Гомеопатия помогает справляться с тревогой, стрессом и депрессией. - Развитие личности. Через сняти","theory_method","book_01","yes","yes","medium","none","","","","","Telegram Desktop/ChatExport_2026-09-04/messages.html","#message85"
"message87","default","18.09.2024 23:40:50 UTC-05:00","no","photos/photo_62@18-09-2024_23-40-50.jpg","1","0","Психогомеопатия: Алхимия души.","e7759a4bb1af0803a540d031bcb04f40781f5241e5f7296c1d89be7db29e87ca","3.2. Популярные мифы о гомеопатии. Миф 1: ""Гомеопатия — это плацебо"" Многие считают, что гомеопатия действует только потому, что люди верят в её эффективность. Но как тогда объяснить случаи, когда гомеопатия помогает детям или животным, которые не могут верить в лекарство? Или как объяснить улучшение в экспериментах, где ни пациент, ни врач не знают, что наз","theory_method","book_01","yes","yes","medium","mention_only","Arnica","arnica; arnica","","","Telegram Desktop/ChatExport_2026-09-04/messages.html","#message87"
"message-17","service","","no","","0","0","Психогомеопатия: Алхимия души.","e3b0c44298fc1c149afbf4c8996fb92427ae41e4649b934ca495991b7852b855","","service_history","service","no","no","high","none","","","","","Telegram Desktop/ChatExport_2026-09-04/messages.html","#message-17"
"message89","default","19.09.2024 07:57:36 UTC-05:00","no","photos/photo_63@19-09-2024_07-57-36.jpg","1","0","Психогомеопатия: Алхимия души.","ce4564076110b6d53042f5b0e00d7e4e80ccd2fe95543549156277470a3e926c","3. Интеграция с другими методами. 3.1. Гомеопатия и расстановки. * Ценность расстановок в том, что они: - находят корень проблемы - позволяют увидеть скрытые причины, которые влияют на ситуацию. - показывают, что и как можно изменить. Хотя расстановки дают важные осознания, эффект может быть временными без дальнейшего закрепления. * Гомеопатия: - Принимая пр","theory_method","book_01","yes","yes","medium","none","","","","","Telegram Desktop/ChatExport_2026-09-04/messages.html","#message89"
"message90","default","19.09.2024 08:09:01 UTC-05:00","no","photos/photo_64@19-09-2024_08-09-01.jpg","1","0","Психогомеопатия: Алхимия души.","5b7e68108039d366a100cf6e9da111640a44f43d61c8efbb3b3b977df68b2e45","3.2. Гомеопатия и психотерапия * Ценность Психотерапии - в стратегическом взгляде на развитие личности. Модели психотерапии подсказывают на каком этапе развития человека возникли ступоры и как их исправить. Это отлично дополняет подход гомеопатии, предлагая более развернутую картину и стратегический план коррекции. * Гомеопатия закрепляет результаты психотер","theory_method","book_01","yes","yes","medium","none","","","","","Telegram Desktop/ChatExport_2026-09-04/messages.html","#message90"
"message91","default","19.09.2024 08:57:51 UTC-05:00","no","photos/photo_65@19-09-2024_08-57-51.jpg","1","0","Психогомеопатия: Алхимия души.","4d6e47a90db6c0a92c98620e5bdee78558f26e0d268dea806a7ac96eaf07df6b","3.3. Гомеопатия и алхимия * Алхимия дает потрясающий дополнительный ресурс. Мы активируем силу природных элементов (кристаллы), мандалы, ресурсы сефиротики и Древних Традиций, усиливая воздействие. Алхимия закрепляет воздействие на ментальном уровне, делая результат более устойчивым.","deep_alchemical","book_04","yes","yes","medium","none","","","","","Telegram Desktop/ChatExport_2026-09-04/messages.html","#message91"
"message92","default","19.09.2024 09:32:16 UTC-05:00","no","photos/photo_66@19-09-2024_09-32-16.jpg","1","0","Психогомеопатия: Алхимия души.","71fb2fc9031051333bb4c2e7f607f8194a655f463debc9bd29c99b90362a2973","4: Как я работаю в этом методе Мой подход Алхимия души. объединяет гомеопатию, расстановки и алхимию. 1. Системные расстановки. Отслеживают процесс изменений и выявляют, на чем важно сосредоточиться в данный момент. 2. Гомеопатия. Проводит коррекцию на разные уровни организма, помогая гармонизировать тело и психику. 3. Алхимия. Задает точечное воздействие, ф","deep_alchemical","book_04","yes","yes","medium","none","","","","","Telegram Desktop/ChatExport_2026-09-04/messages.html","#message92"
"message93","default","19.09.2024 10:42:26 UTC-05:00","no","photos/photo_67@19-09-2024_10-42-26.jpg","1","0","Психогомеопатия: Алхимия души.","b4e0f3d2164c059eefb88e7386326ddc94e475aff1d96232217f143b3684388b","Шаг 1. Экспресс-анализ. Диагностика через расстановку. / Извините за повтор, я поясняю процедуру тем, кто со мной еще не работал. Можно продиагностировать любую тему: - деньги, - отношения, - процессы в бизнесе, - здоровье, - причины симптомов, - перспективы в будущем и т.п. Расстановки показывают, какие у вас есть желания, какие ступоры, причину сложностей ","subpersonality","book_03","yes","yes","medium","none","","","","","Telegram Desktop/ChatExport_2026-09-04/messages.html","#message93"
"message94","default","19.09.2024 10:58:58 UTC-05:00","no","photos/photo_68@19-09-2024_10-58-58.jpg","1","0","Психогомеопатия: Алхимия души.","0db498125fbe1dda4c3bcec4e2a10104c6d42baa37e88d51546e1effa20b07ee","4.3. Шаг 2. Консультация. Подбор препаратов. Особенность 2го шага в том, что гомеопатия позволяет четче увидеть корень проблемы. - Расстановки нам показывают вектор, источник проблем. - А гомеопатия подсказывает глубину проблемы, на каком уровне она находится (тело/ эмоции/ психика). Через поле системных расстановок я подбираю те препараты, которые будут эфф","theory_method","book_01","yes","yes","medium","none","","","","","Telegram Desktop/ChatExport_2026-09-04/messages.html","#message94"
"message95","default","19.09.2024 11:15:32 UTC-05:00","no","photos/photo_69@19-09-2024_11-15-32.jpg","1","0","Психогомеопатия: Алхимия души.","ffd02f9b95b64373fc481fbe693e70a0a0d5e4fc05275df319eb48bcc8d2f12f","4.4. Шаг 3. Сопровождение, 7 дней. Есть 2 варианта на выбор: - купить самому препараты или - заказать у меня дистанционное гомеопатическое сопровождение. #1. Купить препарат можно а любой гомеопатической аптеке и принимать по 5 гранул 2 раза в день. #2. Дистанционное воздействие препаратом по фото. Я для вас делаю фото с препаратами, которое надо распечатать","theory_method","book_01","yes","yes","medium","none","","","","","Telegram Desktop/ChatExport_2026-09-04/messages.html","#message95"
"message96","default","19.09.2024 11:35:56 UTC-05:00","no","photos/photo_70@19-09-2024_11-35-56.jpg","1","0","Психогомеопатия: Алхимия души.","095a0892f0b1315453ab8328cc9d01e98c2fe2aef52f203fe508ae2a013c5aa0","4.5. Шаг 4. Расширенное сопровождение (по желанию). Чтобы усилить эффект, можно добавить некоторые инструменты алхимии: 1) Воздействие кристаллами на гомеопатические препараты, что усилит эффект их работы; 2) Создание сефиротических мандал позволит более точечно направить на вас нужное воздействие препаратов и укрепит нужные вам качества, 3) Воздействие Арте","deep_alchemical","book_04","yes","yes","medium","none","","","","","Telegram Desktop/ChatExport_2026-09-04/messages.html","#message96"
"message97","default","19.09.2024 12:05:15 UTC-05:00","no","photos/photo_71@19-09-2024_12-05-15.jpg","1","0","Психогомеопатия: Алхимия души.","f2a37501a663ce0ad1374253e832c0e10f1ce4509d5107eff949100ec0a992e2","Шаг 5. Терапия (по желанию). Личные сессии с психотерапевтом помогут интегрировать изменения от гомеопатии в реальную жизнь. Я провожу и рекомендую следующие форматы: #1. Образная психотерапия - подходит для укрепления целостности и силы личности. #2. Мистерии и архетипические расстановки: полезны для встраивания необходимых новых навыков и качеств. - Гомеоп","subpersonality","book_03","yes","yes","medium","none","","","","","Telegram Desktop/ChatExport_2026-09-04/messages.html","#message97"
"message-18","service","","no","","0","0","Психогомеопатия: Алхимия души.","e3b0c44298fc1c149afbf4c8996fb92427ae41e4649b934ca495991b7852b855","","service_history","service","no","no","high","none","","","","","Telegram Desktop/ChatExport_2026-09-04/messages.html","#message-18"
"message98","default","20.09.2024 08:54:36 UTC-05:00","no","photos/photo_72@20-09-2024_08-54-36.jpg","1","0","Психогомеопатия: Алхимия души.","b3ec9a8b0a15ee5af55f3601965c3ca13f8e28a5f0bd2e317290d259282d9504","Знаете, что мне нравится при работе через гомеопатию? Результаты закрепляются. И они быстрые. ПРИВЕДУ ПРИМЕР. Работаю с новым клиентом по запросу личная проявленность, внимание и поддержка инвесторов. 1. В первую неделю состояние клиента было похоже на звонкую овечку. Бодро, хочу идти вперед, но я ничего не решаю, хочу, чтобы меня пригласили, полюбили. 2. По","subpersonality","book_03","yes","yes","medium","mention_only","Gelsemium; Pulsatilla; Calcarea Carbonica","gelsemium; pulsatilla; calcarea-carbonica","","","Telegram Desktop/ChatExport_2026-09-04/messages.html","#message98"
"message99","default","20.09.2024 08:57:45 UTC-05:00","no","photos/photo_73@20-09-2024_08-57-45.jpg","1","0","Психогомеопатия: Алхимия души.","6b92e2355f31ebde893c7390a1d082ce023488e19a51a856fb70821b734bbf09","СКОРОСТЬ РАБОТЫ ГОМЕОПАТИИ. Хорошо подобранные препараты запускают устойчивое изменение в течении недели. Но скорость изменений зависит от здоровья и силы личности. - Если состояние стабильное, перемены идут каждую неделю, за месяц вопрос решается. - Если состояние более хроническое, скорость процессов может быть в несколько раз медленнее. В таких случаях мо","deep_alchemical","book_04","yes","yes","medium","none","","","","","Telegram Desktop/ChatExport_2026-09-04/messages.html","#message99"
"message101","default","20.09.2024 21:15:04 UTC-05:00","no","","0","0","Психогомеопатия: Алхимия души.","149de78dbbb42390819b7f80c913a7554e4fb4137b096dcb754065a12734f793","Всем привет! Я подготовил методичку по методу «Алхимия Души», где вы узнаете, как сочетание гомеопатии, алхимии, расстановок дает интересный результаты для развития качеств личности, решения проблем со здоровьем, личной силой, любовью, уверенностью, карьерой. В методичке представлены реальные кейсы клиентов. ПОДАРОК: Только в октябре: Индивидуальная дистанци","deep_alchemical","book_04","yes","yes","medium","none","","","","","Telegram Desktop/ChatExport_2026-09-04/messages.html","#message101"
"message-19","service","","no","","0","0","Психогомеопатия: Алхимия души.","e3b0c44298fc1c149afbf4c8996fb92427ae41e4649b934ca495991b7852b855","","service_history","service","no","no","high","none","","","","","Telegram Desktop/ChatExport_2026-09-04/messages.html","#message-19"
"message102","service","","no","","0","0","Психогомеопатия: Алхимия души.","e3b0c44298fc1c149afbf4c8996fb92427ae41e4649b934ca495991b7852b855","","service_history","service","no","no","high","none","","","","","Telegram Desktop/ChatExport_2026-09-04/messages.html","#message102"
"message-20","service","","no","","0","0","Психогомеопатия: Алхимия души.","e3b0c44298fc1c149afbf4c8996fb92427ae41e4649b934ca495991b7852b855","","service_history","service","no","no","high","none","","","","","Telegram Desktop/ChatExport_2026-09-04/messages.html","#message-20"
"message106","default","22.09.2024 12:34:01 UTC-05:00","no","","0","0","Психогомеопатия: Алхимия души.","35ecdd9a051de17bda352f4a057e0d577af51b8939a96180d7b24099f618b848","Гомеопатия - потрясающий метод, который позволяет сделать систематизацию и отражение многих психических явлений и принципов метафизики. Я приведу список направлений и авторов, которые рассматривали гомеопатию через призму своих направлений терапии. 1. Юнгианская психология и архетипы: Жан-Пьер Галле, Георгий Витулкас, Филипп Бейли. 2. Астрология и архетипы: ","deep_alchemical","book_04","yes","yes","medium","none","","","","","Telegram Desktop/ChatExport_2026-09-04/messages.html","#message106"
"message-21","service","","no","","0","0","Психогомеопатия: Алхимия души.","e3b0c44298fc1c149afbf4c8996fb92427ae41e4649b934ca495991b7852b855","","service_history","service","no","no","high","none","","","","","Telegram Desktop/ChatExport_2026-09-04/messages.html","#message-21"
"message107","default","23.09.2024 13:33:55 UTC-05:00","no","photos/photo_74@23-09-2024_13-33-55.jpg","1","0","Психогомеопатия: Алхимия души.","2feb08b07b878d04707b185e285634a1e39da5b23ad3501461376a31985c557e","Расскажу, чем отличается форматы работы: Базовый, Основной, Полный, Расширенный. #1. БАЗОВЫЙ ФОРМАТ: - это дистанционная работа. Я провожу: 1) диагностику вашей ситуации, причину проблемы, способы решения, 2) провожу анализ и подбор гомеопатических препаратов специально для вас, через поле расстановок 3) составляю отчет, назначение и рекомендации 4) провожу ","theory_method","book_01","yes","yes","medium","none","","","","","Telegram Desktop/ChatExport_2026-09-04/messages.html","#message107"
"message-22","service","","no","","0","0","Психогомеопатия: Алхимия души.","e3b0c44298fc1c149afbf4c8996fb92427ae41e4649b934ca495991b7852b855","","service_history","service","no","no","high","none","","","","","Telegram Desktop/ChatExport_2026-09-04/messages.html","#message-22"
"message108","default","24.09.2024 09:31:20 UTC-05:00","no","photos/photo_75@24-09-2024_09-31-20.jpg","1","0","Психогомеопатия: Алхимия души.","c260e1d31375e752a884b5cce24130ee8f3c0d57d38ee241b358f9eaea69af69","Работаю с новым препаратом Stramonium. Он изготовляется из Белены (дурман обыкновенный). Его применяют при симптомах страха. Для пациентов, со страхами и вспышками подавленной агрессии, потрясающе сильное воздействие. Препарат собирает человека вместе, дает опору. STRAMONIUM. Белена, дурман обыкновенный (шальная трава, бодяк, дурье-зелье, див-дерево). Ацтеки","subpersonality","book_03","yes","yes","medium","none","","","","","Telegram Desktop/ChatExport_2026-09-04/messages.html","#message108"
"message109","default","24.09.2024 09:31:55 UTC-05:00","no","photos/photo_76@24-09-2024_09-31-55.jpg","1","0","Психогомеопатия: Алхимия души.","e3b0c44298fc1c149afbf4c8996fb92427ae41e4649b934ca495991b7852b855","","empty_or_media","empty_or_media","no","no","medium","none","","","","","Telegram Desktop/ChatExport_2026-09-04/messages.html","#message109"
"message110","default","24.09.2024 09:31:55 UTC-05:00","no","photos/photo_77@24-09-2024_09-31-55.jpg","1","0","Психогомеопатия: Алхимия души.","e3b0c44298fc1c149afbf4c8996fb92427ae41e4649b934ca495991b7852b855","","empty_or_media","empty_or_media","no","no","medium","none","","","","","Telegram Desktop/ChatExport_2026-09-04/messages.html","#message110"
"message-23","service","","no","","0","0","Психогомеопатия: Алхимия души.","e3b0c44298fc1c149afbf4c8996fb92427ae41e4649b934ca495991b7852b855","","service_history","service","no","no","high","none","","","","","Telegram Desktop/ChatExport_2026-09-04/messages.html","#message-23"
"message112","default","25.09.2024 16:47:01 UTC-05:00","no","photos/photo_78@25-09-2024_16-47-01.jpg","1","0","Психогомеопатия: Алхимия души.","75b22a2b2f9c8a07477e31c70ad402ecb56d8fd47bc9720be2afbd7d7371aea1","Осваиваю работу нового интересного препарата - OPIUM. Он отлично работает для повышения мощности и активности сознания! - Препарат Opium 200 усиливает плотность мыслеформ, активность мышления, работоспособность. - Препарат Opium 1k усиливает концентрацию мышления, четкость, собранность. Справка. Opium в гомеопатии * Применяют при: - сонливости, вялости, - от","remedy_card","book_02","yes","yes","high","full_card","Opium","opium","message112","","Telegram Desktop/ChatExport_2026-09-04/messages.html","#message112"
"message-24","service","","no","","0","0","Психогомеопатия: Алхимия души.","e3b0c44298fc1c149afbf4c8996fb92427ae41e4649b934ca495991b7852b855","","service_history","service","no","no","high","none","","","","","Telegram Desktop/ChatExport_2026-09-04/messages.html","#message-24"
"message113","default","26.09.2024 20:41:07 UTC-05:00","no","photos/photo_79@26-09-2024_20-41-07.jpg","1","0","Психогомеопатия: Алхимия души.","904a314fb9bc0ee24e334883fb6e67bd7adcce27ea51d7e7900461fca9ed69bf","Препарат Sulphur (сера). Имеет интересный эффект. Он стабилизирует, когда все кипит внутри. Особенно мысли. Полезен, когда внутри и снаружи хаос, беспорядок. Когда хочется большего, а это не получается. Когда человек живет в голове, в мыслях, тревогах. Sulphur помогает в стабилизации. Как сода гасит известь. А так же активизирует человека при аппатии и бесси","remedy_card","book_02","yes","yes","high","full_card","Sulphur","sulphur","message113","","Telegram Desktop/ChatExport_2026-09-04/messages.html","#message113"
"message-25","service","","no","","0","0","Психогомеопатия: Алхимия души.","e3b0c44298fc1c149afbf4c8996fb92427ae41e4649b934ca495991b7852b855","","service_history","service","no","no","high","none","","","","","Telegram Desktop/ChatExport_2026-09-04/messages.html","#message-25"
"message114","default","27.09.2024 08:46:07 UTC-05:00","no","photos/photo_80@27-09-2024_08-46-07.jpg","1","0","Психогомеопатия: Алхимия души.","b43b3b299840ce70be925402b41dc3bddcd8a128eedb338caf8d3db8fe47ed09","ШОКОВАЯ ТРАВМА. Терапия и гомеопатия. В вопросах работы с клиентами в психотерапии я специализируюсь на темах шоковых ""травм развития"", психосоматики и бизнес-психологии. 1. ТРАВМЫ РАЗВИТИЯ Это стрессы, которые возникают в раннем детстве и влияют на формирование качеств личности. Они определяют уровень вашей уверенности, силы. Влияют на мотивацию, страхи и а","remedy_card","book_02","yes","yes","high","full_card","Baryta Carbonica","baryta-carbonica","message114","","Telegram Desktop/ChatExport_2026-09-04/messages.html","#message114"
"message-26","service","","no","","0","0","Психогомеопатия: Алхимия души.","e3b0c44298fc1c149afbf4c8996fb92427ae41e4649b934ca495991b7852b855","","service_history","service","no","no","high","none","","","","","Telegram Desktop/ChatExport_2026-09-04/messages.html","#message-26"
"message115","default","29.09.2024 10:54:51 UTC-05:00","no","photos/photo_81@29-09-2024_10-54-51.jpg","1","0","Психогомеопатия: Алхимия души.","bb42cc9ffde9094dee0638256e69a897affe0ed7497a59fe268c13c79adeb99f","Я сейчас занят вопросом подбора и исследования препаратов, которые повышают - силу и активность мышления - ясность мышления - плотность ментального тела - количество энергии сознания. Что интересно, для работы на уровне тонких ментальных тел для начала важно проработать базовые внутренние конфликты (уверенность, сила, любовь, страх и т.п.). Они формируют фун","theory_method","book_01","yes","yes","medium","none","","","","","Telegram Desktop/ChatExport_2026-09-04/messages.html","#message115"
"message-27","service","","no","","0","0","Психогомеопатия: Алхимия души.","e3b0c44298fc1c149afbf4c8996fb92427ae41e4649b934ca495991b7852b855","","service_history","service","no","no","high","none","","","","","Telegram Desktop/ChatExport_2026-09-04/messages.html","#message-27"
"message116","default","30.09.2024 00:04:25 UTC-05:00","no","","0","0","Психогомеопатия: Алхимия души.","20f1d96b48ee441f13859b4b575580679cb23ecd455014080acf8366aac6d343","ГОМЕОПАТИЯ И РАССТАНОВКИ Приведу пример, как они сочетаются. Сегодня я работал с новым клиентом на запрос достижения бизнес-цели. #1. ДИАГНОСТИКА через расстановки. Клиент говорит одно про цель. Через поле системы я нахожу реальную Большую, стратегическую цель. Расстановка показывает, что клиент хочет, но боится. Шаг вперед-два назад. #2. КОРРЕКЦИЯ ЧЕРЕЗ РАС","theory_method","book_01","yes","yes","medium","none","","","","","Telegram Desktop/ChatExport_2026-09-04/messages.html","#message116"
"message117","default","30.09.2024 16:40:36 UTC-05:00","no","photos/photo_82@30-09-2024_16-40-36.jpg","1","0","Психогомеопатия: Алхимия души.","432df3b11449a69cbcc453bb2aa775ca4a821697174ec3c061dc1f2c8430d299","* Гомеопатия и психотерапия. Работая с клиентами, я вижу как эти методы хорошо сочетаются. * Если для личностного роста, терапии не хватает ресурса - гомеопатия дает потрясающий толчок вперед. Я бы сказал, неделя гомеопатической поддержки может быть подобна 4м сессиям в психотерапии. А иногда гомеопатия дает кардинальный скачок, на что может потребоваться ме","theory_method","book_01","yes","yes","medium","none","","","","","Telegram Desktop/ChatExport_2026-09-04/messages.html","#message117"
"message118","default","30.09.2024 21:04:31 UTC-05:00","no","photos/photo_83@30-09-2024_21-04-31.jpg","1","0","Психогомеопатия: Алхимия души.","3196e596ddb591845008209a1aaea702642288cdf9dc27fb9f0ad3821cdabfc6","САКРАЛЬНАЯ ГОМЕОПАТИЯ. В гомеопатии я начал новый сектор исследований. Сейчас я изучаю работу препаратов, которые расширяют и активизируют сознание. В первую очередь можно выделить группу препаратов на основании наркотических веществ. Эффект в гомеопатии часто противоположный наркотикам. Если наркотики отрывают голову от земли, то гомеопатические препараты н","theory_method","book_01","yes","yes","medium","mention_only","Opium","opium","","","Telegram Desktop/ChatExport_2026-09-04/messages.html","#message118"
"message-28","service","","no","","0","0","Психогомеопатия: Алхимия души.","e3b0c44298fc1c149afbf4c8996fb92427ae41e4649b934ca495991b7852b855","","service_history","service","no","no","high","none","","","","","Telegram Desktop/ChatExport_2026-09-04/messages.html","#message-28"
"message120","default","02.10.2024 00:00:30 UTC-05:00","no","photos/photo_84@02-10-2024_00-00-30.jpg","1","0","Психогомеопатия: Алхимия души.","6db42ca9319f73cd24499541626eef3a45e0be995a35b7d50ebacbf0283469c2","Мне нравится, как работает системная гомеопатия. За 4 сессии человек меняется. Обретает спокойствие, опору, силу, решительность. Первые 2 сессии снимаются ключевые текущие симптомы. И потом на последующих сессиях мы выходим на уровень работы с сутью, личностью и личной силой человека. Так что вы за месяц можете качественно перепрощить себя, свое состояние че","theory_method","book_01","yes","yes","medium","none","","","","","Telegram Desktop/ChatExport_2026-09-04/messages.html","#message120"
"message-29","service","","no","","0","0","Психогомеопатия: Алхимия души.","e3b0c44298fc1c149afbf4c8996fb92427ae41e4649b934ca495991b7852b855","","service_history","service","no","no","high","none","","","","","Telegram Desktop/ChatExport_2026-09-04/messages.html","#message-29"
"message123","default","07.10.2024 23:03:49 UTC-05:00","no","photos/photo_85@07-10-2024_23-03-49.jpg","1","0","Психогомеопатия: Алхимия души.","2b1b8c8b0f7db1f84bb82fda46cc67f7a52d9b850e04de06afd052b5f8942c20","РЕЗОНАНС В ГОМЕОПАТИИ Продолжаю исследовать работу метода. Знаете, что интересно, помимо резонанса между препаратом и человеком, нужен еще резонанс между препаратами. Иначе это будет ощущаться как радио с включенными параллельно разными передачами. И будет мешать процессу. Такое встречается не так часто, но я встречал случаи, когда - для начала необходимо пр","theory_method","book_01","yes","yes","medium","mention_only","Pulsatilla; Arnica","pulsatilla; arnica; arnica","","","Telegram Desktop/ChatExport_2026-09-04/messages.html","#message123"
"message-30","service","","no","","0","0","Психогомеопатия: Алхимия души.","e3b0c44298fc1c149afbf4c8996fb92427ae41e4649b934ca495991b7852b855","","service_history","service","no","no","high","none","","","","","Telegram Desktop/ChatExport_2026-09-04/messages.html","#message-30"
"message124","default","10.10.2024 10:34:46 UTC-05:00","no","","0","0","Психогомеопатия: Алхимия души.","e095419180af4e19f831bb52f62d326c83aa37566fe3dc286409d8c6fc573e64","Привет. Сделал для вас методичку о принципах работы Системной гомеопатии. Это интересный метод, который обьединяет системные расстановки, алхимию и гомеопатию. Такой комплексный подход позволяет за неделю достигать значимых изменений в личности (внутренняя уверенность, спокойствие, сила) и в отношениях. Скачать методичку в Pdf можно по ссылке у нас в группе:","deep_alchemical","book_04","yes","yes","medium","none","","","","","Telegram Desktop/ChatExport_2026-09-04/messages.html","#message124"
"message-31","service","","no","","0","0","Психогомеопатия: Алхимия души.","e3b0c44298fc1c149afbf4c8996fb92427ae41e4649b934ca495991b7852b855","","service_history","service","no","no","high","none","","","","","Telegram Desktop/ChatExport_2026-09-04/messages.html","#message-31"
"message126","default","13.10.2024 07:52:23 UTC-05:00","no","photos/photo_86@13-10-2024_07-52-23.jpg","1","0","Психогомеопатия: Алхимия души.","9a09d0d9eab6b33e28dd3fe0419b3483a594a6cfe5af7f3d494d3c434bef1cb5","Гомеопатия - это спортзал для психики. Этот метод наращивает психическую массу. Давайте я расскажу, как энергетически ощущается работа препаратов. Шаг 1. Подбор препарата. На подавляющий спектр препаратов энергетика человека не реагирует. Они ощущаются как песок. Но в некоторых случаях, включается резонанс. Это похоже на то, как слипаются магниты, или зажига","theory_method","book_01","yes","yes","medium","none","","","","","Telegram Desktop/ChatExport_2026-09-04/messages.html","#message126"
"message-32","service","","no","","0","0","Психогомеопатия: Алхимия души.","e3b0c44298fc1c149afbf4c8996fb92427ae41e4649b934ca495991b7852b855","","service_history","service","no","no","high","none","","","","","Telegram Desktop/ChatExport_2026-09-04/messages.html","#message-32"
"message127","default","15.10.2024 00:35:38 UTC-05:00","no","photos/photo_87@15-10-2024_00-35-38.jpg","1","0","Психогомеопатия: Алхимия души.","4ac69cd9a61c993f9d38e09d996cfa2ec3806e2e9ec60bb490ea737233fd4c01","Магия и психотерапия. Развивать магические навыки, строить ""Крутые замки"" до небес интересно. Но на слабом фундаменте может не быть долгосрочного эффекта от замка. Чем сильнее маг, тем страшнее его тараканы ;) У меня иногда спрашивают, почему энергопрактики имеют слабый эффект? Человек как мячик. - Он бывает крепкий, надутый. Тогда даже небольшой импульс дае","deep_alchemical","book_04","yes","yes","medium","none","","","","","Telegram Desktop/ChatExport_2026-09-04/messages.html","#message127"
"message-33","service","","no","","0","0","Психогомеопатия: Алхимия души.","e3b0c44298fc1c149afbf4c8996fb92427ae41e4649b934ca495991b7852b855","","service_history","service","no","no","high","none","","","","","Telegram Desktop/ChatExport_2026-09-04/messages.html","#message-33"
"message128","default","17.10.2024 22:59:23 UTC-05:00","no","photos/photo_88@17-10-2024_22-59-23.jpg","1","0","Психогомеопатия: Алхимия души.","47eb36807efb830859c8c72763a423da2f8fe3b9070e79299b93e6266d145a4e","Baryta Carbonica (карбонат бария). #препараты #гомеопатия В последнее время я достаточно часто назначаю этот препарат пациентам, проходящим у меня психотерапию. Препарат оказался очень эффективен для проработки ранних травм детства. Он хорошо помогает при симптомах: - социальная тревожность, - застенчивость, - инфантильность, - потребность в защите. Препарат","theory_method","book_01","yes","yes","medium","mention_only","Baryta Carbonica","baryta-carbonica","","","Telegram Desktop/ChatExport_2026-09-04/messages.html","#message128"
"message-34","service","","no","","0","0","Психогомеопатия: Алхимия души.","e3b0c44298fc1c149afbf4c8996fb92427ae41e4649b934ca495991b7852b855","","service_history","service","no","no","high","none","","","","","Telegram Desktop/ChatExport_2026-09-04/messages.html","#message-34"
"message129","default","22.10.2024 17:12:00 UTC-05:00","no","photos/photo_89@22-10-2024_17-12-00.jpg","1","0","Психогомеопатия: Алхимия души.","1e16b86f512443945c9afa7b5071ded87fc026de559ae6fcb94def49e191096e","СУБЛИЧНОСТИ В ГОМЕОПАТИИ. Работа через субличности повышает эффективность коррекции. Так мы можем четко выделить нужную информационную программу, которую нужно скорректировать. На первом этапе работы в гомеопатии я поддерживаю человека в целом. Снимаю ключевые стрессы, которые мешают двигаться вперед. На этом этапе работы постепенно состояние выравнивается, ","subpersonality","book_03","yes","yes","medium","none","","","","","Telegram Desktop/ChatExport_2026-09-04/messages.html","#message129"
"message130","default","22.10.2024 17:28:35 UTC-05:00","no","photos/photo_90@22-10-2024_17-28-35.jpg","1","0","Психогомеопатия: Алхимия души.","ad255301d81075dbe5186b789d12e1ec208c838788cfdd6523fa88590f31432e","РАБОТА С СУБЛИЧНОСТЯМИ ЧЕРЕЗ ГОМЕОПАТИЮ. Этот метод распространен и в шаманизме (возврат частей души) и в психотерапии. Но такая работа часто имеет абстрактный характер. Я нашел способ как сделать эту работу максимально конкретной и измеримой. Расскажу как это делаю я. 1. Диагностика. Для начала субличность надо выделить. Часто это яркая программа, установка","deep_alchemical","book_04","yes","yes","medium","none","","","","","Telegram Desktop/ChatExport_2026-09-04/messages.html","#message130"
"message-35","service","","no","","0","0","Психогомеопатия: Алхимия души.","e3b0c44298fc1c149afbf4c8996fb92427ae41e4649b934ca495991b7852b855","","service_history","service","no","no","high","none","","","","","Telegram Desktop/ChatExport_2026-09-04/messages.html","#message-35"
"message132","default","24.10.2024 19:15:15 UTC-05:00","no","photos/photo_91@24-10-2024_19-15-15.jpg","1","0","Психогомеопатия: Алхимия души.","fa3757f5dc7e676ef06064a806216b2ec10bdb2ec7d0385852bb90271faabbe4","Baryta Carbonica. Интересный препарат. Его обычно назначают людям со стрессами на ранних этапах психического или физического развития. Я отслеживаю, что он может быть очень полезен в рамках психотерапии, когда мы прокачиваем детские истории. Baryta Carbonica добавляет внутренней массивности и некоторой замедленности. Этот препарат подкачивает структуру лично","subpersonality","book_03","yes","yes","medium","mention_only","Baryta Carbonica","baryta-carbonica","","","Telegram Desktop/ChatExport_2026-09-04/messages.html","#message132"
"message-36","service","","no","","0","0","Психогомеопатия: Алхимия души.","e3b0c44298fc1c149afbf4c8996fb92427ae41e4649b934ca495991b7852b855","","service_history","service","no","no","high","none","","","","","Telegram Desktop/ChatExport_2026-09-04/messages.html","#message-36"
"message133","default","26.10.2024 20:58:05 UTC-05:00","no","photos/photo_92@26-10-2024_20-58-05.jpg","1","0","Психогомеопатия: Алхимия души.","11d73e826fb617d7348d7217201c0b8f5d1cc364218f5a53257c26da1a9c582e","Расскажу как я работаю с вопросами любви и душевными травмами в гомеопатии на примере своей новой пациентки. Пришла она в расстроенных чувствах. И с отсутствием веры в любовь и отношения. Пока было 2 сессии СЕССИЯ 1. - На первой сессии диагностика показала, что есть душевная травма, которая заставляет вести себя с самоуверенностью и пренебрежением к мужчинам","theory_method","book_01","yes","yes","medium","mention_only","Ignatia Amara; Arnica; Sepia","ignatia-amara; arnica; sepia; arnica; sepia","","","Telegram Desktop/ChatExport_2026-09-04/messages.html","#message133"
"message-37","service","","no","","0","0","Психогомеопатия: Алхимия души.","e3b0c44298fc1c149afbf4c8996fb92427ae41e4649b934ca495991b7852b855","","service_history","service","no","no","high","none","","","","","Telegram Desktop/ChatExport_2026-09-04/messages.html","#message-37"
"message134","default","28.10.2024 16:46:56 UTC-05:00","no","photos/photo_93@28-10-2024_16-46-56.jpg","1","0","Психогомеопатия: Алхимия души.","9b94db420e4962fb2705c2265f53bf76bb328e76df54e9cb5b832419d0457438","Urtica Urens - препарат на основе энергии крапивы. Архетип: Огненный Страж, Чувствительный Борец. Символика: Препарат воплощает защиту от вторжения — «колючий» барьер, охраняющий личные границы. Urtica Urens помогает при воспалениях, как физических, так и психических. Психические воспаления: помогает, когда нарушаются границы личного пространства. Чувствител","remedy_card","book_02","yes","yes","high","full_card","Urtica Urens","urtica-urens","message134","","Telegram Desktop/ChatExport_2026-09-04/messages.html","#message134"
"message-38","service","","no","","0","0","Психогомеопатия: Алхимия души.","e3b0c44298fc1c149afbf4c8996fb92427ae41e4649b934ca495991b7852b855","","service_history","service","no","no","high","none","","","","","Telegram Desktop/ChatExport_2026-09-04/messages.html","#message-38"
"message135","default","29.10.2024 12:57:29 UTC-05:00","no","photos/photo_94@29-10-2024_12-57-29.jpg","1","0","Психогомеопатия: Алхимия души.","1c447a4abeab967a2388e00f6bc825558ea5cdc852d512d5bc2fb7884604e019","⭐️Новинка: GRAPHITES Начинаю работу с новым гомеопатическим препаратом. В его основе- энергия графита. Когда он показан? GRAPHITES особенно эффективен в ситуациях, когда человек испытывает состояние ""замирания"" – когда чувства и эмоции застыли, импульсы подавлены, и кажется, что в жизни ничего не меняется. ЭФФЕКТ: Этот препарат дает смелость, пробуждает реши","theory_method","book_01","yes","yes","medium","none","","","","","Telegram Desktop/ChatExport_2026-09-04/messages.html","#message135"
"message-39","service","","no","","0","0","Психогомеопатия: Алхимия души.","e3b0c44298fc1c149afbf4c8996fb92427ae41e4649b934ca495991b7852b855","","service_history","service","no","no","high","none","","","","","Telegram Desktop/ChatExport_2026-09-04/messages.html","#message-39"
"message136","default","30.10.2024 00:55:30 UTC-05:00","no","","0","0","Психогомеопатия: Алхимия души.","cc11c63d2e560aeea6df4c842d4c012b70fb170bc1fee1d220ab4b065084389f","Интересные наблюдения от гомеопатии в том, что она делает человека настоящим. Наблюдаю за многими своими клиентами. Почти у всех эффект проявляется в том, что они приближаются к себе, какой есть. Все меньше ""играют в чужие игры"", все больше ощущают свои желания и идут за ними. __ Я это связываю с тем, что через гомеопатию мы проходим в первую очередь на глуб","theory_method","book_01","yes","yes","medium","none","","","","","Telegram Desktop/ChatExport_2026-09-04/messages.html","#message136"
"message-40","service","","no","","0","0","Психогомеопатия: Алхимия души.","e3b0c44298fc1c149afbf4c8996fb92427ae41e4649b934ca495991b7852b855","","service_history","service","no","no","high","none","","","","","Telegram Desktop/ChatExport_2026-09-04/messages.html","#message-40"
"message137","default","31.10.2024 12:45:07 UTC-05:00","no","photos/photo_95@31-10-2024_12-45-07.jpg","1","0","Психогомеопатия: Алхимия души.","3159507ce70ef510d04d85893acefe797947b54a4182f0169aad1d166e13bcee","Проживание травмы с помощью гомеопатии Я как психотерапевт, специализируюсь в травматерапии. Часто это детские травмы развития (предательство, невнимание, насилие и т.п.). Используя препараты гомеопатии, я наблюдаю, как они мягко залечивают глубинные слои боли, помогая клиенту прожить травматический опыт. Гомеопатические препараты через резонанс подсказывают","theory_method","book_01","yes","yes","medium","mention_only","Ignatia Amara; Baryta Carbonica; Calcarea Carbonica; Aconitum","ignatia-amara; baryta-carbonica; calcarea-carbonica; aconitum","","","Telegram Desktop/ChatExport_2026-09-04/messages.html","#message137"
"message-41","service","","no","","0","0","Психогомеопатия: Алхимия души.","e3b0c44298fc1c149afbf4c8996fb92427ae41e4649b934ca495991b7852b855","","service_history","service","no","no","high","none","","","","","Telegram Desktop/ChatExport_2026-09-04/messages.html","#message-41"
"message138","default","02.11.2024 10:11:47 UTC-05:00","yes","photos/photo_96@02-11-2024_10-11-47.jpg","1","0","Психогомеопатия: Алхимия души.","372b4341a6f403a57b1642ae11875aad8e6fb5b8014d7550f6e157c47477093b","Привет. Расскажу наши планы на ноябрь. 1. Мы начинаем Марафон Силы ""Круг Планет"" – видео-медитации для усиления внутренней энергии. Участие бесплатное! Детали: t.me/arche_therapy/2087 . 2. Через неделю мы начинаем Марафон активизации денег - месячная поддерживающая программа. Свободная оплата. Детали: t.me/arche_therapy/2079 3. Сейчас есть возможность пройти","deep_alchemical","book_04","yes","yes","medium","none","","","","","Telegram Desktop/ChatExport_2026-09-04/messages.html","#message138"
"message-42","service","","no","","0","0","Психогомеопатия: Алхимия души.","e3b0c44298fc1c149afbf4c8996fb92427ae41e4649b934ca495991b7852b855","","service_history","service","no","no","high","none","","","","","Telegram Desktop/ChatExport_2026-09-04/messages.html","#message-42"
"message143","default","06.11.2024 10:30:35 UTC-05:00","no","photos/photo_97@06-11-2024_10-30-35.jpg","1","0","Психогомеопатия: Алхимия души.","d5a2ca36024189a688bb48fe9883657e0d42ffd416765632eaf3c1e9e4f0b5d4","ВОПРОС: про гомеопатию не поняла. Это травы что ли пить? ОТВЕТ: травы пить не требуется.:) Поясню, как идет работа в гомеопатии/ системная алхимия. #1. Через расстановочное поле я подбираю оптимальный препарат под запрос/ проблему. Чаще всего это микродозы активных веществ, минералы, яды, который снимают душевную боль и активизирует организм. Это безвредно. ","deep_alchemical","book_04","yes","yes","medium","none","","","","","Telegram Desktop/ChatExport_2026-09-04/messages.html","#message143"
"message-43","service","","no","","0","0","Психогомеопатия: Алхимия души.","e3b0c44298fc1c149afbf4c8996fb92427ae41e4649b934ca495991b7852b855","","service_history","service","no","no","high","none","","","","","Telegram Desktop/ChatExport_2026-09-04/messages.html","#message-43"
"message144","default","07.11.2024 12:19:34 UTC-05:00","yes","photos/photo_98@07-11-2024_12-19-34.jpg","1","0","Психогомеопатия: Алхимия души.","b27b36db2b8fee809ab22912310274bd974558b705b0e829e4cf5c8858ad8156","Новинка: ЗВЕЗДА РОЖДЕНИЯ (ядро личности). Это услуга диагностики и коррекции Ядра Личности. Это тот фундамент, который определяет все, что у вас происходит в жизни. Ваши связи, смыслы, дела. В рамках этой работы я изучаю и провожу коррекцию сразу 5ти базовых внутренних конфликтов. Это те программы, которые были сформированы еще на этапе зачатия и беременност","deep_alchemical","book_04","yes","yes","medium","none","","","","","Telegram Desktop/ChatExport_2026-09-04/messages.html","#message144"
"message145","default","07.11.2024 12:55:18 UTC-05:00","no","","0","0","Психогомеопатия: Алхимия души.","ae703b152f2bca2bf642c2a3021082b87c0f4ff9a271f7f2d28639b516e8e3ec","Ребята, с декабря я немного поднимаю цены на личное сопровождение (расстановки+гомеопатия). Стоимость сопровождения станет в декабре: - Базовая: 60 евро (Диагностика+ коррекция) - Полная: 75 евро (включает 3 препарата, кристаллы, работу с энергиями), - Расширенная: 100 евро (Все что выше и еще мандала для корректировки внутренних субличностей). НО. Если вы з","deep_alchemical","book_04","yes","yes","medium","none","","","","","Telegram Desktop/ChatExport_2026-09-04/messages.html","#message145"
"message-44","service","","no","","0","0","Психогомеопатия: Алхимия души.","e3b0c44298fc1c149afbf4c8996fb92427ae41e4649b934ca495991b7852b855","","service_history","service","no","no","high","none","","","","","Telegram Desktop/ChatExport_2026-09-04/messages.html","#message-44"
"message147","default","08.11.2024 10:04:09 UTC-05:00","no","photos/photo_99@08-11-2024_10-04-09.jpg","1","0","Психогомеопатия: Алхимия души.","8c84e9502f0d4f41bb2a207ae16e17c76faf8bd0e0eb1757a276ca5b0362b4cf","Препарат FERRUM PHOSPHORICUM (железо) Недавно обратился ко мне новый клиент с жалобой на бессилие и сложность с обучением. Расстановка показала причина: страх контроля, ответственности. Важно укрепить внутреннее ядро, но стандартные препараты не давали должного эффекта. Активность была не высокая. Тогда я стал применять FERRUM и у клиента стала появляться со","remedy_card","book_02","yes","yes","high","full_card","Ferrum Phosphoricum","ferrum-phosphoricum","message147","","Telegram Desktop/ChatExport_2026-09-04/messages.html","#message147"
"message148","default","08.11.2024 14:52:25 UTC-05:00","no","","0","0","Психогомеопатия: Алхимия души.","7a824182f6b8c4ebbd3e440f704b0a5f651ac70c4b68b989f93922f961cc70ec","Работа с субличностями в гомеопатии. Оказалось это очень ценное направление. Общая коррекция через гомеопатию снимает внутреннее напряжение. Но у человека могут быть еще отщепленные части души (субличности). Часто они сформировались при острых травмах (рождения, детства, насилия). И таких субличностей может быть несколько. Они сдерживают человека. Ключевые т","deep_alchemical","book_04","yes","yes","medium","none","","","","","Telegram Desktop/ChatExport_2026-09-04/messages.html","#message148"
"message-45","service","","no","","0","0","Психогомеопатия: Алхимия души.","e3b0c44298fc1c149afbf4c8996fb92427ae41e4649b934ca495991b7852b855","","service_history","service","no","no","high","none","","","","","Telegram Desktop/ChatExport_2026-09-04/messages.html","#message-45"
"message149","default","11.11.2024 10:49:47 UTC-05:00","no","photos/photo_100@11-11-2024_10-49-47.jpg","1","0","Психогомеопатия: Алхимия души.","9cba9453c8d8753fd952b5a5612b3cd8fe687e506937a469f4e87e06f02e9b6f","КАК ВЫГЛЯДИТ ПРОЦЕСС АЛХИМИИ? - план нашей работы в терапии. Великое Делание («Magnum Opus»). - последовательность этапов, которые символизируют процессы внутренней трансформации. #1. Кальцинация - нагревание вещества, пока оно не превратится в пепел. - Символ: отпускание старых страхов, болей, установок, привязанностей. #2. Диссолюция - растворение пепла в ","deep_alchemical","book_04","yes","yes","medium","mention_only","Aurum metallicum","aurum-metallicum","","","Telegram Desktop/ChatExport_2026-09-04/messages.html","#message149"
"message150","default","11.11.2024 11:21:53 UTC-05:00","no","","0","0","Психогомеопатия: Алхимия души.","f11ff0fb09c121ff06cc3a2cebf8a2c34a83803a43e923db53922b1fefd5381f","ПЛАН РАБОТЫ КАК ВЫГЛЯДИТ ПРОЦЕСС КОРРЕКЦИИ В ТЕРАПИИ Этап 1. Кальцинация (сжигание). На первом этапе терапии внимание идет на основные боли, стрессы, страхи. Я подбираю гомеопатические препараты низкого разведения, часто это микродозы ядов, которые прожигают человека внутри, дают освобождение от стрессов. Это безвредно. Это дает значительное облегчение, осво","subpersonality","book_03","yes","yes","medium","none","","","","","Telegram Desktop/ChatExport_2026-09-04/messages.html","#message150"
"message151","default","11.11.2024 13:07:56 UTC-05:00","no","photos/photo_101@11-11-2024_13-07-56.jpg","1","0","Психогомеопатия: Алхимия души.","65c2c0637483363c487fa755946d8c4bd67473efb1e2aa827e8d2863c537a3ad","Честно говоря, я сам удивлен как это может работать, но работает! Опишу еще один интересный препарат. Lac Caninum - молоко собаки. Препарат, который укрепляет ментальное тело. - Он показан в ситуациях неуверенности, зависимости от мнения других. - При чувствах ненужности, недостойности, заниженной самооценки. - А так же при чувствах униженности, подавленност","subpersonality","book_03","yes","yes","medium","mention_only","Lac Caninum","lac-caninum","","","Telegram Desktop/ChatExport_2026-09-04/messages.html","#message151"
"message-46","service","","no","","0","0","Психогомеопатия: Алхимия души.","e3b0c44298fc1c149afbf4c8996fb92427ae41e4649b934ca495991b7852b855","","service_history","service","no","no","high","none","","","","","Telegram Desktop/ChatExport_2026-09-04/messages.html","#message-46"
"message152","default","12.11.2024 09:07:26 UTC-05:00","no","photos/photo_102@12-11-2024_09-07-26.jpg","1","0","Психогомеопатия: Алхимия души.","589413d22a65b0c7be59713e1bc1a967c8507838655708a75a731a4cfb1169b6","ВАРИАНТЫ КОНСУЛЬТАЦИЙ: ВАРИАНТ 1. БАЗОВЫЙ. (консультация) - Блиц-диагностика ситуации. - Подбор и назначение препаратов. Бонус: Дистанционная коррекция 1м препаратом в течении недели. - 50 eur/ сессия + одна неделя сопровождения. ВАРИАНТ 2. ОСНОВНОЙ. (консультация + коррекция): - Диагностика ситуации. - Поиск решений - Подбор и назначение препаратов. - Диста","deep_alchemical","book_04","yes","yes","medium","none","","","","","Telegram Desktop/ChatExport_2026-09-04/messages.html","#message152"
"message153","default","12.11.2024 09:39:11 UTC-05:00","no","photos/photo_103@12-11-2024_09-39-11.jpg","1","0","Психогомеопатия: Алхимия души.","68ea4e2e23fccd6350f7e165ab4fc60c42474d7549eeaee54932c41fa1fad8de","Препарат LACHESIS (яд змеи) Препарат для ярких, огненных женщин, которые часто экспрессивны и иногда готовы испепелить все вокруг своими эмоциями. Он помогает в ситуациях - ревности - страха быть подавленным и ограниченным. Он актуален при - потребности в свободе и самовыражению - чувствах ревности и соперничества - экспрессивности и эмоциональности. АРХЕТИП","remedy_card","book_02","yes","yes","high","full_card","Lachesis","lachesis","message153","","Telegram Desktop/ChatExport_2026-09-04/messages.html","#message153"
"message154","default","12.11.2024 16:40:28 UTC-05:00","no","photos/photo_104@12-11-2024_16-40-28.jpg","1","0","Психогомеопатия: Алхимия души.","f297ab67a86188e0c2a2f50a6ad24611145dcfe41c189a81e8311995a352b157","АЛХИМИЯ ДЕНЕГ (Гомеопатия и астрология) Я недавно стал применять Планетарные Символы для проведения расширенных коррекций в гомеопатии. Это усиливает эффект. ПРИМЕР. Работа с темой стеснение к деньгам. - Выделил нужную субличность, подобрал для нее препараты гомеопатии. Внутри укрепляется фундамент. А если провести дополнительную коррекцию через Планеты, эфф","deep_alchemical","book_04","yes","yes","medium","none","","","","","Telegram Desktop/ChatExport_2026-09-04/messages.html","#message154"
"message-47","service","","no","","0","0","Психогомеопатия: Алхимия души.","e3b0c44298fc1c149afbf4c8996fb92427ae41e4649b934ca495991b7852b855","","service_history","service","no","no","high","none","","","","","Telegram Desktop/ChatExport_2026-09-04/messages.html","#message-47"
"message155","default","14.11.2024 13:17:01 UTC-05:00","yes","","0","0","Психогомеопатия: Алхимия души.","41d5551b9d070753537337c24f3e08c0dcffd65e4ba53306baacbcae7bfb854a","Я хочу поблагодарить Андрея за его работу со мной в методе Гомеотерапия души. Андрей бережно поддерживал меня больше месяца, сопровождая от пика силы симптома до стабильного состояния. Обращался с запросом в сфере здоровья: проблемы с голосом и частые болезни голосового аппарата. Началось с Архетипической диагностики за донейшен, детальность которой меня пок","subpersonality","book_03","yes","yes","medium","none","","","","","Telegram Desktop/ChatExport_2026-09-04/messages.html","#message155"
"message156","default","14.11.2024 13:17:01 UTC-05:00","yes","","0","0","Психогомеопатия: Алхимия души.","e3b0c44298fc1c149afbf4c8996fb92427ae41e4649b934ca495991b7852b855","","empty_or_media","empty_or_media","no","no","medium","none","","","","","Telegram Desktop/ChatExport_2026-09-04/messages.html","#message156"
"message-48","service","","no","","0","0","Психогомеопатия: Алхимия души.","e3b0c44298fc1c149afbf4c8996fb92427ae41e4649b934ca495991b7852b855","","service_history","service","no","no","high","none","","","","","Telegram Desktop/ChatExport_2026-09-04/messages.html","#message-48"
"message157","default","15.11.2024 00:17:05 UTC-05:00","no","photos/photo_105@15-11-2024_00-17-05.jpg","1","0","Психогомеопатия: Алхимия души.","d40f26a23074498f9941d9000879b81136a3fc6bc45f22da0abc7664bfc74679","ЗВЕЗДА ЛЮБВИ. Это новый формат расширенной диагностики. Здесь мы исследуем и корректируем сразу 5ть сфер личности, относительно темы любви. 1. Способность Брать (принимать любовь). 2. Способность Давать (творить, проявляться, дарить любовь). 3. Способность Любить себя. 4. Способность Дружить. 5. Способность Любить других. Эта модель опирается на подход психо","deep_alchemical","book_04","yes","yes","medium","none","","","","","Telegram Desktop/ChatExport_2026-09-04/messages.html","#message157"
"message158","default","15.11.2024 09:15:57 UTC-05:00","no","photos/photo_106@15-11-2024_09-15-57.jpg","1","0","Психогомеопатия: Алхимия души.","7a8cef605d437c71ad2b6e269a967a9ade0c8b14c0b71773d3c45a7a506a766b","GELSEMIUM Препарат, ценный в ситуации слабости, страха, физического и эмоционального истощения. ПРИМЕР. Работаю с клиентом, с запросом на учебные перегрузки, сложность выполнять задания. Препарат Gelsemium выводит из ступора, появляется желание идти вперед, действовать, проявляться. ОСНОВА для препарата: желтокорень - растение, вызывающее дрожь, слабость, со","remedy_card","book_02","yes","yes","high","full_card","Gelsemium","gelsemium","message158","","Telegram Desktop/ChatExport_2026-09-04/messages.html","#message158"
"message159","default","15.11.2024 20:57:53 UTC-05:00","no","","0","0","Психогомеопатия: Алхимия души.","077e33c78667e9d7dbb385300d4e603e729de0e488078b81e8714193a70091f7","РАБОТА С СУБЛИЧНОСТЯМИ В ГОМЕОПАТИИ. Каждый раз, работая с клиентами через выделение субличности, я поражаюсь, на сколько это важно. Через базовые сессии гомеопатии мы даем поддержку психике, личности. Это ценно. Но чаще основные наши источники проблем прячутся. Они вытеснены из сознания. Порой источник базового стресса человека находится до рождегия, во вне","subpersonality","book_03","yes","yes","medium","none","","","","","Telegram Desktop/ChatExport_2026-09-04/messages.html","#message159"
"message-49","service","","no","","0","0","Психогомеопатия: Алхимия души.","e3b0c44298fc1c149afbf4c8996fb92427ae41e4649b934ca495991b7852b855","","service_history","service","no","no","high","none","","","","","Telegram Desktop/ChatExport_2026-09-04/messages.html","#message-49"
"message160","default","17.11.2024 09:37:32 UTC-05:00","no","","0","0","Психогомеопатия: Алхимия души.","d3a4f78879e4d081bff24f117bf76eeb067372bfe47eea054b1e7cb8560ead76","Прелесть гомеопатии в том, что она дает ту уникальную внутреннюю опору, которую ни дадут другие блага мира. Вместо опоры на внешние материальные факторы, человек наконец-то получает свою внутреннюю опору. И что важно, эта коррекция встраивается, через пару недель это становится вашим естественным внутренним состоянием. А чувство внутренней опоры дает силу, у","theory_method","book_01","yes","yes","medium","none","","","","","Telegram Desktop/ChatExport_2026-09-04/messages.html","#message160"
"message161","default","17.11.2024 17:16:28 UTC-05:00","no","photos/photo_107@17-11-2024_17-16-28.jpg","1","0","Психогомеопатия: Алхимия души.","2216ca88aa90df6afe9c7cdc1ae70ae5dffe505b8b8daf82f6596a0ccca84a83","Сегодня я получил новый отзыв (на английском). Неделю назад я начал работать с новой клиенткой над темой взаимоотношений. Системные расстановки показали необходимость работы над спокойствием и женственностью. Но клиентка была такой пылкой женщиной, что, похоже, это невозможно. Я выбрал и прописал необходимое гомеопатическое средство. И через неделю клиентка ","theory_method","book_01","yes","yes","medium","none","","","","","Telegram Desktop/ChatExport_2026-09-04/messages.html","#message161"
"message-50","service","","no","","0","0","Психогомеопатия: Алхимия души.","e3b0c44298fc1c149afbf4c8996fb92427ae41e4649b934ca495991b7852b855","","service_history","service","no","no","high","none","","","","","Telegram Desktop/ChatExport_2026-09-04/messages.html","#message-50"
"message162","default","18.11.2024 08:03:11 UTC-05:00","no","photos/photo_108@18-11-2024_08-03-11.jpg","1","0","Психогомеопатия: Алхимия души.","4bfd545a8f89211da89f9e45089e46cb16cf734a4853c840f8f32d6b093ac211","NITRICUM ACIDUM (Азотная кислота). Средство от душевных терзаний. Сильный препарат, отражающий состояние душевной боли, горечи, раздражения. Он отражает чувство покинутости, боли и обиды, что поступили несправедливо. Эти чувства ощущается как резь, ожог, осколки стекла. Разъедающие душу эмоции, к могут проявляться в виде язв и воспалений. Если напряжение сли","remedy_card","book_02","yes","yes","high","full_card","Nitricum Acidum","nitricum-acidum","message162","","Telegram Desktop/ChatExport_2026-09-04/messages.html","#message162"
"message-51","service","","no","","0","0","Психогомеопатия: Алхимия души.","e3b0c44298fc1c149afbf4c8996fb92427ae41e4649b934ca495991b7852b855","","service_history","service","no","no","high","none","","","","","Telegram Desktop/ChatExport_2026-09-04/messages.html","#message-51"
"message163","default","19.11.2024 08:41:54 UTC-05:00","no","photos/photo_109@19-11-2024_08-41-54.jpg","1","0","Психогомеопатия: Алхимия души.","e8d86c1f808e5ed7599b3e74fd8a368ca5494dd0df4a3dd0acb4fd546779f023","ЦЕЛИ И ЗАДАЧИ СИСТЕМНОЙ ГОМЕОПАТИИ // Это более научная заметка, чтобы зарисовать задачи метода как их видят разные исследователи. ЦЕЛЬ: восстановить внутренний потенциал, силу, целостность, гармонию, красоту человека. Гомеопатия - это не столько способ лечения, но инструмент для самопознания и личностного роста (Галле). ЗАДАЧИ ГОМЕОПАТИИ: 1. Укрепить жизнен","deep_alchemical","book_04","yes","yes","medium","none","","","","","Telegram Desktop/ChatExport_2026-09-04/messages.html","#message163"
"message164","default","19.11.2024 10:42:17 UTC-05:00","no","photos/photo_110@19-11-2024_10-42-17.jpg","1","0","Психогомеопатия: Алхимия души.","78aaaf8cca580146be6b64b9d8bee61b41a37c2e8e9799140ae9615a307d388d","PULSATILLA Препарат, который подходят нежным, искренним людям, у которых душа ищет любви, заботы, поддержки. СИМВОЛ Нежный, мягкий, хрупкий цветок, колышущийся ветром, ищущий солнечного тепла. ОСНОВА Лютик/ прострел, мягкий, нежный цветок. Символизирует эмоциональную гибкость, податливость. ЭФФЕКТ По опыту, такой препарат восполняет потребность в заботе, люб","remedy_card","book_02","yes","yes","high","full_card","Pulsatilla","pulsatilla","message164","","Telegram Desktop/ChatExport_2026-09-04/messages.html","#message164"
"message165","default","19.11.2024 11:32:53 UTC-05:00","no","photos/photo_111@19-11-2024_11-32-53.jpg","1","0","Психогомеопатия: Алхимия души.","1d290ff4d9b9e5c8b92483042d7a1d2d17b5fddebe86e185b44438518a72d915","NATRUM MURIATICUM Этот препарат помогает в случаях, когда сердце иссыхается внутри от отсутствия любви, страха контакта и отвержения. И при этом человек держит маску, что все нормально. ОБРАЗ Человек, стоящий в одиночестве на берегу, глядящий на море, где скрыты его слёзы. Он сдерживает свои эмоции, избегает утешения и хранит свои чувства внутри. ОСНОВА Соль","remedy_card_support","book_02","yes","yes","high","supporting_post","Natrum Muriaticum","natrum-muriaticum","message49","","Telegram Desktop/ChatExport_2026-09-04/messages.html","#message165"
"message166","default","19.11.2024 12:42:47 UTC-05:00","no","","0","0","Психогомеопатия: Алхимия души.","02ae11f29a3ecbb36b4fe1d2a2c6de762b8204a91b443ccf9c45ddd691fb6cb1","На супервизии в психотерапии интересную мысль услышал: Соперница - это твой подавленный ресурс. Т.е. в тебе это тоже есть, только подавленный аспект. Можно его распаковать. У нас в работе многое про распаковку своих ресурсов.","other","out_of_scope","no","no","low","none","","","","","Telegram Desktop/ChatExport_2026-09-04/messages.html","#message166"
"message-52","service","","no","","0","0","Психогомеопатия: Алхимия души.","e3b0c44298fc1c149afbf4c8996fb92427ae41e4649b934ca495991b7852b855","","service_history","service","no","no","high","none","","","","","Telegram Desktop/ChatExport_2026-09-04/messages.html","#message-52"
"message167","default","20.11.2024 00:20:21 UTC-05:00","no","","0","0","Психогомеопатия: Алхимия души.","8007eba81d6747a547e2e23c5adbd9ccbca622e19dddbb5e7e7c8c797e85d9b0","Резонанс штука тонкая.. Расскажу историю. Еще давно прочитал краткое описание про Pulsatilla. Думаю, классный препарат! Мне такой нужен. Потом проверяю, ну не подходит он мне! Ни в каком разведении. Думаю, странный препарат, не рабочий.) И только потом, работая с клиентами, я начал отслеживать, насколько он ценен для мягкого, ранимого сердца. Он как вода для","theory_method","book_01","yes","yes","medium","mention_only","Pulsatilla","pulsatilla","","","Telegram Desktop/ChatExport_2026-09-04/messages.html","#message167"
"message168","default","20.11.2024 10:49:37 UTC-05:00","no","photos/photo_112@20-11-2024_10-49-37.jpg","1","0","Психогомеопатия: Алхимия души.","c1043323cf88ed8caec9061cca7b0e0d7a8e67f8d90eabd1aea7443f9f8d71dd","ARNICA Один из базовых препаратов. Он подходит для людей, которые полны глубоких душевных ран и боли, но они ее подавляют. Кажутся сильными, стойкими, независимым. ОБРАЗ: Воин, который продолжает стоять, несмотря на раны. Он прячет свою боль, считая, что должен справиться сам. Однако тело и душа просят исцеления. ОСНОВА Арника горная – цветок, процветающий в","remedy_card","book_02","yes","yes","high","full_card","Arnica","arnica","message168","","Telegram Desktop/ChatExport_2026-09-04/messages.html","#message168"
"message-53","service","","no","","0","0","Психогомеопатия: Алхимия души.","e3b0c44298fc1c149afbf4c8996fb92427ae41e4649b934ca495991b7852b855","","service_history","service","no","no","high","none","","","","","Telegram Desktop/ChatExport_2026-09-04/messages.html","#message-53"
"message169","default","21.11.2024 14:26:29 UTC-05:00","no","photos/photo_113@21-11-2024_14-26-29.jpg","1","0","Психогомеопатия: Алхимия души.","f1249aa8b77d7e7fe7e98538bc158e820b664c7b284a736f84d180492f64fccb","PHOSPHORICUM ACIDUM Ценный препарат, который я прописываю на начальных стадиях работы с травмой. Он помогает, когда уже нет сил, когда истощается душа и тело. Когда есть аппатия и опустошение после стрессов и утрат. Препарат возвращает силу и надежду. ПОКАЗАНИЯ: - хроническая усталость, апатия - эмоциональное выгорание - потеря мотивации, концентрации - исто","remedy_card","book_02","yes","yes","high","full_card","Phosphoricum Acidum","phosphoricum-acidum","message169","","Telegram Desktop/ChatExport_2026-09-04/messages.html","#message169"
"message-54","service","","no","","0","0","Психогомеопатия: Алхимия души.","e3b0c44298fc1c149afbf4c8996fb92427ae41e4649b934ca495991b7852b855","","service_history","service","no","no","high","none","","","","","Telegram Desktop/ChatExport_2026-09-04/messages.html","#message-54"
"message170","default","22.11.2024 15:12:17 UTC-05:00","yes","photos/photo_114@22-11-2024_15-12-17.jpg","1","0","Психогомеопатия: Алхимия души.","c2258d513306a869786aba60e6102e47ae7e731e08c05e8be7b599659b65302d","ВЫХОД ИЗ КРИЗИСА 12-шагов проживания горя. Жизнь - это череда травм, потерь и обретений. Война - это кризис. Есть возрастные кризисы. Бывают кризисы потерь, расставания. Кризис предательства, рождения и т.д. В каждом кризисе мы теряем прежнего себя. И обретаем нового себя. Или не обретаем... Все зависит от того, как мы смогли прожить эту травму. Что делать? ","theory_method","book_01","yes","yes","medium","none","","","","","Telegram Desktop/ChatExport_2026-09-04/messages.html","#message170"
"message-55","service","","no","","0","0","Психогомеопатия: Алхимия души.","e3b0c44298fc1c149afbf4c8996fb92427ae41e4649b934ca495991b7852b855","","service_history","service","no","no","high","none","","","","","Telegram Desktop/ChatExport_2026-09-04/messages.html","#message-55"
"message171","default","23.11.2024 06:42:39 UTC-05:00","no","photos/photo_115@23-11-2024_06-42-39.jpg","1","0","Психогомеопатия: Алхимия души.","c4c3bfb633a8f48d0448f7d828e5e92205ecf5401ee84be0193ecece43f76f5e","2. КАК РАСПОЗНАТЬ ТРАВМУ? Тело не врет. Прислушайтесь к себе. 1) Бывают ли у вас моменты, когда: - Замирает дыхание? - Сжимаются челюсти? - Немееет лицо? - Колотится сердце? - Глаза как будто ""пятятся назад"" или стекленеют? - Тело хочет сжаться или свернуться? Задайте себе вопрос: В какие моменты это происходит? Ваше тело подсказывает: здесь рядом травма. 2)","theory_method","book_01","yes","yes","medium","none","","","","","Telegram Desktop/ChatExport_2026-09-04/messages.html","#message171"
"message172","default","23.11.2024 07:23:55 UTC-05:00","no","photos/photo_116@23-11-2024_07-23-55.jpg","1","0","Психогомеопатия: Алхимия души.","b2ec5888038b1af0918891c54138dc47875b551aa1c44cfe2b210366b5ce7746","3. ЗАЧЕМ ИСЦЕЛЯТЬ ТРАВМЫ? Травма — это то, что забирает нашу энергию и силу. Травмы забирают радость жизни. Они сьедают вашу активность, вдохновение, успех. Травма — это тот стресс, на обработку которого уходит колоссальное количество энергии. И вы опять каждый раз погружаетесь в стресс, когда приближаетесь к травмирующей теме. Исцелить травму — значит верну","theory_method","book_01","yes","yes","medium","none","","","","","Telegram Desktop/ChatExport_2026-09-04/messages.html","#message172"
"message173","default","23.11.2024 07:53:23 UTC-05:00","no","photos/photo_117@23-11-2024_07-53-23.jpg","1","0","Психогомеопатия: Алхимия души.","99ae51ca8b278660304b7b225fb7ad7a12d51d7ac5ea8464870330f3f2b3f493","4. КАК ВЫЧИСЛИТЬ ТРАВМУ? - Как машине нужен тюнинг от езды по дорогам, - Так и человеку нужна периодическая поддержка. За время жизни накапливается большое количество травм в разных сферах. Чтобы отследить четче вашу травму, предлагаю заполнить опросник: УПРАЖНЕНИЕ 1. КАРТА ТРАВМЫ 1. Какие эмоции вас беспокоят (страх, злость, печаль и т.п.). 2. Какая из них ","theory_method","book_01","yes","yes","medium","none","","","","","Telegram Desktop/ChatExport_2026-09-04/messages.html","#message173"
"message174","default","23.11.2024 11:25:33 UTC-05:00","no","","0","0","Психогомеопатия: Алхимия души.","2f8097d08a4597472f5c9b30e9224465de24ee9313b3166af9ff26dab0d3b84d","Это любопытно. Работаю через субличности в гомеопатии. Выделил субличности СТЫДА и ВИНЫ. И для них оказываются подходят разные препараты. То, что подходит для одной, категорически не подходит для другой, и наоборот. Например, - для Вины - помогает Actaea - для Стыда - Hyoscamus. Для глубокой коррекции важно точечно воздействовать на нужные грани психики. Эфф","subpersonality","book_03","yes","yes","medium","none","","","","","Telegram Desktop/ChatExport_2026-09-04/messages.html","#message174"
"message-56","service","","no","","0","0","Психогомеопатия: Алхимия души.","e3b0c44298fc1c149afbf4c8996fb92427ae41e4649b934ca495991b7852b855","","service_history","service","no","no","high","none","","","","","Telegram Desktop/ChatExport_2026-09-04/messages.html","#message-56"
"message175","default","24.11.2024 09:43:05 UTC-05:00","no","photos/photo_118@24-11-2024_09-43-05.jpg","1","0","Психогомеопатия: Алхимия души.","5d255e8a80c15dd2667ceef3403764edc13d8bb486784479f6a336e327228704","5. ИСТОЧНИКИ СТРЕССОВ. Субличности и установки. То, как мы справляемся со стрессами жизни, зависит от того, как мы пережили стрессы детства. Они называются: Травмы Любви/ Травмы Развития. В работе с пациентами в психотерапии и гомеопатии я выделяю 10 базовых субличностей, которые формируются в детстве. Они отражают ключевой внутренний конфликт. Предлагаю вам","subpersonality","book_03","yes","yes","medium","none","","","","","Telegram Desktop/ChatExport_2026-09-04/messages.html","#message175"
"message176","default","24.11.2024 11:42:09 UTC-05:00","no","","0","0","Психогомеопатия: Алхимия души.","49a97416a9c1778d9d2e364df11dd3eadcc4d5273a65ce966fda4e9f7bd68b48","6. ДИАГНОСТИКА ВНУТРЕННИХ КОНФЛИКТОВ: ЗАЧЕМ: Внутренние точки напряжения будут всегда проявлены в жизни (на работе, бизнес, близкие отношения, симптомы, здоровье). Когда вы знаете свое ключевое слабое звено, вы можете начать этим управлять. И менять свою жизнь. КАК ВЫЯВИТЬ СВОИ СУБЛИЧНОСТИ И КОНФЛИКТЫ Есть 3 способа: 1. ВАРИАНТ #1. Бесплатно. Вы можете пройт","subpersonality","book_03","yes","yes","medium","none","","","","","Telegram Desktop/ChatExport_2026-09-04/messages.html","#message176"
"message177","default","24.11.2024 16:08:00 UTC-05:00","no","","0","0","Психогомеопатия: Алхимия души.","17530d106b5d5d41ee96d02718ddce11d0730d20f0dbc047d4d68cedde63bf81","Это любопытно. Когда я стал прицельно воздействовать на фундаментальные стрессы (конфликты) через гомеопатию внутренних частей - Воздействие становится значительно более сильным. Мой обычный формат 24 часа поддержки не подходит. Препараты снимаю уже через час. Продолжаю наблюдать.","theory_method","book_01","yes","yes","medium","none","","","","","Telegram Desktop/ChatExport_2026-09-04/messages.html","#message177"
"message-57","service","","no","","0","0","Психогомеопатия: Алхимия души.","e3b0c44298fc1c149afbf4c8996fb92427ae41e4649b934ca495991b7852b855","","service_history","service","no","no","high","none","","","","","Telegram Desktop/ChatExport_2026-09-04/messages.html","#message-57"
"message179","default","25.11.2024 18:14:18 UTC-05:00","no","photos/photo_119@25-11-2024_18-14-18.jpg","1","0","Психогомеопатия: Алхимия души.","386fe9b824ee6e4c54b429591644bbb823587eaf9c628b882e97c877571f17c3","Новый подход. Я стал укреплять субличности через твердые кристаллы. Через субличности работа идет значительно эффективней, чем общая работа с психикой. - Вы слышали про Внутренней стержень, Кристалл души? Это психическая структура, которая формируется еще до рождения. Она определяет то, на сколько человек собран и вынослив в стрессах. Стрессы рождения и бере","subpersonality","book_03","yes","yes","medium","none","","","","","Telegram Desktop/ChatExport_2026-09-04/messages.html","#message179"
"message180","default","25.11.2024 23:39:46 UTC-05:00","no","photos/photo_120@25-11-2024_23-39-46.jpg","1","0","Психогомеопатия: Алхимия души.","09c6860fa52aa1bc87c9190ae7241a2ea2ebc65b6495a1b40fbfbe7a20b94540","RHUS TOXICODENDRON Препарат полезен в ситуациях скованности. Как реакция на ограничения. Облегчение наступает при активности. RHUS TOXICODENDRON Помогает активировать силы, движение, снять скованность и при этом обрести гибкость и расслабленность. Этот препарат оказался эффективен для работы с ранними частями души. ОСНОВА: Rhus (ядовитый плющ), сильно раздра","remedy_card","book_02","yes","yes","high","full_card","Rhus Toxicodendron","rhus-toxicodendron","message180","","Telegram Desktop/ChatExport_2026-09-04/messages.html","#message180"
"message-58","service","","no","","0","0","Психогомеопатия: Алхимия души.","e3b0c44298fc1c149afbf4c8996fb92427ae41e4649b934ca495991b7852b855","","service_history","service","no","no","high","none","","","","","Telegram Desktop/ChatExport_2026-09-04/messages.html","#message-58"
"message181","default","26.11.2024 08:30:55 UTC-05:00","no","photos/photo_121@26-11-2024_08-30-55.jpg","1","0","Психогомеопатия: Алхимия души.","7ca539f41d603ba7c74384ec4a17aa2e6cc1ece978e9367051230963be21fb19","7. ВЫХОД ИЗ КРИЗИСА Модель 12-шагов. Проработка ранних травм, программ - это непростая задача, так как часто они являются несущей конструкцией для всей психики человека. Проработка одной травмы это в среднем двухгодичная программа, которая проходит через 12 этапов. На каждый этап отводится от нескольких недель, до нескольких месяцев и даже лет. Попробуйте от","theory_method","book_01","yes","yes","medium","none","","","","","Telegram Desktop/ChatExport_2026-09-04/messages.html","#message181"
"message182","default","26.11.2024 17:42:37 UTC-05:00","no","photos/photo_122@26-11-2024_17-42-37.jpg","1","0","Психогомеопатия: Алхимия души.","415b698081df290f750521e2d4eaf2f0a095d205af5c24058bcf2ff27f77dede","Гомеопатия субличностей. ПРИМЕР работы с клиентом. Меня поразило то, что задачи над которыми в психотерапии мы работали год, через гомеопатию субличностей удалось убрать за 3 сеанса. Мы сначала долго в терапии работали над чувством отделенности от мира. Но через гомеопатию частей души удалось вычленить внутреннее ядро пациента, его усилить и закрепить. Я был","subpersonality","book_03","yes","yes","medium","none","","","","","Telegram Desktop/ChatExport_2026-09-04/messages.html","#message182"
"message-59","service","","no","","0","0","Психогомеопатия: Алхимия души.","e3b0c44298fc1c149afbf4c8996fb92427ae41e4649b934ca495991b7852b855","","service_history","service","no","no","high","none","","","","","Telegram Desktop/ChatExport_2026-09-04/messages.html","#message-59"
"message183","default","27.11.2024 11:58:06 UTC-05:00","no","","0","0","Психогомеопатия: Алхимия души.","87cda616887acd232f1fdff453970acde654da823b8d8a7b3123292a295f5629","ОТЗЫВ получил сегодня: ""Могу сказать честно, во чтобы я никогда в жизни не поверил, так это в гомеопатию. Но почему-то я себя иначе чувствую! Почему-то именно с той темой, с которой мы работаем, я себя ВООБЩЕ иначе чувствую!""","theory_method","book_01","yes","yes","medium","none","","","","","Telegram Desktop/ChatExport_2026-09-04/messages.html","#message183"
"message184","default","27.11.2024 14:40:45 UTC-05:00","no","","0","0","Психогомеопатия: Алхимия души.","61cf74ce6232b7565fe1deb5bab9267e3732ea9b5afe663dfc9be31448e9c818","ПОБОЧНЫЙ ЭФФЕКТ от гомеопатии Считается, что гомеопатия не дает побочных эффектов. Но иногда есть. Так как гомеопатия - это информационная вакцина, то в первые дни может наблюдаться небольшое углубление симптома. Например, - Natrum Muriaticum - углубление чувства одиночества - Pulsatilla - жажда близости, поддержки, капризность и т.п. Если это происходит, эт","theory_method","book_01","yes","yes","medium","mention_only","Natrum Muriaticum; Pulsatilla","natrum-muriaticum; pulsatilla","","","Telegram Desktop/ChatExport_2026-09-04/messages.html","#message184"
"message-60","service","","no","","0","0","Психогомеопатия: Алхимия души.","e3b0c44298fc1c149afbf4c8996fb92427ae41e4649b934ca495991b7852b855","","service_history","service","no","no","high","none","","","","","Telegram Desktop/ChatExport_2026-09-04/messages.html","#message-60"
"message185","default","28.11.2024 08:37:43 UTC-05:00","no","photos/photo_123@28-11-2024_08-37-43.jpg","1","0","Психогомеопатия: Алхимия души.","bac279e36068affa851d8570506c93ac72f0897f44d8af5719059dcbf5f00d4c","КЕЙС. Еще один пример. ЗАПРОС: Бессилие, безысходность. ДИАГНОСТИКА плказала состояние: - аппатия, депрессия, скованность, безвыходность, некоторая безнадежность. НАЗНАЧИЛ: Aconitum, Apis Предложил сделать ритуал, Добавил кристаллы. ЭФФЕКТ Уже через неделю - как открываются возможности. Возникает внутри точка опоры. Появляется сила, возможность смотреть по с","remedy_mention","out_of_scope","no","no","low","mention_only","Aconitum","aconitum","","","Telegram Desktop/ChatExport_2026-09-04/messages.html","#message185"
"message186","default","28.11.2024 09:30:53 UTC-05:00","no","","0","0","Психогомеопатия: Алхимия души.","2cc8dafe199150b444392934dc3e0182f3b9e588b1060072464f7e3a62e70589","На обучении по психосоматике сегодня встретил фразу: Кто не научился останавливать отношения с реальными объектами, людьми - будет устанавливать отношения с симптомами. И я знаю это не просто. Много стрессов и часто даже до рождения на это влияет. Но гомеопатия частей души помогает снять стрессы и даже переписать программы.","theory_method","book_01","yes","yes","medium","none","","","","","Telegram Desktop/ChatExport_2026-09-04/messages.html","#message186"
"message187","default","28.11.2024 09:33:31 UTC-05:00","no","","0","0","Психогомеопатия: Алхимия души.","14182b3245d90744dae9abd958cb80fa585a7a1634eafd2e2408d0e49e9f77e4","Как мы обсуждали с товарищем недавно, можно ли перестроить свою субличность добавив энергию? Этого не достаточно. Нужно заложить еще информацию программу. Воспитать саою субличность, это как воспитать своего ребенка.","subpersonality","book_03","yes","yes","medium","none","","","","","Telegram Desktop/ChatExport_2026-09-04/messages.html","#message187"
"message-61","service","","no","","0","0","Психогомеопатия: Алхимия души.","e3b0c44298fc1c149afbf4c8996fb92427ae41e4649b934ca495991b7852b855","","service_history","service","no","no","high","none","","","","","Telegram Desktop/ChatExport_2026-09-04/messages.html","#message-61"
"message188","default","29.11.2024 01:56:37 UTC-05:00","no","photos/photo_124@29-11-2024_01-56-37.jpg","1","0","Психогомеопатия: Алхимия души.","68b7853f3064741e80d6a26167c63b8f07d7a546213232af5bd9fa68301cc07a","ARSENICUM ALBUM Один из базовых препаратов. Он лечит состояния беспричинной тревоги, когда нужно все держать под контролем. А вдруг все развалится. Обычно это говорит о том, что психика пока недостаточно справляется. Необходимость удерживать жизнь под контролем занимает уйму личного ресурса. И препарат помогает решить эту ситуацию. ПОКАЗАНИЯ: Ощущение слабос","remedy_card","book_02","yes","yes","high","full_card","Arsenicum Album","arsenicum-album","message188","","Telegram Desktop/ChatExport_2026-09-04/messages.html","#message188"
"message189","default","29.11.2024 02:00:25 UTC-05:00","no","photos/photo_125@29-11-2024_02-00-25.jpg","1","0","Психогомеопатия: Алхимия души.","796e2e794403181b7f29ffc05d293fe78b2f8ea33c30fedc4efe5f776828093a","Стих про Arsenicum: На краю обрыва дрожащей рукой Держу я фонарь, защищая покой. Тьма за спиной, впереди пустота Но страх не уходит, сквозь тянется мгла. В доме порядок, уют, чистота Но сердце сжимает тревоги черта. Что будет, когда этот мир рухнет вдруг? Что будет, когда одиночество — друг? Контроль — мой спаситель, мой прочный канат, Но в нём нет ответа, в","other","out_of_scope","no","no","low","none","","","","","Telegram Desktop/ChatExport_2026-09-04/messages.html","#message189"
"message190","default","29.11.2024 08:33:29 UTC-05:00","no","photos/photo_126@29-11-2024_08-33-29.jpg","1","0","Психогомеопатия: Алхимия души.","cf374b4091aec7a2be56cac328e83b6c1d1f77c3db22c3d51e05cd2f133b959c","Стих про Phosphoricum Acidum Душа как пустыне, как высохший лист, Когда-то зелёный, но ныне поник. Под призрачным небом — покой истончен, Свет где-то вдали, нереален, как сон. Усталость ложится, как пыль на плечо, Тоска захватила дыхание все. Внутри пустота, ни тепла, ни воды, Лишь эхо потерь в беспредельной тиши. Но вдруг луч пронзает бессилия мрак. Ты знае","remedy_mention","out_of_scope","no","no","low","mention_only","Phosphoricum Acidum","phosphoricum-acidum; phosphoricum-acidum","","","Telegram Desktop/ChatExport_2026-09-04/messages.html","#message190"
"message191","default","29.11.2024 17:43:24 UTC-05:00","no","","0","0","Психогомеопатия: Алхимия души.","827701220134405d21863ae0305f3157090def150ac6b56791db483bfa3aa781","Мистерии в гомеопатии. Ч1. Как вы видите, я представляю архетипический подход в гомеопатии, когда каждый препарат отражает этап внутренней трансформации человека. 1. Основатель этого подхода: Жан-Пьер Галле, считал, что человек должен раскрыть ресурс, качества архетипа, который заблокирован. И тогда уходят симптомы. 2. В частности интересен подход Эдварда Уи","subpersonality","book_03","yes","yes","medium","none","","","","","Telegram Desktop/ChatExport_2026-09-04/messages.html","#message191"
"message192","default","29.11.2024 18:28:08 UTC-05:00","no","","0","0","Психогомеопатия: Алхимия души.","d7bd97a8acbda02192c40cf1f03269150b223f4feae8c45dc753e2905ff09ba6","ЭВОЛЮЦИЯ ИДЕИ АРХЕТИПИЧЕСКОГО ПОДХОДА В ГОМЕОПАТИИ. 1. Концепция Архетипа и Тени впервые была введена Карлом Густавом Юнгом. 2. Джеймс Хиллман (архетипичечкая психология) расширил подход, представляя через архетипы работу структур психики, включающие тень и свет. И проявляющиеся в символах. 3. Джеймс Кент расширил концепцию, соединив с архетипами конституцио","subpersonality","book_03","yes","yes","medium","none","","","","","Telegram Desktop/ChatExport_2026-09-04/messages.html","#message192"
"message193","default","29.11.2024 23:13:19 UTC-05:00","no","photos/photo_127@29-11-2024_23-13-19.jpg","1","0","Психогомеопатия: Алхимия души.","f9af8ecfa6d8262806859b28ebc6681d5d8220924f0cdff2d866730399586104","МИСТЕРИИ И ГОМЕОПАТИЯ Мистерии позволяют более комплексно пройти ту трансформацию, которую запускают препараты гомеопатии. Как видите, в моей подаче, гомеопатия приближается к искусству: - Каждый препарат несет образ, архетип, отражает внутреннюю боль и ресурс . - В каждом препарате заложена архетипическая модель трансформации. - Здесь скрыты мифы и образы г","deep_alchemical","book_04","yes","yes","medium","none","","","","","Telegram Desktop/ChatExport_2026-09-04/messages.html","#message193"
"message-62","service","","no","","0","0","Психогомеопатия: Алхимия души.","e3b0c44298fc1c149afbf4c8996fb92427ae41e4649b934ca495991b7852b855","","service_history","service","no","no","high","none","","","","","Telegram Desktop/ChatExport_2026-09-04/messages.html","#message-62"
"message194","default","30.11.2024 07:59:37 UTC-05:00","no","photos/photo_128@30-11-2024_07-59-37.jpg","1","0","Психогомеопатия: Алхимия души.","9685484973ec4a3ee333967935c23e3eef90fbac4f5212d8f3777296840abf29","ОРИГИНАЛЬНЫЕ ПРЕПАРАТЫ Гомеопатия - это информационный слепок вещества. Это матрица его воздействия. Т.е. по сути это магия, которая продается в магазинах.) Я уже рассказывал про необычный препарат ""Северный Полюс"" - он дает настройку на магнитные линии Планеты. Расскажу еще про некоторые: - Aqua Marina – морская вода, помогает при усталости, эмоциональном и","theory_method","book_01","yes","yes","medium","mention_only","Aqua Marina; Luna","aqua-marina","","","Telegram Desktop/ChatExport_2026-09-04/messages.html","#message194"
"message195","default","30.11.2024 18:12:51 UTC-05:00","no","photos/photo_129@30-11-2024_18-12-51.jpg","1","0","Психогомеопатия: Алхимия души.","cfe311c71b8722ce3c336125a118b416e45dc6c20b576902b9656d38ef19731e","МИСТЕРИЯ - это ритуально- символическое действие, направленное на трансформацию психики через связь с архетипами, эталонныии пластами сознания. Часто Мистерия - это способ включения в Божественные эгрегоры. И я провожу такие работы. В рамках Мистерии участник получает 1. Сонастройку с гранями Канала через символы расстановочного поля. 2. Трансформацию. Расст","deep_alchemical","book_04","yes","yes","medium","none","","","","","Telegram Desktop/ChatExport_2026-09-04/messages.html","#message195"
"message196","default","30.11.2024 18:47:28 UTC-05:00","no","photos/photo_130@30-11-2024_18-47-28.jpg","1","0","Психогомеопатия: Алхимия души.","62737ca190c993aa9508b0206d0c2c99a24852ecaf91103ba96b450cac58c9bc","Какие Мистерии можно провести: БОЖЕСТВЕННЫЕ МИСТЕРИИ #1. Египетские. Каналы: Осириса, Гора, Исиды, Амун Ра, Хатхор, Тефнут, Мин, Тот. #2. Греческие. Каналы: Гермеса, Диониса, Зевса, Посейдона, Эроса, Афродиты, Деметры и Персефоны, Артемиды. #3. Скандинавские. Каналы: Один, Тор, Эйр, Фрейр, Фрейя, Бальдр. А так же. МИСТЕРИИ ЖИЗНИ - 1. Мистерия Рождения (Прохо","other","out_of_scope","no","no","low","none","","","","","Telegram Desktop/ChatExport_2026-09-04/messages.html","#message196"
"message-63","service","","no","","0","0","Психогомеопатия: Алхимия души.","e3b0c44298fc1c149afbf4c8996fb92427ae41e4649b934ca495991b7852b855","","service_history","service","no","no","high","none","","","","","Telegram Desktop/ChatExport_2026-09-04/messages.html","#message-63"
"message197","default","03.12.2024 15:48:17 UTC-05:00","no","photos/photo_131@03-12-2024_15-48-17.jpg","1","0","Психогомеопатия: Алхимия души.","ca65c4641696a31ac435943ed4dd7fd2c3a3efbc81876e87359fcc609a5b4f6a","ПРИМЕР РАБОТЫ. 1. В начале я помогаю клиенту укрепить его личность, делая её более стабильной и уверенной. 2. Постепенно мы доходим до работы с фундаментом. Субличности — это выбитые камни в фундаменте личности, те части души, которые были вытеснены в результате шоковых травм детства. Взрослая личность «проваливается» в тех сферах, которые болезненны для её ","subpersonality","book_03","yes","yes","medium","none","","","","","Telegram Desktop/ChatExport_2026-09-04/messages.html","#message197"
"message198","default","03.12.2024 21:47:26 UTC-05:00","no","photos/photo_132@03-12-2024_21-47-26.jpg","1","0","Психогомеопатия: Алхимия души.","fb1e8b7d847450154e90bd39ce500a123726aa886dd1ecf85d90e19dabc4c683","SULPHUR (Мудрец). Ценный препарат. Он раскрывает смыслы. Освещает и открывает будущее. Для меня похож на образ отшельника с фонарем с 9м арканом Таро. ОПЫТ ПРИМЕНЕНИЯ Sulphur клиентам, которые потерялись, в стрессе, которые не знают что делать дальше, освещает путь. Появляется ощущение перспектив впереди. Актуально так же для тех, кто стремится к великому, к","remedy_card_support","book_02","yes","yes","high","supporting_post","Sulphur","sulphur","message113","","Telegram Desktop/ChatExport_2026-09-04/messages.html","#message198"
"message199","default","03.12.2024 21:54:01 UTC-05:00","no","photos/photo_133@03-12-2024_21-54-01.jpg","1","0","Психогомеопатия: Алхимия души.","573b9c216319c2282019860b811be79cf3688e8b697da7c837c85e6980c880c9","Традиционно считается, Sulphur применяется при избытке огня, хаоса в организме. Но опыт показывает, он так же эффективен, и при недостатке огня. Амбивалентен так же, как, впрочем, и Ferrum. Считается, что основное предназначение Ferrum - давать баланс очень жестким, ""железным"" людям. Но мой опыт показал, это работает и наоборот. Могу рассказать историю) Веду","remedy_card_support","book_02","yes","yes","high","supporting_post","Sulphur","sulphur","message113","","Telegram Desktop/ChatExport_2026-09-04/messages.html","#message199"
"message200","default","03.12.2024 22:16:52 UTC-05:00","no","photos/photo_134@03-12-2024_22-16-52.jpg","1","0","Психогомеопатия: Алхимия души.","21ef4b606fb82d0dcfc54d605f77984676d0b0d7afb2826bd5e6d8aec8f5774d","Sulphur — Мудрец огня В тумане жизни, в хаосе земном, Горит огонь в душе его бессонной. Он светит, как фонарь в ночи густой, И освещает путь душе бездонной. Он знает: истина — в уме , В его вершинах — через боль и праздность. Но хаос будней, дрязги дней, Терзают гения, стирая сладость. В костре философ ищет свой ответ, Согреть себя и мир, надежды взмахом Пор","remedy_card_support","book_02","yes","yes","high","supporting_post","Sulphur","sulphur","message113","","Telegram Desktop/ChatExport_2026-09-04/messages.html","#message200"
"message-64","service","","no","","0","0","Психогомеопатия: Алхимия души.","e3b0c44298fc1c149afbf4c8996fb92427ae41e4649b934ca495991b7852b855","","service_history","service","no","no","high","none","","","","","Telegram Desktop/ChatExport_2026-09-04/messages.html","#message-64"
"message201","default","04.12.2024 23:28:56 UTC-05:00","no","photos/photo_135@04-12-2024_23-28-56.jpg","1","0","Психогомеопатия: Алхимия души.","377827217e07a202f685e6db1fee9ca0b806821119a6ab150c5a3ec592cb7ab8","Расскажу еще кейс, который меня вдохновил. Обратилась ко мне девушка с запросом аппатия, бессилие, чувство отвержения, вообще работать не хочется и желаний нет. 1. На первой сессии я прописал препараты на проработку внутренней травмы, грусти. Результат через неделю: раскрылась внутренния сила, появилось желание жить. Но сохранялось чувство ранимости, страха ","theory_method","book_01","yes","yes","medium","none","","","","","Telegram Desktop/ChatExport_2026-09-04/messages.html","#message201"
"message-65","service","","no","","0","0","Психогомеопатия: Алхимия души.","e3b0c44298fc1c149afbf4c8996fb92427ae41e4649b934ca495991b7852b855","","service_history","service","no","no","high","none","","","","","Telegram Desktop/ChatExport_2026-09-04/messages.html","#message-65"
"message202","default","05.12.2024 11:52:20 UTC-05:00","no","photos/photo_136@05-12-2024_11-52-20.jpg","1","0","Психогомеопатия: Алхимия души.","a46385b3be19b5cdaab7e743de6a4be219e8972b5882b0fce699e86eb2e77b25","Pulsatilla Ты нежный цветок под ветрами мечты, Ищешь заботы, тепла и любви. Легкость твоя словно шепот весны Ведь сердце открыто, и нет в нем вины. Мягкостью полный, как шелк лепестка Ты тянешься к Солнцу из мрака слегка. Но страх одиночества — тень за спиной, С ним справиться нужно, чтоб здесь быть собой. Гибкость и нежность — твой дар от природы, Как жизни","remedy_mention","out_of_scope","no","no","low","mention_only","Pulsatilla","pulsatilla","","","Telegram Desktop/ChatExport_2026-09-04/messages.html","#message202"
"message203","default","05.12.2024 18:19:33 UTC-05:00","no","photos/photo_137@05-12-2024_18-19-33.jpg","1","0","Психогомеопатия: Алхимия души.","2956b835c66f9d84b258583ca76f4fd6e9e2024ef17f5d4987ce98444cb4a806","Услуга: АЛХИМИЯ ДУШИ (Архетипическая гомеопатия). - ЗАПРОСЫ: Чаще всего ко мне обращаются со ступорами: к деньгам, к работе, к отношениям и т.п. Когда нет энергии для движения вперед: страхи, бессилие, непонимание, что делать дальше, как выйти на новый уровень. - ЭФФЕКТ. Человек меняется изнутри. Появляется чувство уверенности, силы, энтузиазма. Ощущается ра","deep_alchemical","book_04","yes","yes","medium","mention_only","Aurum metallicum","aurum-metallicum","","","Telegram Desktop/ChatExport_2026-09-04/messages.html","#message203"
"message204","default","05.12.2024 20:19:11 UTC-05:00","no","photos/photo_138@05-12-2024_20-19-11.jpg","1","0","Психогомеопатия: Алхимия души.","6d453b3a61521f448b9ce89af64cc4fd0c76e86d24daa729fded00885d3a5684","Calcarea Carbonica - еще один из моих любимых препаратов. Он помогает клиентам мягко сделать шаг вперед в период страхов и ограничений. Движение в мир, к людям, к целям становится легким и приятным. Часто это похоже в образе на прорастание ростка сквозь асфальт. Или первое, мягкое прикосновения к вам лапы животного. ПОКАЗАНИЯ Препарат подходит к людям, перег","subpersonality","book_03","yes","yes","medium","mention_only","Calcarea Carbonica","calcarea-carbonica","","","Telegram Desktop/ChatExport_2026-09-04/messages.html","#message204"
"message205","default","05.12.2024 21:06:34 UTC-05:00","no","photos/photo_139@05-12-2024_21-06-34.jpg","1","0","Психогомеопатия: Алхимия души.","3b872638b3fc5bca6ea7ea21639218fa17fb78f5a876ff5ca7d10891e8d4aae7","Calcarea Carbonica - настройка. В панцире тихом, как в доме согретом Я прячусь от мира, от страхов в груди. Но мир увлекает цветами за склоном. К себе приглашает: ""Ты сможешь! Иди!"" Росток пробивается через преграды, Пусть хрупкий, но сильный, он тянется вверх. В душе у меня уж журчат водопады И страх исчезает. Я верю. Я есть. Боязнь перемен, одиночества тен","remedy_card","book_02","yes","yes","high","full_card","Calcarea Carbonica","calcarea-carbonica","message205","","Telegram Desktop/ChatExport_2026-09-04/messages.html","#message205"
"message-66","service","","no","","0","0","Психогомеопатия: Алхимия души.","e3b0c44298fc1c149afbf4c8996fb92427ae41e4649b934ca495991b7852b855","","service_history","service","no","no","high","none","","","","","Telegram Desktop/ChatExport_2026-09-04/messages.html","#message-66"
"message206","default","06.12.2024 17:24:18 UTC-05:00","no","photos/photo_140@06-12-2024_17-24-18.jpg","1","0","Психогомеопатия: Алхимия души.","057f6a28b57b7913a3eb1d7747a06e1aa47bc1b50c7da55b67b2c754e752794e","Иду по пляжу, смотрю людей... Как психотерапевт, могу сказать, Размер живота часто отражает количество душевных травм, которые мы заедаем.. ;) И со временем из все больше...","theory_method","book_01","yes","yes","medium","none","","","","","Telegram Desktop/ChatExport_2026-09-04/messages.html","#message206"
"message-67","service","","no","","0","0","Психогомеопатия: Алхимия души.","e3b0c44298fc1c149afbf4c8996fb92427ae41e4649b934ca495991b7852b855","","service_history","service","no","no","high","none","","","","","Telegram Desktop/ChatExport_2026-09-04/messages.html","#message-67"
"message207","default","07.12.2024 07:57:26 UTC-05:00","no","","0","0","Психогомеопатия: Алхимия души.","20950dd1607c5445662495d43b4fe0a0fb57d5354ffaf0bb0e9948eb58c28e4e","Вчера был на Контактной Импровизации. Тема: Подьем партнера. Вспомнилась присказка: - Вы не любите кошек? Да вы просто не умеете их готовить! Я не любил поднимать партнера, работать с весом. А оказалось все иначе.. Подьем, оказывается, это не пируэт. Подьем может раскрыть новые грани близости и контакта. Вес партнера не важен. Партнер помогает вам увеличить ","other","out_of_scope","no","no","low","none","","","","","Telegram Desktop/ChatExport_2026-09-04/messages.html","#message207"
"message-68","service","","no","","0","0","Психогомеопатия: Алхимия души.","e3b0c44298fc1c149afbf4c8996fb92427ae41e4649b934ca495991b7852b855","","service_history","service","no","no","high","none","","","","","Telegram Desktop/ChatExport_2026-09-04/messages.html","#message-68"
"message209","default","08.12.2024 19:18:18 UTC-05:00","no","photos/photo_141@08-12-2024_19-18-18.jpg","1","0","Психогомеопатия: Алхимия души.","fbdf83cc2fb4801d7eabd4ac83ae8e817dbd214b3c74bdd347dab71cb2314467","ТРАВМАТЕРАПИЯ #8. ТРАНСФОРМАЦИЯ ТРАВМЫ. ЭТАП 1. ШОК. Это самый сложный этап. Актуально: А) сразу после травматичного события (авария, смерть, насилие); Б) а так же, когда вы проваливаетесь в свою ранюю, травму, в теле возникает дрожь, сдавленность. При этом замирает дыхание и вы слабо контролируете свои реакции. Иногда теряется чувство опоры, как будто земля","theory_method","book_01","yes","yes","medium","mention_only","Arnica; Aconitum","arnica; arnica; aconitum","","","Telegram Desktop/ChatExport_2026-09-04/messages.html","#message209"
"message-69","service","","no","","0","0","Психогомеопатия: Алхимия души.","e3b0c44298fc1c149afbf4c8996fb92427ae41e4649b934ca495991b7852b855","","service_history","service","no","no","high","none","","","","","Telegram Desktop/ChatExport_2026-09-04/messages.html","#message-69"
"message211","default","09.12.2024 11:07:24 UTC-05:00","no","photos/photo_142@09-12-2024_11-07-24.jpg","1","0","Психогомеопатия: Алхимия души.","302876d4aeef9cd5cf652f5fd4bd45c07afbe681737135a2e21c18c998041bd0","ГОМЕОПАТИЯ ВЫСОКИХ ЧАСТОТ. Парадоксально, но это работает. РАССКАЖУ ПРО ДОЛИ РАЗВЕДЕНИЯ ВЕЩЕСТВА. - Чаще всего для клиентов подходит среднее разведение, D30. Условно, здесь доля активного вещества в пропорции 1 на число с 30 нулями. Т.е. физических молекул уже нет. Остается только энергетический след. - А еще есть высокое разведение D200. - И есть сверхвысок","theory_method","book_01","yes","yes","medium","none","","","","","Telegram Desktop/ChatExport_2026-09-04/messages.html","#message211"
"message-70","service","","no","","0","0","Психогомеопатия: Алхимия души.","e3b0c44298fc1c149afbf4c8996fb92427ae41e4649b934ca495991b7852b855","","service_history","service","no","no","high","none","","","","","Telegram Desktop/ChatExport_2026-09-04/messages.html","#message-70"
"message212","default","10.12.2024 08:49:00 UTC-05:00","no","photos/photo_143@10-12-2024_08-49-00.jpg","1","0","Психогомеопатия: Алхимия души.","86a60d2bb5cb13a0085ba6d49ea0cce00bbc476d5c409970e5038b9a164c5abb","ЖИВОТНОЕ СИЛЫ И ГОМЕОПАТИЯ. Наблюдал недавно за парением крупных птиц. В них столько силы, легкости стремительности. Мне стало интересно поисследовать тему Животного Силы с клиентами. Уточнить: - какое ваше животное силы - какая с ним связь, идет ли энергия - в чем причина блокировки связи - можно ли как-то на это повлиять через гомеопатию.","theory_method","book_01","yes","yes","medium","none","","","","","Telegram Desktop/ChatExport_2026-09-04/messages.html","#message212"
"message213","default","10.12.2024 08:49:00 UTC-05:00","no","","0","0","Психогомеопатия: Алхимия души.","e3b0c44298fc1c149afbf4c8996fb92427ae41e4649b934ca495991b7852b855","","empty_or_media","empty_or_media","no","no","medium","none","","","","","Telegram Desktop/ChatExport_2026-09-04/messages.html","#message213"
"message214","default","10.12.2024 08:50:15 UTC-05:00","no","photos/photo_144@10-12-2024_08-50-15.jpg","1","0","Психогомеопатия: Алхимия души.","558953e487b353b2a6f2db356f0ae87a9b2e29d38f7d32853749682b3f97d497","ЖИВОТНОЕ СИЛЫ И ГОМЕОПАТИЯ. КЕЙС 1. Интересно, можно ли Канал Животного Силы укрепить через гомеопатию? Оказалось, возможно! РАССКАЖУ НА ПРИМЕРАХ. Кейс 1. - Животное силы Это оказалась рысь. Гордая, самостоятельная, любознательная, но дистантная. - Связь в модели: Клиент не доверял своему животному силу, ожидая предательства. Как, впрочем, и животное силы пр","theory_method","book_01","yes","yes","medium","mention_only","Pulsatilla","pulsatilla","","","Telegram Desktop/ChatExport_2026-09-04/messages.html","#message214"
"message215","default","10.12.2024 08:51:27 UTC-05:00","no","photos/photo_145@10-12-2024_08-51-27.jpg","1","0","Психогомеопатия: Алхимия души.","354d6b50630148b68310f40879fbe9bd556804e251a58a98ef328bb916f62259","ЖИВОТНОЕ СИЛЫ И ГОМЕОПАТИЯ КЕЙС 2. - Животное силы Было похоже на лемура, немного потрепанного, жаждущего внимания. А клиент при этом дистанцировался. - Смысл системы: неспособность принять свою слабость блокирует личную силу. - Коррекция: Подошел препарат Calcarea Carbonika (Осторожный защитник). - Результат: Препарат укрепил внутреннюю часть, раненную и от","theory_method","book_01","yes","yes","medium","none","","","","","Telegram Desktop/ChatExport_2026-09-04/messages.html","#message215"
"message216","default","10.12.2024 10:07:28 UTC-05:00","no","photos/photo_146@10-12-2024_10-07-28.jpg","1","0","Психогомеопатия: Алхимия души.","5799a0c0fef69d3ed571bd43754b7f0f5610eba40aa02d64762d8e14c4e7e9d0","ЖИВОТНОЕ СИЛЫ И ГОМЕОПАТИЯ. КЕЙС 3. - Животное силы Было похоже на голодную, орущущую кошку, требующую внимания. Клиент при этом был обескуражен, не знал что делать и это ухудшало самочувствие. - смысл Недостаток поддержки вызывает падение сил. Но избегание своих потребностей и чувств гасит потенциал животного силы еще больше. - коррекция Подошел препарат Ig","theory_method","book_01","yes","yes","medium","mention_only","Ignatia Amara; Carbo vegetabilis","ignatia-amara; carbo-vegetabilis","","","Telegram Desktop/ChatExport_2026-09-04/messages.html","#message216"
"message-71","service","","no","","0","0","Психогомеопатия: Алхимия души.","e3b0c44298fc1c149afbf4c8996fb92427ae41e4649b934ca495991b7852b855","","service_history","service","no","no","high","none","","","","","Telegram Desktop/ChatExport_2026-09-04/messages.html","#message-71"
"message217","default","11.12.2024 17:57:00 UTC-05:00","no","photos/photo_147@11-12-2024_17-57-00.jpg","1","0","Психогомеопатия: Алхимия души.","804fca5d31be4a799b8749e9115efb81d7345cc280b4543282fc85088674002b","KALIUM SULPHURICUM Это тот препарат, который помогает выйти из ""болота"" жизни, старых ненужных связей и ограничений. Пепарат подходит в ситуациях, когда вы чувствуете себя ограниченными, изолированными, с недостатком тепла и любви, и у вас нет сил что-то изменить в жизни. ПРИМЕР: - При назначении этого препарата активизируется внутренняя сила, потенциал что-","remedy_card","book_02","yes","yes","high","full_card","Kalium Sulphuricum","kalium-sulphuricum","message217","","Telegram Desktop/ChatExport_2026-09-04/messages.html","#message217"
"message218","default","11.12.2024 18:16:01 UTC-05:00","no","photos/photo_148@11-12-2024_18-16-01.jpg","1","0","Психогомеопатия: Алхимия души.","4b796589a144354c21b751d6391fc03cc293baa021e593f752e2e5691d0b183f","Kalium sulphuricum — Калий сульфурикум - света посол, Там где застой, ты несешь жизни тон. Ты движешь потоки, рассеяв туман, Снимая застой, как живой талисман. В тканях, где боль, и в тенях тишины, Ты пробуждаешь потоки весны. В крови засияет поток чистоты, Ты путь очищенья, дыханье мечты. Где пепел остыл и застыла душа, Ты искру рождаешь в глазах, не спеша.","remedy_card_support","book_02","yes","yes","high","supporting_post","Kalium Sulphuricum","kalium-sulphuricum","message217","","Telegram Desktop/ChatExport_2026-09-04/messages.html","#message218"
"message-72","service","","no","","0","0","Психогомеопатия: Алхимия души.","e3b0c44298fc1c149afbf4c8996fb92427ae41e4649b934ca495991b7852b855","","service_history","service","no","no","high","none","","","","","Telegram Desktop/ChatExport_2026-09-04/messages.html","#message-72"
"message219","default","12.12.2024 09:55:24 UTC-05:00","no","photos/photo_149@12-12-2024_09-55-24.jpg","1","0","Психогомеопатия: Алхимия души.","3302ba6384a89261b36be285945ff8ca3e2e5722cfeea34a869ff8e9b0f1682a","ГОМЕОПАТИЯ ЧАСТЕЙ ДУШИ. - Мужские и Женские энергии. Я продолжаю исследование работы с частями души через гомеопатию. Меня вдохновил опыт активизации энергий Животного Силы через препараты. Я пошел дальше. С точки зрения системных расстановок/ моделирования, Модель Животное силы - это локус, который раскрывает внутренние смыслы человека, его ступоры и потенц","remedy_card","book_02","yes","yes","high","full_card","Coffea Cruda","coffea-cruda","message219","","Telegram Desktop/ChatExport_2026-09-04/messages.html","#message219"
"message220","default","12.12.2024 13:16:20 UTC-05:00","no","photos/photo_150@12-12-2024_13-16-20.jpg","1","0","Психогомеопатия: Алхимия души.","7b0bd8678d9720aebd304b0cc6c5e70884e9652f8605bfd9a1cb2fa6dafe7233","Coffea Cruda Препарат, который стабилизирует нервное возбуждение ума, чувств. А с другой стороны он добавляет активности, если ее не хватает. ПОКАЗАНИЯ: - Гиперактивность ума, постоянный поток мыслей. - Излишняя эмоциональность, восторг или тревога. - Энергия, переходящая в истощение. ОСНОВА: - Сырые кофейные зёрна. Символизируют стимуляцию, прилив энергии и","deep_alchemical","book_04","yes","yes","medium","mention_only","Coffea Cruda","coffea-cruda","","","Telegram Desktop/ChatExport_2026-09-04/messages.html","#message220"
"message221","default","12.12.2024 16:02:19 UTC-05:00","no","photos/photo_151@12-12-2024_16-02-19.jpg","1","0","Психогомеопатия: Алхимия души.","556303651ba00130d2dc232844bae2c9da7994325a04a0f0885304249d042db2","Coffea Cruda Ночь замирает, как тихий туман, Мысли кружатся, пылает вулкан. Огонь вдохновения горит, не смолкает, Свеча ж догорает, и силы теряет. Кофейный поток, ароматный глоток, Влечёт за собой, словно быстрый поток. Но яркое пламя, лишённое меры, Сжигает надежду, теряя размеры. Coffea шепчет: «Замедлись, вдохни, В огне твоём сила, но разум храни. Найди в","remedy_mention","out_of_scope","no","no","low","mention_only","Coffea Cruda","coffea-cruda","","","Telegram Desktop/ChatExport_2026-09-04/messages.html","#message221"
"message-73","service","","no","","0","0","Психогомеопатия: Алхимия души.","e3b0c44298fc1c149afbf4c8996fb92427ae41e4649b934ca495991b7852b855","","service_history","service","no","no","high","none","","","","","Telegram Desktop/ChatExport_2026-09-04/messages.html","#message-73"
"message222","default","13.12.2024 17:57:04 UTC-05:00","no","photos/photo_152@13-12-2024_17-57-04.jpg","1","0","Психогомеопатия: Алхимия души.","cd5c61021a6e289cb2f7a3d9f27bcbd8768876b9d3b7c47bd971ce77ff288eed","KALIUM ARSENICOSUM Я начал работать с новым препаратом, который подходит в особых ситуациях, где нужна дополнительная поддержка. Он хорош тем, что может проникать в глубину душевной боли, но при этом давать чувство стабильности и опоры. Он как круг, который вытягивает из пропасти и водоворотов душевных ран. Это архетип крайней тревожности, одиночества и внут","remedy_card","book_02","yes","yes","high","full_card","Kalium Arsenicosum","kalium-arsenicosum","message222","","Telegram Desktop/ChatExport_2026-09-04/messages.html","#message222"
"message-74","service","","no","","0","0","Психогомеопатия: Алхимия души.","e3b0c44298fc1c149afbf4c8996fb92427ae41e4649b934ca495991b7852b855","","service_history","service","no","no","high","none","","","","","Telegram Desktop/ChatExport_2026-09-04/messages.html","#message-74"
"message224","default","14.12.2024 12:00:16 UTC-05:00","no","photos/photo_153@14-12-2024_12-00-16.jpg","1","0","Психогомеопатия: Алхимия души.","e93264fce618f062c2ed36befb6eb609252baf619cae7a814ec3ea15c6f22b2c","Kalium Arsenicosum По канату тонкому, над пропостью тьмы Я шатаясь иду в путь, с надеждой пройти. Страх сковал уж шаги и колышит меня Но горит впереди свет, надежды звезда. Страх падения шепчет: «Назад, не спеши», Но круг света манит, выводя из глуши. Kalium скажет: «Поверь, ты себе лучший друг. Твоя сила внутри. Отпускай свой испуг». Тени пляшут вокруг, тян","remedy_mention","out_of_scope","no","no","low","mention_only","Kalium Arsenicosum","kalium-arsenicosum; kalium-arsenicosum","","","Telegram Desktop/ChatExport_2026-09-04/messages.html","#message224"
"message225","default","14.12.2024 12:04:32 UTC-05:00","no","photos/photo_154@14-12-2024_12-04-32.jpg","1","0","Психогомеопатия: Алхимия души.","f32c5d46c1c6ccfefd08271f8963403412dfde88ebc52dd0873490ce1d3f84c9","Как пишут клиенты, сеансы гомеопатии помогают большей интеграции: ___ ОТЗЫВ: 11/18 Пока что эффект интересный. Не то чтобы я стал больше осознавать какую-то боль или стал более эмоциональным, но как будто некое раздвоение движется к единству. Вместо того, чтобы некоторые мои эмоции ощущались как что-то отдельное, я чувствую единство.","theory_method","book_01","yes","yes","medium","none","","","","","Telegram Desktop/ChatExport_2026-09-04/messages.html","#message225"
"message227","default","14.12.2024 17:05:22 UTC-05:00","no","photos/photo_155@14-12-2024_17-05-22.jpg","1","0","Психогомеопатия: Алхимия души.","3956ee50a6f8028f0ac2fdffb3ebe3279ada6072f7b0e8fc6de7b09863102784","Calcarea Phosphorica. Меня удивил яркий эффект препарата. Потому решил его описать. Он как Солнце, которое разгоняет тучи страхов. Он как ветер, который развевает туман переживаний, чтобы светом заполнились ваши дни. Он полезен в ситуациях ступора, когда вы изолируетесь и не разрешаете новым возможностям и контактам прийти в свою жизнь. Препарат дает легкост","subpersonality","book_03","yes","yes","medium","none","","","","","Telegram Desktop/ChatExport_2026-09-04/messages.html","#message227"
"message228","default","14.12.2024 18:40:46 UTC-05:00","no","photos/photo_156@14-12-2024_18-40-46.jpg","1","0","Психогомеопатия: Алхимия души.","af63b19d4a47fb1e3c136d365d87a39ba9d543a9f4cb50a83aea3f803ac915b1","Avena Sativa (энергия овса). Это еще один препарат, который меня увлек. Работая с клиентами мне понравилось, какую он дает стремительность двигаться вперед. Он несет увлеченность, интерес, желание что-то созидать. В нем сладкая сила пробуждающегося ростка. Avena Sativa — используется для восстановления энергии, снятия усталости и повышения тонуса, мотивации,","remedy_card","book_02","yes","yes","high","full_card","Avena Sativa","avena-sativa","message228","","Telegram Desktop/ChatExport_2026-09-04/messages.html","#message228"
"message229","default","14.12.2024 19:01:05 UTC-05:00","no","","0","0","Психогомеопатия: Алхимия души.","a9334a1503352c90de3c437c2300f3852434b85e1ee5a4da3fbcfeb39a27025e","ПРИМЕЧАНИЕ. Скажу честно, чем крепче личность, тем меньше ей нужны базовые препараты, на уверенность, силу, безопасность. И иногда меня поражает, как буквально через 2 сессии клиенты меняются, обретают внутреннюю силу, опору, и большая часть базовых препаратов им уже не нужна. Это наглядно заметно. Для них становятся актуальны уже препараты второго уровня, п","theory_method","book_01","yes","yes","medium","none","","","","","Telegram Desktop/ChatExport_2026-09-04/messages.html","#message229"
"message-75","service","","no","","0","0","Психогомеопатия: Алхимия души.","e3b0c44298fc1c149afbf4c8996fb92427ae41e4649b934ca495991b7852b855","","service_history","service","no","no","high","none","","","","","Telegram Desktop/ChatExport_2026-09-04/messages.html","#message-75"
"message230","default","15.12.2024 00:06:39 UTC-05:00","no","photos/photo_157@15-12-2024_00-06-39.jpg","1","0","Психогомеопатия: Алхимия души.","f8a22d885da03f7ef46abe8b1324490c3bbd7da8b8eb398fc6a94d19969c1c18","Препарат Spongia Tosta (Морская губка). - Мягкая нежная морская губка сушится, обжигается огнем. Она становится твердой и колючей. Это символ человека, который пережил душевную травму. Препарат помогает вернуть человека в мягкое, живое, естественное состояние. Этот препарат, по принципу подобия, помогает в ситуациях личного бессилия, контроля другими, чувств","remedy_card","book_02","yes","yes","high","full_card","Spongia Tosta","spongia-tosta","message230","","Telegram Desktop/ChatExport_2026-09-04/messages.html","#message230"
"message231","default","15.12.2024 08:28:03 UTC-05:00","no","","0","0","Психогомеопатия: Алхимия души.","d63455eb018f982cf01b1064588672c21f2b28f040b80c260ba52a160b555713","Выдержки из пособия по гомеопатии Legeartis: - При запредельных стрессах возникает очаг запредельного торможения в коре мозга. - Очаг торможения в коре мозга устойчив. - В распоряжении живой системы практически нет механизмов, способных разблокировать очаг торможения. - Более того: со временем этот очаг в порядке экспансии захватывает в зону своего влияния н","theory_method","book_01","yes","yes","medium","none","","","","","Telegram Desktop/ChatExport_2026-09-04/messages.html","#message231"
"message232","default","15.12.2024 12:27:14 UTC-05:00","no","photos/photo_158@15-12-2024_12-27-14.jpg","1","0","Психогомеопатия: Алхимия души.","d554372aad9fc9ca81292c6861bb42245b33196143bdef0c1ae6372f0b7444ee","СВИНЕЦ и ТЕРАПИЯ. Исследую влияние различных алхимических символов и элементов. Заинтересовал эффект свинца (Lead/ plumbum). Прелесть в том, что его энергия целительна для отщепленных частей души. КАК ИДЕТ ПРОЦЕСС ИЗУЧЕНИЯ: - Я перебираю символы алхимических элементов, даже особо не зная где какой, но отслеживая влияние на личность и на стрессовую отщепленну","deep_alchemical","book_04","yes","yes","medium","none","","","","","Telegram Desktop/ChatExport_2026-09-04/messages.html","#message232"
"message233","default","15.12.2024 13:42:41 UTC-05:00","no","","0","0","Психогомеопатия: Алхимия души.","b4c08c058ca39267dac5e60b7b69553e3fd8c5a68d36f9f0edcdc5dc0c7c9be5","МЫШЬЯК И СВИНЕЦ в работе с травмой. Это базовые препараты. - Почему я все время говорю про травму? - Потому что при активизации отщепленных частей души, мы в первую очередь сталкиваемся с травматической историей. Так вот, оба эти препараты соответсвуют одной стадии алхимии, Nigredo, но действуют по-разному. - Если Свинец дает опору, когда невыносимо тяжело, ","deep_alchemical","book_04","yes","yes","medium","none","","","","","Telegram Desktop/ChatExport_2026-09-04/messages.html","#message233"
"message234","default","15.12.2024 14:02:28 UTC-05:00","no","photos/photo_159@15-12-2024_14-02-28.jpg","1","0","Психогомеопатия: Алхимия души.","5b00bded093b5f775d8645c1fb967d638a9149b96c6e33bd683dda727a91a70e","ЧЕТЫРЕ ЭТАПА АЛХИМИИ (Четыре стадии трансформации) Это наш план развития. Он может касаться развития личности, поддержки отщепленных частей души, развития новых навыков, отношений, развития вашего дела, бизнеса и т.п. Процесс везде проходит через 4 стадии. ФАЗА 1. ЧЕРНАЯ (NIGREDO). - очищение, признание слабостей -""тени"", свобождение, разрушение формы. Сжига","deep_alchemical","book_04","yes","yes","medium","mention_only","Aurum metallicum","aurum-metallicum","","","Telegram Desktop/ChatExport_2026-09-04/messages.html","#message234"
"message235","default","15.12.2024 15:35:42 UTC-05:00","no","photos/photo_160@15-12-2024_15-35-42.jpg","1","0","Психогомеопатия: Алхимия души.","22adaf5e0ba5163bfbfa426d5582f29730c5184ec3c71dedc82762534cf1017c","ФАЗА 1. ЧЕРНАЯ (NIGREDO) - работа с кризисом и травмой - отпускание страхов, привычек, отношений - смерть старого я СТАДИЯ 1. Кальцинация (сжигание, разрушение материи до пепла). Материалы: 1.1. Свинец: - символизирует начальную, отправную точку для трансформации; - через свинец мы отслеживаем свои ступоры, блоки, травмы. 1.2. Сера (Sulfur): - Активный огонь","theory_method","book_01","yes","yes","medium","none","","","","","Telegram Desktop/ChatExport_2026-09-04/messages.html","#message235"
"message236","default","15.12.2024 20:20:24 UTC-05:00","no","","0","0","Психогомеопатия: Алхимия души.","5afa466fbd36a0ef8f206a267660e8fbfcc52259eac0c852980abc6372b92cef","Психотерапия По сути это тоже способ алхимии (преобразования) психики. Философским камнем (катализатором) в психотерапии является личность психотерапевта, которая задает свои оттиски: - стабилизация психических процессов; - катализация/ ускорение психических процессов и т.п. Другими инструментами психотерапии являются: #2. Работа с Архетипическими образами (","deep_alchemical","book_04","yes","yes","medium","none","","","","","Telegram Desktop/ChatExport_2026-09-04/messages.html","#message236"
"message-76","service","","no","","0","0","Психогомеопатия: Алхимия души.","e3b0c44298fc1c149afbf4c8996fb92427ae41e4649b934ca495991b7852b855","","service_history","service","no","no","high","none","","","","","Telegram Desktop/ChatExport_2026-09-04/messages.html","#message-76"
"message237","default","16.12.2024 07:47:16 UTC-05:00","no","photos/photo_161@16-12-2024_07-47-16.jpg","1","0","Психогомеопатия: Алхимия души.","e4ef274b08e9a9e51a12d4d1035713a09c288e8c7590567b3328cd2d74aa5ebb","АЛХИМИЯ ФАЗА 1: ЧЕРНАЯ (NIGREDO). ЭТАП 1.2. ДИССОЛЮЦИЯ (растворение пепла в жидкости): - убирает остатки структур, доводит до состояния открытого восприятия. ЗАДАЧА: разрушение ложных стереотипов, установок, ограничений, страхов, которые сдерживают потенциал человека. МЕТОД: Мы начинаем работать с более высокочастотными препаратами гомеопатии, чтобы провести","deep_alchemical","book_04","yes","yes","medium","none","","","","","Telegram Desktop/ChatExport_2026-09-04/messages.html","#message237"
"message238","default","16.12.2024 07:48:18 UTC-05:00","no","photos/photo_162@16-12-2024_07-48-18.jpg","1","0","Психогомеопатия: Алхимия души.","2bc885d2c336006f27f4e3485100a467e4e0692992891dd3eb90072674c7bad2","АЛХИМИЯ. ФАЗА 2. БЕЛАЯ (АLBEDO) Формирование нужных качеств личности: - воссоздание из хаоса порядка - очищение материи и сознания - вычленение сильных сторон и качеств, востановление гармонии и баланса. ЭТАП 2.1. СЕПАРАЦИЯ Очищение вещества от примесей / несвойственных мыслей, суждений. Определение характера. Вычленение сути, ядра. Определение ключевых ценн","deep_alchemical","book_04","yes","yes","medium","none","","","","","Telegram Desktop/ChatExport_2026-09-04/messages.html","#message238"
"message239","default","16.12.2024 13:27:10 UTC-05:00","no","photos/photo_163@16-12-2024_13-27-10.jpg","1","0","Психогомеопатия: Алхимия души.","e0b220c41d24c76ac6df712a2440da472b07b2c6c1743077033a29452a073911","АЛХИМИЯ. ФАЗА 2. БЕЛАЯ (Albedo) ЭТАП 2.2. КОНЪЮКЦИЯ Формирование личности: - Соединение очищенных элементов/ качеств, - поиск и соединение лучших качеств вместе, - интеграция личности в единое целое. ЗАДАЧА: Очищение, сборка и синхронизация личностей и субличностей вместе. МЕТОД: Формат Мистерий: Звезда Рождения, Звезда Денег, Звезда Любви. МАТЕРИАЛЫ: В алхи","deep_alchemical","book_04","yes","yes","medium","none","","","","","Telegram Desktop/ChatExport_2026-09-04/messages.html","#message239"
"message240","default","16.12.2024 17:54:26 UTC-05:00","no","photos/photo_164@16-12-2024_17-54-26.jpg","1","0","Психогомеопатия: Алхимия души.","9c7257b68752cfc8a897d95a9604de0cc72ff14d0e7ea9dcba1cd549b01561d2","LYCOPODIUM Важный препарат для парней. Он про уверенность и смелость. Когда мы вместо того, чтобы казаться сильным и уверенным, начинаем по-настоящему чувствовать эту силу внутри. АРХЕТИП - Генерал - Тревожный генерал Он позволяет обрести внутри спокойную уверенность. ОСНОВА: Растенение плаун. Оно медленно но неустанно развивается, занимая все большую площад","remedy_card","book_02","yes","yes","high","full_card","Lycopodium","lycopodium","message240","","Telegram Desktop/ChatExport_2026-09-04/messages.html","#message240"
"message-77","service","","no","","0","0","Психогомеопатия: Алхимия души.","e3b0c44298fc1c149afbf4c8996fb92427ae41e4649b934ca495991b7852b855","","service_history","service","no","no","high","none","","","","","Telegram Desktop/ChatExport_2026-09-04/messages.html","#message-77"
"message241","default","17.12.2024 19:23:55 UTC-05:00","no","","0","0","Психогомеопатия: Алхимия души.","efa9a751af46c0209863038936bf041e909fe4f0db83073bf8a094d89d5256ca","Думаю, самое красивое что может быть в мире - сияние брильянта души. Не так важны параметры тела. Сияющие глаза прекрасны и обворожительны и у младеца, и старика. - Как много всего люди имеют - Как много всего желают и - Как мало из этого приносит настоящее счастье. Счастье часто это когда из суеты и соблазнов мира удается вернуться к себе настоящему, к свое","other","out_of_scope","no","no","low","none","","","","","Telegram Desktop/ChatExport_2026-09-04/messages.html","#message241"
"message-78","service","","no","","0","0","Психогомеопатия: Алхимия души.","e3b0c44298fc1c149afbf4c8996fb92427ae41e4649b934ca495991b7852b855","","service_history","service","no","no","high","none","","","","","Telegram Desktop/ChatExport_2026-09-04/messages.html","#message-78"
"message242","default","18.12.2024 08:53:26 UTC-05:00","no","","0","0","Психогомеопатия: Алхимия души.","7a02eaab936353922d015a234b1feb655d28a31b3c48d98c0821a6da27a87473","Наблюдения от работы с клиентами. В некоторых случаях подходят только высокие дозы разведения препаратов (что отражает глубину проблемы). Стандартные препараты, низкого разведения несут нулевой резонанс и минимальный эффект. Честно говоря, я вообще не представляю, как можно работать в классической гомеопатии, если не чувствовать препараты. Классическая проце","deep_alchemical","book_04","yes","yes","medium","none","","","","","Telegram Desktop/ChatExport_2026-09-04/messages.html","#message242"
"message-79","service","","no","","0","0","Психогомеопатия: Алхимия души.","e3b0c44298fc1c149afbf4c8996fb92427ae41e4649b934ca495991b7852b855","","service_history","service","no","no","high","none","","","","","Telegram Desktop/ChatExport_2026-09-04/messages.html","#message-79"
"message243","default","19.12.2024 08:33:26 UTC-05:00","no","","0","0","Психогомеопатия: Алхимия души.","0964d9d2093e35e99665106e294e0655c8bbd5b9b6eaed9ff2846cd0c5aaf06f","ЧТО ТАКОЕ АЛХИМИЯ ДУШИ (архетипическая гомеопатия). Это коррекция препаратами с вибрациями растений, ядов минералов и тд. Почему я считаю, что работать через препараты гомеопатии эффективнее, чем через другие практики: #1. Четкость воздействия. За основу берется реальное вещество с физическими свойствами, а не представление мага о нем. #2. Объективность. Раб","deep_alchemical","book_04","yes","yes","medium","none","","","","","Telegram Desktop/ChatExport_2026-09-04/messages.html","#message243"
"message244","default","19.12.2024 19:58:03 UTC-05:00","no","photos/photo_165@19-12-2024_19-58-03.jpg","1","0","Психогомеопатия: Алхимия души.","7648b7ff8632e3889a25b2c8bcfc0a09c16df732263ff93afa1f88c63718f1f1","CARBO VEGETABLES Ценный препарат, который я в последнее время прописываю все чаще в начальных стадиях терапии. Это древесный уголь. Он отражает состояние бессилия, физической и эмоциональной опустошенности. Когда уже отгорели все чувства. И внутри некоторая пустота. CARBO VEGETABLES Покрывает сухую истлевшую почвы души весенним дождем. И внутри начинают прор","remedy_card","book_02","yes","yes","high","full_card","Carbo vegetabilis","carbo-vegetabilis","message244","","Telegram Desktop/ChatExport_2026-09-04/messages.html","#message244"
"message-80","service","","no","","0","0","Психогомеопатия: Алхимия души.","e3b0c44298fc1c149afbf4c8996fb92427ae41e4649b934ca495991b7852b855","","service_history","service","no","no","high","none","","","","","Telegram Desktop/ChatExport_2026-09-04/messages.html","#message-80"
"message245","default","20.12.2024 16:12:36 UTC-05:00","no","photos/photo_166@20-12-2024_16-12-36.jpg","1","0","Психогомеопатия: Алхимия души.","d8ba7a54397cbaf036e9d97ab726ff5cda65086fdc5a6df1553e695edca366c4","CARBO VEGETABLES - настройка. Когда все чувства отгорели, И жизнь затихла, как зола, Когда мечты с небес осели, И в тишине сплелась тоска. Когда дыханье стало слабым, И тьма завесила твой путь, Когда исчезло слово «завтра», И сердце просит отдохнуть. Есть в самом пепле — искра света, Что дышит нежно, как звезда, И ждёт она тепла ответа, Чтоб вспыхнуть пламен","remedy_card_support","book_02","yes","yes","high","supporting_post","Carbo vegetabilis","carbo-vegetabilis","message244","","Telegram Desktop/ChatExport_2026-09-04/messages.html","#message245"
"message246","default","20.12.2024 17:35:49 UTC-05:00","no","","0","0","Психогомеопатия: Алхимия души.","6c6916eb3de46d87cd9033297b8476c6fc99f1c0d3bb923d12e7e62618f79500","ИНСТРУКЦИЯ. На личной сессии мы подбираем для оптимальные препараты и их частоты (дозы) через расстановки. Препараты начинают мягко трансформировать ваше состояние изнутри, соответственно архетипу, убирая симптомы. Для сонастройки с энергией препарата: 1) препарат можно принимать внутрь 2) можно настраиваться по фото 3) можно настраиваться через описание его","subpersonality","book_03","yes","yes","medium","none","","","","","Telegram Desktop/ChatExport_2026-09-04/messages.html","#message246"
"message247","default","20.12.2024 18:22:07 UTC-05:00","no","photos/photo_167@20-12-2024_18-22-07.jpg","1","0","Психогомеопатия: Алхимия души.","cfa5641bab91481d407a39744089e0e6613c460e9eafa6ab8f065dca52f4cc4e","SEPIA Есть еще один интересный препапат, который открывает ручьи чувств. А вместе с ними и ощущение полноты и яркости жизни. Данный препарат подходит для людей в архетипе ""снежная королева"", ""холодная деловая женщина"". Когда жизнь настолько полна стрессов, и предательств, что единственный способ спасти себя- скрыться, выключить свои чувства. А вместе с этим ","remedy_card","book_02","yes","yes","high","full_card","Sepia","sepia","message247","","Telegram Desktop/ChatExport_2026-09-04/messages.html","#message247"
"message-81","service","","no","","0","0","Психогомеопатия: Алхимия души.","e3b0c44298fc1c149afbf4c8996fb92427ae41e4649b934ca495991b7852b855","","service_history","service","no","no","high","none","","","","","Telegram Desktop/ChatExport_2026-09-04/messages.html","#message-81"
"message248","default","21.12.2024 09:02:14 UTC-05:00","no","","0","0","Психогомеопатия: Алхимия души.","a66d9ef0a9be20d707d45d8fe761920fff5805b6a78e5cd50ae49928271db590","ОСНОВЫ ЛИЧНОСТИ. Психика человека, весь комплект переживаний, установок и мотиваций базируется на базовых внутренних конфликтах (стрессах). Это как струны для скрипки. Этих струн-конфликтов выделяется около 8ми. И они играют жизнь человека. В психотерапии и гомеопатии мы настраиваем эти струны так, чтобы мелодия жизни человека была более гармонична. РАССКАЖУ","theory_method","book_01","yes","yes","medium","none","","","","","Telegram Desktop/ChatExport_2026-09-04/messages.html","#message248"
"message249","default","21.12.2024 16:33:16 UTC-05:00","no","photos/photo_168@21-12-2024_16-33-16.jpg","1","0","Психогомеопатия: Алхимия души.","1a04f171aed190d98ff954703a6444a85e575a2b4b087aaacd910dc07f2a91ba","SEPIA - настройка. Когда на сердце лёд и тени, И чувств растаял яркий свет, Когда уж в жизни нет движенья, И боль оставила лишь след. Когда в глазах угасли краски, И путь закрыт туманом дней, Когда живёшь за прочной маской, Вдали от чувств, любви своей. Вдруг тихий свет зальет пространство, Развеет мрак, растопит лед, Пробьется к сердцу вдохновение, И жизнь ","remedy_card_support","book_02","yes","yes","high","supporting_post","Sepia","sepia","message247","","Telegram Desktop/ChatExport_2026-09-04/messages.html","#message249"
"message-82","service","","no","","0","0","Психогомеопатия: Алхимия души.","e3b0c44298fc1c149afbf4c8996fb92427ae41e4649b934ca495991b7852b855","","service_history","service","no","no","high","none","","","","","Telegram Desktop/ChatExport_2026-09-04/messages.html","#message-82"
"message251","default","22.12.2024 00:15:17 UTC-05:00","no","","0","0","Психогомеопатия: Алхимия души.","e52ef31e1ef8fd6c05fdafca346e98c32cf011f020d0298c175532959e83509f","РАБОТА С АРХЕТИПОМ - в юнгианской психотерапии - и архетипической гомеопатии. Текущий этап жизни человека чаще всего подобен сценанию одного из архетипов. Архетип дает модели поведения. Каждый архетип имеет: 1. Персону (образ, представляющий качества архетипа); 2. Пространство архетипа (символы, описание его качеств); 3. Сценарий (модель успеха). МЕТОД РАБОТ","deep_alchemical","book_04","yes","yes","medium","none","","","","","Telegram Desktop/ChatExport_2026-09-04/messages.html","#message251"
"message252","default","22.12.2024 00:25:03 UTC-05:00","no","","0","0","Психогомеопатия: Алхимия души.","3f82e6b0c7627a145351288f8ff7ae373944f6d61defc6688ec1771c18a75c09","№3 - Подробнее СЦЕНАРИЙ ВЗАИМОДЕЙСТВИЯ С АРХЕТИПОМ (по Кембеллу). Можно по этому сценарию расписать каждый препарат и архетип. - Как это использовать? - мы определяем, на каком этапе мы находимся относительно своей проблемы. Данный план-сценарий позволяет понять что нам делать дальше: I. Отправление (Departure): 1. Обычный мир: Герой живёт в привычной среде.","deep_alchemical","book_04","yes","yes","medium","none","","","","","Telegram Desktop/ChatExport_2026-09-04/messages.html","#message252"
"message253","default","22.12.2024 01:04:30 UTC-05:00","no","","0","0","Психогомеопатия: Алхимия души.","0f0e14113dac9d61c116ce84840f62d4f00397251f25dfa131e7bf8267951bcb","Разберем на примере SEPIA 1. Архетип - Матери и Женщины: Это усталая мать, которая жертвует своими интересами ради семьи, часто ощущая внутреннее опустошение. Она забывает о своих потребностях, но стремится быть ""идеальной"". 2. Тень архетипа: Эмоциональное истощение, равнодушие, апатия. Ощущение, что она ""не на своём месте"" или что жизнь утратила смысл. Чувс","subpersonality","book_03","yes","yes","medium","mention_only","Sepia","sepia; sepia","","","Telegram Desktop/ChatExport_2026-09-04/messages.html","#message253"
"message254","service","","no","","0","0","Психогомеопатия: Алхимия души.","e3b0c44298fc1c149afbf4c8996fb92427ae41e4649b934ca495991b7852b855","","service_history","service","no","no","high","none","","","","","Telegram Desktop/ChatExport_2026-09-04/messages.html","#message254"
"message255","default","22.12.2024 22:01:33 UTC-05:00","no","","0","0","Психогомеопатия: Алхимия души.","6af3a2e582f4d0e7f48667948450f7bc6e614597c002f28c9dc8bb1623d53499","🦌 НОВОГОДНИЕ БОНУСЫ. 🦌 Ребята, с 27 декабря я буду продолжать вести личные сессии. Сейчас я изучаю наследие Майя. С 27/12 по 07/01 Вы можете выбрать себе бонус на выбор: 🎁БОНУС 1. ДИАГНОСТИКА. С 27/01 - 07/01 каждый человек может задать свой вопрос (отношения, деньги, перспективы и др.). Я сделаю для вас блиц- диагностику вашей ситуации в ПОДАРОК и плюс Б","subpersonality","book_03","yes","yes","medium","none","","","","","Telegram Desktop/ChatExport_2026-09-04/messages.html","#message255"
"message-83","service","","no","","0","0","Психогомеопатия: Алхимия души.","e3b0c44298fc1c149afbf4c8996fb92427ae41e4649b934ca495991b7852b855","","service_history","service","no","no","high","none","","","","","Telegram Desktop/ChatExport_2026-09-04/messages.html","#message-83"
"message256","default","24.12.2024 21:54:33 UTC-05:00","no","photos/photo_169@24-12-2024_21-54-33.jpg","1","0","Психогомеопатия: Алхимия души.","1eb8185b824eaf3cb066370e0e8a11082feb6608d2a34aeea9cafae88962ccf9","С Праздниками всех! А я еще немного расширю ваше восприятие гомеопатии. Гомеопатия, фактичечки, это магия/ энергия в бутылочке. Есть препараты, которые несут энергии/частоты растений, минералов. Но так же гомеопатию можно сделать на основе: - энергетического воздействия икон, алтарей; - воздействия нужных вам Планет и т.д. Как это делается? Например так. - С","theory_method","book_01","yes","yes","medium","none","","","","","Telegram Desktop/ChatExport_2026-09-04/messages.html","#message256"
"message-84","service","","no","","0","0","Психогомеопатия: Алхимия души.","e3b0c44298fc1c149afbf4c8996fb92427ae41e4649b934ca495991b7852b855","","service_history","service","no","no","high","none","","","","","Telegram Desktop/ChatExport_2026-09-04/messages.html","#message-84"
"message257","default","25.12.2024 23:39:56 UTC-05:00","no","photos/photo_170@25-12-2024_23-39-56.jpg","1","0","Психогомеопатия: Алхимия души.","d4652923771797efc2665990109fd28b3960f81a050e452e66a55291835cd3c9","KALIUM PHOSPHORICUM Отлично показал себя этот препарат в ситуациях, когда все пропало, хочется спрятаться и не взаимодействовать с миром. Препарат дает ощущение своей личной силы, гордости, самоуверенности. Препарат помогает в состоянии нервного истощения. Для сравнения, - Carbo работает с физическим истощением; - Phosphoricum Acidum эффективен при эмоционал","remedy_card","book_02","yes","yes","high","full_card","Kalium Phosphoricum","kalium-phosphoricum","message257","","Telegram Desktop/ChatExport_2026-09-04/messages.html","#message257"
"message-85","service","","no","","0","0","Психогомеопатия: Алхимия души.","e3b0c44298fc1c149afbf4c8996fb92427ae41e4649b934ca495991b7852b855","","service_history","service","no","no","high","none","","","","","Telegram Desktop/ChatExport_2026-09-04/messages.html","#message-85"
"message258","default","26.12.2024 00:37:11 UTC-05:00","no","photos/photo_171@26-12-2024_00-37-11.jpg","1","0","Психогомеопатия: Алхимия души.","7f4d1d0cba9e68d3e975e78cec978b3f846571dd43913613a3ae26eeaf855328","KALIUM PHOSPHORICUM - Настройка – Свет внутри Когда туман окутал разум, И сердце тихо говорит: «Нет сил идти, нет веры в завтра, И смысл забыт, и путь закрыт». Но в глубине души таится Искра надежды, тихий свет, Он ждёт момента, чтобы раскрыться, Даруя путь, мечту, совет. Kalium — факел, греет душу, И свет несёт в тревожный час. Он страх развеет, гнев остуди","remedy_card_support","book_02","yes","yes","high","supporting_post","Kalium Phosphoricum","kalium-phosphoricum","message257","","Telegram Desktop/ChatExport_2026-09-04/messages.html","#message258"
"message259","default","26.12.2024 18:17:02 UTC-05:00","no","photos/photo_172@26-12-2024_18-17-02.jpg","1","0","Психогомеопатия: Алхимия души.","77d98c08069364cbad4e01ca85b80db470146553b780b2f23378679301714ec9","АЛХИМИЯ. 3я стадия ЖЕЛТАЯ / CITRINITAS. Это ключевой этап нашей работы, внесение духа, жизни в очищенную материю. В архетипической гомеопатии мы работаем на этой стадии с препаратами про поиск смыслов, целей, идентичности. В алхимии на этом этапе работы применялись материалы, которые заполняли очищенный материал энергией, брожением, активизации внутренних пр","deep_alchemical","book_04","yes","yes","medium","mention_only","Aurum metallicum","aurum-metallicum","","","Telegram Desktop/ChatExport_2026-09-04/messages.html","#message259"
"message260","default","26.12.2024 18:43:32 UTC-05:00","no","photos/photo_173@26-12-2024_18-43-32.jpg","1","0","Психогомеопатия: Алхимия души.","98b670ff01c1c1714ea2d6036d74bfd0ad2eb05742e3b4bf31f3498ba2dfaa8d","3.2. ЭТАП РАСКРЫТИЯ ВНУТРЕННЕГО СВЕТА. На предыдущей стадии мы активировали духовные параметры объекта через внешние субстанции. А на данной стадии задача стоит раскрыть внутреннюю духовную силу самого вещества/ человека. Раскрытие истинного потенциала. Пробуждение брильянта души. Этап внутреннего озарения и духовной ясности. Когда дух начинает сиять через м","deep_alchemical","book_04","yes","yes","medium","mention_only","Aurum metallicum","aurum-metallicum","","","Telegram Desktop/ChatExport_2026-09-04/messages.html","#message260"
"message261","default","26.12.2024 20:26:52 UTC-05:00","no","photos/photo_174@26-12-2024_20-26-52.jpg","1","0","Психогомеопатия: Алхимия души.","38ea37a7dbc884d39d1c2e2ea9186ef17f3f818da69812fb4bcc96de8d78a1ea","КОМБИНАЦИИ ПРЕПАРАТОВ. - Сколько препаратов назначается за раз в архетипической гомеопатии? - Я обычно назначаю 2-3 препарата. В классической гомеопатии назначают один препарат за раз. И я их понимаю. Комбинация препаратов может как улучшить резонанс и эффект препаратов, а может и снизить резонанс. Потому в работе мне приходится тратить время на перепроверку","subpersonality","book_03","yes","yes","medium","none","","","","","Telegram Desktop/ChatExport_2026-09-04/messages.html","#message261"
"message-86","service","","no","","0","0","Психогомеопатия: Алхимия души.","e3b0c44298fc1c149afbf4c8996fb92427ae41e4649b934ca495991b7852b855","","service_history","service","no","no","high","none","","","","","Telegram Desktop/ChatExport_2026-09-04/messages.html","#message-86"
"message262","default","27.12.2024 16:02:54 UTC-05:00","no","","0","0","Психогомеопатия: Алхимия души.","d673a6a10b28bbcc1bdd7236bb4549c2eaed76e488e051688fe441b1d55549c1","КЛАССИЧЕСКАЯ ГОМЕОПАТИЯ Особенность классической гомеопатии в том, что мы обычно - не ограничиваемся лечением конкретных симптомов, - а скорее лечим человека в целом. Симптомы - это лишь проявление общего баланса здоровья человека, его души и тела. АРХЕТИПИЧЕСКАЯ ГОМЕОПАТИЯ акцентируется в первую очередь на укреплении психических параметров человека, как осн","subpersonality","book_03","yes","yes","medium","none","","","","","Telegram Desktop/ChatExport_2026-09-04/messages.html","#message262"
"message-87","service","","no","","0","0","Психогомеопатия: Алхимия души.","e3b0c44298fc1c149afbf4c8996fb92427ae41e4649b934ca495991b7852b855","","service_history","service","no","no","high","none","","","","","Telegram Desktop/ChatExport_2026-09-04/messages.html","#message-87"
"message263","default","28.12.2024 14:09:09 UTC-05:00","no","photos/photo_175@28-12-2024_14-09-09.jpg","1","0","Психогомеопатия: Алхимия души.","62269640ce4b8df1d0358a398982f18cbf084459b85f2f823e25a0bddafc705e","КАК РАБОТАТЬ С ГОМЕОПАТИЕЙ? Пить гомеопатию это только лишь один из вариантов. Задача: синхронизироваться с вибрацией препарата. Сам основатель гомеопатии, Ганеман, писал, что препараты не обязательно пить - их можно нюхать. Препараты можно держать в руке, носить с собой. Так как как каждый препарат это частота, сейчас созданы приборы биорезонанса, которые и","theory_method","book_01","yes","yes","medium","none","","","","","Telegram Desktop/ChatExport_2026-09-04/messages.html","#message263"
"message265","default","28.12.2024 14:47:02 UTC-05:00","no","photos/photo_176@28-12-2024_14-47-02.jpg","1","0","Психогомеопатия: Алхимия души.","32bcbdb95f5ece4629d8728c3bd1041defd70b4469f6705efc22ffbf246cf09c","КВАНТОВЫЕ ПРИНЦИПЫ ГОМЕОПАТИИ. Дозы, уровни разведения препаратов в гомеопатии на столько высоки, что они работают за числом Авогадро. Т.е. физических молекул вещества в препарате уже не остается. Остается только его информационный след. И законы работы препарата на этом уровне отвечают не физическим законам, а законам квантовой физики. В КВАНТОВОЙ ФИЗИКЕ ЕС","theory_method","book_01","yes","yes","medium","none","","","","","Telegram Desktop/ChatExport_2026-09-04/messages.html","#message265"
"message266","default","28.12.2024 23:37:13 UTC-05:00","no","","0","0","Психогомеопатия: Алхимия души.","1b2825c82b55a3bc5cbee18e3170aeb19c40c37fca073e69d90f51007f061fd7","ТРАВМАТЕРАПИЯ Сегодня я был на семинаре по осознанным движениям. Это очень интересно. В каждой клетке тела находится память о стрессовых чувствах. Через медленное, осознанное движение мы освобождаем клеточную память, отрабатываем прошлые стрессы. В чем фишка подхода? Мы следим за своим дыханием. - Какое дыхание, когда вы легли и расслабились? - А если поднял","theory_method","book_01","yes","yes","medium","none","","","","","Telegram Desktop/ChatExport_2026-09-04/messages.html","#message266"
"message-88","service","","no","","0","0","Психогомеопатия: Алхимия души.","e3b0c44298fc1c149afbf4c8996fb92427ae41e4649b934ca495991b7852b855","","service_history","service","no","no","high","none","","","","","Telegram Desktop/ChatExport_2026-09-04/messages.html","#message-88"
"message267","default","30.12.2024 16:12:53 UTC-05:00","no","","0","0","Психогомеопатия: Алхимия души.","038098e32b51a252bb8cddf227f81043d1732c00d7651077edad1f5809023169","НОВЫЙ АПГРЕЙД В РАБОТЕ 1. Сейчас в формате сессий РАСШИРЕННОЙ ГОМЕОПАТИИ я начал считывать не только - базовый смысл в вашей системе (причину проблем), - но и дополнительный скрытый, глубинный смысл. Такой формат работы позволяет проводить еше более четкую, прицельную коррекцию через препараты гомеопатии, что еще повышает эффективность работы.","theory_method","book_01","yes","yes","medium","none","","","","","Telegram Desktop/ChatExport_2026-09-04/messages.html","#message267"
"message269","default","30.12.2024 16:35:04 UTC-05:00","no","photos/photo_177@30-12-2024_16-35-04.jpg","1","0","Психогомеопатия: Алхимия души.","7a2900b687d8077990ed54fb05130b79b76fefbceb222158c74574fe8fb17c8b","АПГРЕЙД В РАБОТЕ 2. Я начинаю интегрировать психотерапию и работу с гомеопатией. Это дает большую глубину. Через образы психотерапии изменения в гомеопатии начинают быстрее встраиваются и мы получаем дополнительный инструмент для контроля процесса. КАКИЕ ЕСТЬ ВАРИАНТЫ: ВАРИАНТ 1. БАЗОВАЯ ГОМЕОПАТИЯ. Краткий анализ ситуации, подбор одного препарата, дистанцио","subpersonality","book_03","yes","yes","medium","none","","","","","Telegram Desktop/ChatExport_2026-09-04/messages.html","#message269"
"message-89","service","","no","","0","0","Психогомеопатия: Алхимия души.","e3b0c44298fc1c149afbf4c8996fb92427ae41e4649b934ca495991b7852b855","","service_history","service","no","no","high","none","","","","","Telegram Desktop/ChatExport_2026-09-04/messages.html","#message-89"
"message270","default","31.12.2024 21:50:25 UTC-05:00","no","photos/photo_178@31-12-2024_21-50-25.jpg","1","0","Психогомеопатия: Алхимия души.","6b9159f542cb94b1f337d6bdf661c2a31e976d06c55ddce1d34e2b56d19ea7c7","С Новым Годом! В Новый Год загадывают желание. Загадывайте! А мы реализуем :)","other","out_of_scope","no","no","low","none","","","","","Telegram Desktop/ChatExport_2026-09-04/messages.html","#message270"
"message-90","service","","no","","0","0","Психогомеопатия: Алхимия души.","e3b0c44298fc1c149afbf4c8996fb92427ae41e4649b934ca495991b7852b855","","service_history","service","no","no","high","none","","","","","Telegram Desktop/ChatExport_2026-09-04/messages.html","#message-90"
"message271","default","01.01.2025 14:29:27 UTC-05:00","no","photos/photo_179@01-01-2025_14-29-27.jpg","1","0","Психогомеопатия: Алхимия души.","d3d2b5c82b8982a732d58f67063ce4361e19ee4b08b01cf80ed017f51c3f5748","ОГРАНИЧЕНИЯ ГОМЕОПАТИИ Если гомеопатия такая крутая вещь, казалось бы, выпей сразу кучу препаратов и стань суперменом!!! Блин... так не работает. :( Гомеопатия помогает выращивать психику - как растение, как ребенка. На одном этапе нужна помощь в росте ""корешков"", потом ""вершков"" и т.д. Причем те препараты, который были актуальны сегодня, через 2 недели уже ","theory_method","book_01","yes","yes","medium","none","","","","","Telegram Desktop/ChatExport_2026-09-04/messages.html","#message271"
"message272","default","01.01.2025 20:09:17 UTC-05:00","no","photos/photo_180@01-01-2025_20-09-17.jpg","1","0","Психогомеопатия: Алхимия души.","9ed4aa4f1c4436d04b8a2df04adde7566304c650fb660401449d621bb69b8b30","АПГРЕЙД 3. ГОМЕОПАТИЯ ЧАСТЕЙ ДУШИ. Продвигаемся дальше в исследованиях. Я нашел новый способ как усилить воздействие на вытесненные части души (страхи, ступоры). Гомеопатия частей души. 1. Первый апгрейд был, когда я понял, что можно гомеопатией корректировать не только состояние человека, но и его субличности. Это оказалось более эффективно, чем классическа","subpersonality","book_03","yes","yes","medium","none","","","","","Telegram Desktop/ChatExport_2026-09-04/messages.html","#message272"
"message-91","service","","no","","0","0","Психогомеопатия: Алхимия души.","e3b0c44298fc1c149afbf4c8996fb92427ae41e4649b934ca495991b7852b855","","service_history","service","no","no","high","none","","","","","Telegram Desktop/ChatExport_2026-09-04/messages.html","#message-91"
"message273","default","02.01.2025 15:04:07 UTC-05:00","no","photos/photo_181@02-01-2025_15-04-07.jpg","1","0","Психогомеопатия: Алхимия души.","24255236a427c3bd2b96274f932851087442dc91669c22ef00daa551529b1928","АПГРЕЙД 4. Сегодня новый левел-ап в формате расширенная гомеопатия. УВЕЛИЧИЛ СКОРОСТЬ ВСТРАИВАНИЯ ПРЕПАРАТОВ. - ранее нам требовалось одна-две недели, чтобы препараты простояли 24 часа в день на фото, пока информация встроится. - сейчас я стал делать Эталонную Матрицу Человека и записывать в нее информацию с препаратов. И эта информация вместо двух недель, с","theory_method","book_01","yes","yes","medium","none","","","","","Telegram Desktop/ChatExport_2026-09-04/messages.html","#message273"
"message274","default","02.01.2025 20:12:46 UTC-05:00","no","","0","0","Психогомеопатия: Алхимия души.","dffe1eb68d45b15b75f210fbd38327295b1be6df4a3bfeef19241fabf3e79116","Вы скажите, зачем эти все ухищрения? Выпил препарат и все работает. Так-то, да не совсем. #1. На первых этапах, даже обычной гомеопатии результат заметен сразу. Уже через неделю, человек меняется значительно после коррекции. Это если мы работаем с телом или личностью. #2. Но через месяц-два работы мы подбираемся к более глубоким стрессам, программам, которые","subpersonality","book_03","yes","yes","medium","none","","","","","Telegram Desktop/ChatExport_2026-09-04/messages.html","#message274"
"message-92","service","","no","","0","0","Психогомеопатия: Алхимия души.","e3b0c44298fc1c149afbf4c8996fb92427ae41e4649b934ca495991b7852b855","","service_history","service","no","no","high","none","","","","","Telegram Desktop/ChatExport_2026-09-04/messages.html","#message-92"
"message275","default","05.01.2025 12:18:06 UTC-05:00","no","","0","0","Психогомеопатия: Алхимия души.","115eb4141996c50770fc23c1bb423849c4a8a851e6b9270294f913b4be0aab04","Гомеопатия Субличностей - меня потрясает новый формат работы. Ранее я прописывал на один симптом обычно 3 препарата за раз. Каждый как-то работает. Но если разобрать симптом (стресс, страх и т.п.) по частям, то оказывается, разные слои стресса проецируются на разные тонкие тела. И на разные грани стресса нужно работать разными препаратами. Потому просто пить","deep_alchemical","book_04","yes","yes","medium","none","","","","","Telegram Desktop/ChatExport_2026-09-04/messages.html","#message275"
"message276","default","05.01.2025 12:40:09 UTC-05:00","no","photos/photo_182@05-01-2025_12-40-09.jpg","1","0","Психогомеопатия: Алхимия души.","2c3037d037274ff9a05df03ce2adbefeeb8ec25580f23cecf345bd96d5f84b18","ГОМЕОПАТИЯ ЧАСТЕЙ ДУШИ. ПРИМЕР РАБОТЫ. 1. ЗАПРОС: работаю с запросом: проблемы с кожей, чувство подавленности. 2. АНАЛИЗ/ БЛИЦ-РАССТАНОВКА. СМЫСЛ: причина симптома: замирание, отторжение, когда к вам проявляют интерес, симпатию. 3. РАССТАНОВКА ЧАСТЕЙ ДУШИ Здесь я в работе начинаю исследовать субличности/ отщепленные части души и проявляется больше подробност","subpersonality","book_03","yes","yes","medium","mention_only","Natrum Muriaticum; Sulphur; Bryonia; Thuja; Aconitum","natrum-muriaticum; sulphur; bryonia; thuja; bryonia; thuja; aconitum","","","Telegram Desktop/ChatExport_2026-09-04/messages.html","#message276"
"message-93","service","","no","","0","0","Психогомеопатия: Алхимия души.","e3b0c44298fc1c149afbf4c8996fb92427ae41e4649b934ca495991b7852b855","","service_history","service","no","no","high","none","","","","","Telegram Desktop/ChatExport_2026-09-04/messages.html","#message-93"
"message277","default","06.01.2025 20:16:59 UTC-05:00","no","photos/photo_183@06-01-2025_20-16-59.jpg","1","0","Психогомеопатия: Алхимия души.","48fe699333bb69bd17af19862dac475d7710b5e3639229a8ae5f94f4ddea4ad3","STAPHYSAGRIA: Мистерия пробуждения Воина Духа. Этот уникальный препарат позволяет вернуть себе утраченную силу в ситуациях стыда, агрессии и принуждения. Он помогает восстановить ресурс психики, утраченный в стрессовых историях детства. ПОКАЗАНИЯ: - проблемы кожи, ЖКТ, мочеполовой системы; - чувство стыда, униженности, несправедливости; - сложность проявить ","remedy_card","book_02","yes","yes","high","full_card","Staphysagria","staphysagria","message277","","Telegram Desktop/ChatExport_2026-09-04/messages.html","#message277"
"message-94","service","","no","","0","0","Психогомеопатия: Алхимия души.","e3b0c44298fc1c149afbf4c8996fb92427ae41e4649b934ca495991b7852b855","","service_history","service","no","no","high","none","","","","","Telegram Desktop/ChatExport_2026-09-04/messages.html","#message-94"
"message278","default","07.01.2025 13:04:57 UTC-05:00","no","photos/photo_184@07-01-2025_13-04-57.jpg","1","0","Психогомеопатия: Алхимия души.","debc2ec491f6fbc529660046c9de6888583fc19de0b65f3687f547afe4bdc517","Гомеопатия работает хорошо. Мягко, но кардинально.","theory_method","book_01","yes","yes","medium","none","","","","","Telegram Desktop/ChatExport_2026-09-04/messages.html","#message278"
"message279","default","07.01.2025 16:44:23 UTC-05:00","no","photos/photo_185@07-01-2025_16-44-23.jpg","1","0","Психогомеопатия: Алхимия души.","460593d98e3709626979a0a0e4a021def3a331ecc289affb199ff9008f2b7709","Staphysagria — мистерия свободы Когда внутри огонь сжигает, Но о себе на даст сказать, Когда молчанье нарастает, А сердце рвется закричать. Когда в глазах затихли искры, И груз стыда терзает дух, Когда снаружи — мир так близко, Но а внутри — мученья круг. То вдруг приходит миг прозренья, И Staphysagria — зовёт: ""Ты заслужил освобожденье, Твой истинный настал","theory_method","book_01","yes","yes","medium","mention_only","Staphysagria","staphysagria; staphysagria","","","Telegram Desktop/ChatExport_2026-09-04/messages.html","#message279"
"message-95","service","","no","","0","0","Психогомеопатия: Алхимия души.","e3b0c44298fc1c149afbf4c8996fb92427ae41e4649b934ca495991b7852b855","","service_history","service","no","no","high","none","","","","","Telegram Desktop/ChatExport_2026-09-04/messages.html","#message-95"
"message282","default","08.01.2025 19:30:22 UTC-05:00","no","","0","0","Психогомеопатия: Алхимия души.","ea4790b2ebb5815827fc1f36eefd7ffd38cb7e3c1344736b82adb23485024503","ПРИМЕР РАБОТЫ. Мы работали с клиенткой с темами любви. - СИТУАЦИЯ: был постоянный дефицит; потребность в любви, внимании. - НАЗНАЧЕНИЕ: Pulsatilla, Avena, Ferrum. СРОК: 2 недели. - ЭФФЕКТ: Клиентка говорит, через неделю мне так стало хорошо с собой, гармонично, ушла потребность кого-то и что-то искать. Я наслаждаюсь своей жизнью. А через 2 недели сами объяви","remedy_mention","out_of_scope","no","no","low","mention_only","Pulsatilla","pulsatilla","","","Telegram Desktop/ChatExport_2026-09-04/messages.html","#message282"
"message283","default","08.01.2025 21:06:55 UTC-05:00","no","","0","0","Психогомеопатия: Алхимия души.","d57480a7eba9a95a41bffc42fdf47cc0bcd125049c633d7805fd4576eca02073","STAPHYSAGRIA Исцеляющий стих, Для преодаления травмы отвержения. Дверей тех, что закрылись, больше нет, Ты сам идёшь вперед, навстречу к свету. Не может внешний мир отнять ответ, Который в сердце зажигает лето. Тебя лишили дома, не корней, Твоё достоинство всегда с тобою. Ты больше не изгнанник средь людей, Ты сам творишь мир счастья и покоя. Ты больше не за","remedy_card_support","book_02","yes","yes","high","supporting_post","Staphysagria","staphysagria","message277","","Telegram Desktop/ChatExport_2026-09-04/messages.html","#message283"
"message-96","service","","no","","0","0","Психогомеопатия: Алхимия души.","e3b0c44298fc1c149afbf4c8996fb92427ae41e4649b934ca495991b7852b855","","service_history","service","no","no","high","none","","","","","Telegram Desktop/ChatExport_2026-09-04/messages.html","#message-96"
"message284","default","09.01.2025 08:26:39 UTC-05:00","no","","0","0","Психогомеопатия: Алхимия души.","aa2f73ffbbebe72cb77575b681eeba2037b774d4a50897a550f041beea28424a","Я так подумал, ситуация войны в Украине, когда многим пришлось оставить свои дома, стать изнанниками - получается это тоже к каком-то смысле ситуация отвержения и изгнания. И как предлагает стих, даже если нет дома, все равно есть корни, личные корни, которые питают силой и свободой. __ когда мы исследуем Древние Культуры в Академии мы тоже отращиваем себе к","other","out_of_scope","no","no","low","none","","","","","Telegram Desktop/ChatExport_2026-09-04/messages.html","#message284"
"message285","default","09.01.2025 17:33:42 UTC-05:00","no","photos/photo_186@09-01-2025_17-33-42.jpg","1","0","Психогомеопатия: Алхимия души.","5852d8d9102a880ccca5ae6cdc1cdb130545cd842fc36eb120a02dab68dfe60a","SECALE CORNUTUM Мистерия Жизни. Это препарат, который позволяет отпустить страх, ступор, замирание - и позволить себе жить, дышать, растекаться внутри энергии жизни. 1. ПОКАЗАНИЯ - когда замирает сердце, грудь, человек сдерживает, таит свои эмоции, - когда человек замирает, боится и блокирует изменения, - спазмы, чувство сдавливания, сложно расслабиться - хо","remedy_card","book_02","yes","yes","high","full_card","Secale Cornutum","secale-cornutum","message285","","Telegram Desktop/ChatExport_2026-09-04/messages.html","#message285"
"message286","default","09.01.2025 17:48:00 UTC-05:00","no","photos/photo_187@09-01-2025_17-48-00.jpg","1","0","Психогомеопатия: Алхимия души.","fe8ea39feab29c1267a3ccf9173ac0dcf3b73e8dcade858e6dd6d5abc8f4a784","Secale Cornutum – пробуждение потока. Когда туман застыл в груди, И сердце бьётся в пустоте, Когда замёрз поток в пути, И жизнь запуталась во тьме. Когда замкнуло круг сомнений, И каждый шаг — как в никуда, Когда без света, без движенья, В глазах застыла темнота. Но сквозь холодный серый лёд Вдруг пробуждается движенье, Secale светом жизнь несёт, Даруя лёгко","remedy_mention","out_of_scope","no","no","low","mention_only","Secale Cornutum","secale-cornutum; secale-cornutum","","","Telegram Desktop/ChatExport_2026-09-04/messages.html","#message286"
"message287","default","09.01.2025 18:12:04 UTC-05:00","no","","0","0","Психогомеопатия: Алхимия души.","98f16efb2d047b58043deb97be5c698f72507f21c6a0e1d4151b29b1034df839","ОБНОВЛЕНИЕ. Как выяснилось, - у некоторых симптомов источник скрыт в параметрах личности (страхи, комплексы), - в некоторых случаях надо идти глубже, в отщепленные детские части души (субличности), - а иногда, оказывается, причина может скрываться еще глубже, в Ядре Души: тех травмах, которые сформировались еще до рождения. Сейчас я начинаю постепенно работа","subpersonality","book_03","yes","yes","medium","none","","","","","Telegram Desktop/ChatExport_2026-09-04/messages.html","#message287"
"message-97","service","","no","","0","0","Психогомеопатия: Алхимия души.","e3b0c44298fc1c149afbf4c8996fb92427ae41e4649b934ca495991b7852b855","","service_history","service","no","no","high","none","","","","","Telegram Desktop/ChatExport_2026-09-04/messages.html","#message-97"
"message289","default","10.01.2025 23:22:03 UTC-05:00","no","photos/photo_188@10-01-2025_23-22-03.jpg","1","0","Психогомеопатия: Алхимия души.","e79a9b3922bfdb18e691944c31c2ae67c184ee6d7616473307f2e1aa828c3d49","Психотерапия + гомеопатия. - это фундамент, который нужно понимать для работы с психическими процессами через гомеопатию. По опыту работы с клиентами в психотерапии, одна из основных сложностей возникает на самом первом, базовом этапе работы - формирование безопасного, защищенного пространства внутри. Порой это совсем не просто сделать. - Почему? - Часто при","theory_method","book_01","yes","yes","medium","none","","","","","Telegram Desktop/ChatExport_2026-09-04/messages.html","#message289"
"message-98","service","","no","","0","0","Психогомеопатия: Алхимия души.","e3b0c44298fc1c149afbf4c8996fb92427ae41e4649b934ca495991b7852b855","","service_history","service","no","no","high","none","","","","","Telegram Desktop/ChatExport_2026-09-04/messages.html","#message-98"
"message290","default","11.01.2025 11:17:20 UTC-05:00","no","photos/photo_189@11-01-2025_11-17-20.jpg","1","0","Психогомеопатия: Алхимия души.","090408390b4b336ae36b60c06518166b68958695c591c3b8c0d48f685d661dbb","СПАЗМ ДЫХАНИЯ. При стрессе порой у нас возникает сжатость, замирание, спазм дыхания. Это отражение стресса, пережитого на одной из четырех стадий беременности. Через описание стрессов можно выявить нужную стадию, источник напряжения: Пробуйте отследить, спазмы и стрессы какого этапа вам более откликаются. #1. МАТРИЦА ЕДИНСТВА На первом этапе спазм дыхания св","theory_method","book_01","yes","yes","medium","none","","","","","Telegram Desktop/ChatExport_2026-09-04/messages.html","#message290"
"message291","default","11.01.2025 12:50:55 UTC-05:00","no","","0","0","Психогомеопатия: Алхимия души.","9e6f1bae53f635f48213c82b8a2109e82d849408fd332307667ee99dc6d3dbaf","СЦЕНАРИЙ РОЖДЕНИЯ То, как вы проходили 4ре этапа беременности и рождения определяет то, как в дальнейшем у вас складываются все дела в вашей жизни. Что делать? - можно разобраться, т.е. провести расстановку; - а так же выявить и поддержать отщепленные части души через гомеопатию. Так как эти детские части довольно слабые и часто травмированны, для начала луч","subpersonality","book_03","yes","yes","medium","none","","","","","Telegram Desktop/ChatExport_2026-09-04/messages.html","#message291"
"message-99","service","","no","","0","0","Психогомеопатия: Алхимия души.","e3b0c44298fc1c149afbf4c8996fb92427ae41e4649b934ca495991b7852b855","","service_history","service","no","no","high","none","","","","","Telegram Desktop/ChatExport_2026-09-04/messages.html","#message-99"
"message292","default","14.01.2025 16:10:48 UTC-05:00","no","","0","0","Психогомеопатия: Алхимия души.","31a610cfefa7dab33490d7593b655644244640df04c8e06d9461763c9fbaa7a1","ГОМЕОПАТИЯ И ДЕНЬГИ. Надо сказать, что чуть ли не большая часть всех запросов ко мне это про деньги. Вариации: - страх общения с людьми - неуверенность - сложность общения с клиентами, клиенты дают мало денег и т.п. Казалось бы, ну при чем здесь гомеопатия? А как оказалось именно через этот метод удается найти ключевое решение проблем. Поясню. #1. Через расс","deep_alchemical","book_04","yes","yes","medium","none","","","","","Telegram Desktop/ChatExport_2026-09-04/messages.html","#message292"
"message-100","service","","no","","0","0","Психогомеопатия: Алхимия души.","e3b0c44298fc1c149afbf4c8996fb92427ae41e4649b934ca495991b7852b855","","service_history","service","no","no","high","none","","","","","Telegram Desktop/ChatExport_2026-09-04/messages.html","#message-100"
"message293","default","15.01.2025 21:40:49 UTC-05:00","no","","0","0","Психогомеопатия: Алхимия души.","d1e366406d1220ba15f98b8706728048c09974ab4ddd9718dc6d3fb6408a5d0d","ТЕРАПИЯ СУБЛИЧНОСТЕЙ. ОБНОВЛЕНИЕ. К терапии субличностей добавился 4й этап: Архетипическая поддержка. Т.о. сейчас коррекция субличностей проходит 4 этапа. Этап 1. Выявление субличности, поддержка через препараты гомеопатии. Это быстро и действенно. Восстанавливает ресурс. Этап 2. Глубокая коррекция. Мы выявляем скрытые программы субличности, и делаем коррекц","deep_alchemical","book_04","yes","yes","medium","none","","","","","Telegram Desktop/ChatExport_2026-09-04/messages.html","#message293"
"message-101","service","","no","","0","0","Психогомеопатия: Алхимия души.","e3b0c44298fc1c149afbf4c8996fb92427ae41e4649b934ca495991b7852b855","","service_history","service","no","no","high","none","","","","","Telegram Desktop/ChatExport_2026-09-04/messages.html","#message-101"
"message294","default","16.01.2025 17:54:19 UTC-05:00","no","photos/photo_190@16-01-2025_17-54-19.jpg","1","0","Психогомеопатия: Алхимия души.","14a4688f9c18fbe8af0d44bcc56f60d73b60802133cab14c88cd2fcabbc195c2","HYPERICUM PERFORATUM Интересный препарат, который дает возвращение силы, способность постоять за себя, самоуверенность, защиту своего мнения при страхе осуждения /обнаружено опытным путем/. ОСНОВА: За этим хитрым названием - скрывается зверобой. Он имеет прожилки в структуре и воспринимается, будто он напитан светом. В медицине зверобой используется для лече","remedy_card","book_02","yes","yes","high","full_card","Hypericum Perforatum","hypericum-perforatum","message294","","Telegram Desktop/ChatExport_2026-09-04/messages.html","#message294"
"message-102","service","","no","","0","0","Психогомеопатия: Алхимия души.","e3b0c44298fc1c149afbf4c8996fb92427ae41e4649b934ca495991b7852b855","","service_history","service","no","no","high","none","","","","","Telegram Desktop/ChatExport_2026-09-04/messages.html","#message-102"
"message295","default","20.01.2025 12:09:16 UTC-05:00","no","","0","0","Психогомеопатия: Алхимия души.","d18dd26b68fc39b6543c2e62c0a1a256087a6036c0c854a03da500ce921a4b3a","Наблюдения по работе с ранними травмами/ стрессами (проблемы с кожей и тп). Что интересно, в таких случаях порой помогает добавлять энергии 5 Аркана Таро в мандалу человека. Это делает психику человека крепче, устойчивей к внешним воздействиям. Ну а так же помогают такие препараты как - Calcarea Carbonica - способность ощущать свои границы, - Ferrum Phosphor","deep_alchemical","book_04","yes","yes","medium","mention_only","Ferrum Phosphoricum; Calcarea Carbonica","ferrum-phosphoricum; calcarea-carbonica","","","Telegram Desktop/ChatExport_2026-09-04/messages.html","#message295"
"message-103","service","","no","","0","0","Психогомеопатия: Алхимия души.","e3b0c44298fc1c149afbf4c8996fb92427ae41e4649b934ca495991b7852b855","","service_history","service","no","no","high","none","","","","","Telegram Desktop/ChatExport_2026-09-04/messages.html","#message-103"
"message298","default","22.01.2025 09:05:03 UTC-05:00","no","","0","0","Психогомеопатия: Алхимия души.","c78d157c2a02e03e05a7da6b395e08a7d9a77cbe98de7042a2a2f1b3ba9e8777","https://youtu.be/4NrryHcEF1A?si=hFcMiF7D0-kcGm57 Это отзыв от клиентки из Лос Анджелеса (англ). Мы работали с темой отношений. За 3 сессии от ситуации ревности и разрыва мы перешли к большей бережности, глубине в контакте. Для этого через гомеопатию компенсировали темы внутренней пртребности в любви, заботи, смелость в выражении себя. И после коррекции, поме","theory_method","book_01","yes","yes","medium","none","","","","","Telegram Desktop/ChatExport_2026-09-04/messages.html","#message298"
"message299","default","22.01.2025 14:05:12 UTC-05:00","no","","0","0","Психогомеопатия: Алхимия души.","ea6206916e103bbc9656a9c6a4f06804ba6fa2a0fbeaac1a32d4bbeb6d857a66","АПГРЕЙД Я научился работать в гомеопатии с более глубокими, сложными травмами и проблемами. Обычно в их основе лежат ранние стрессы, истории, которые произошли до 3х лет. Мы выделяем травму через субличности и мягко ее поддерживаем в гомеопатии и терапии. Раньше у меня это не получалось. Мои препараты не подходили. Для таких историй сейчас начинаю работать с","subpersonality","book_03","yes","yes","medium","none","","","","","Telegram Desktop/ChatExport_2026-09-04/messages.html","#message299"
"message300","default","22.01.2025 19:50:29 UTC-05:00","no","","0","0","Психогомеопатия: Алхимия души.","a4ae4eb5b0bf591fe2891708559ba946683b56f028b57f9004b0b82f194ef7cc","У меня спрашивают, коррекция держится постоянно? Да. Энергия препарата встраивается в организм. Она меняет параметры, качества вашей личности. Но я считаю, чтобы эффект четче закрепился, лучше сделать 4 сессии на один запрос, подкрепляя ситуацию с разных сторон. - Сколько это по времени? - В целом, 2 месяца. Пепараты/ качества с каждой сессии встраиваются пр","theory_method","book_01","yes","yes","medium","none","","","","","Telegram Desktop/ChatExport_2026-09-04/messages.html","#message300"
"message-104","service","","no","","0","0","Психогомеопатия: Алхимия души.","e3b0c44298fc1c149afbf4c8996fb92427ae41e4649b934ca495991b7852b855","","service_history","service","no","no","high","none","","","","","Telegram Desktop/ChatExport_2026-09-04/messages.html","#message-104"
"message301","default","23.01.2025 00:02:07 UTC-05:00","no","","0","0","Психогомеопатия: Алхимия души.","de10672a71b448b470f499a0129283c35a679d1f294092deef504f6d653455e0","https://www.instagram.com/reel/DB3oxw7OiMf/?igsh=MWx6OXBwdXI3OHZ1ZQ== Рилз про детей, воспитанных нарциссичными родителями (на английском). Но к сожаление, мне кажется это не редкость :( __ Собственно говоря, эти ранние стрессы мы и вытаскиваем и перерабатываем через гомеопатию субличностей.","subpersonality","book_03","yes","yes","medium","none","","","","","Telegram Desktop/ChatExport_2026-09-04/messages.html","#message301"
"message302","default","23.01.2025 13:11:48 UTC-05:00","no","","0","0","Психогомеопатия: Алхимия души.","7019f4b3ae8f23a66e373b72165686b52cc0f38611aeb06c06344dbb67dcde58","Наблюдения Антона о том, как работает Гомеопатия субличностей. Удалось найти, глубокие причины страхов к делам, проявленности. Там где раньше был страх - стало больше смелости, уверенности, опоры на себя.","subpersonality","book_03","yes","yes","medium","none","","","","","Telegram Desktop/ChatExport_2026-09-04/messages.html","#message302"
"message303","default","23.01.2025 15:09:34 UTC-05:00","no","photos/photo_191@23-01-2025_15-09-34.jpg","1","0","Психогомеопатия: Алхимия души.","844a28270935dfce3561b89646a7b353818827ceaa943af7541ea7861290c5b4","ВИДЫ ГОМЕОПАТИИ. #1. КЛАССИЧЕСКАЯ ГОМЕОПАТИЯ Ориентирована на проблемы здоровья и психики. Подбирается один препарат по симптомам и конституции человека. /Ганеман, Кент, Витулкас #2. ХОЛИСТИЧЕСКАЯ ГОМЕОПАТИЯ. Анализируется не только симптом, но образ жизни человека, эмоции, страхи, установки, социальные факторы. Предлагается несколько препаратов. Могут добав","deep_alchemical","book_04","yes","yes","medium","none","","","","","Telegram Desktop/ChatExport_2026-09-04/messages.html","#message303"
"message304","default","23.01.2025 15:14:27 UTC-05:00","no","photos/photo_192@23-01-2025_15-14-27.jpg","1","0","Психогомеопатия: Алхимия души.","ab8da50232b3d786788fb68442c3650e2f22844fec3c96465b30d75ecb6648d1","ВИДЫ ГОМЕОПАТИИ Ч2 #6. РЕЗОНАНСНАЯ ГОМЕОПАТИЯ. Препарат подбирается по резонансу с организмом с помощью приборов биорезонанса. Цель: увеличение баланса. Может добавляться ароматерапия, звукотерапия, цветотерапия, работа с кристаллами и энергиями рейки, феншуй, настройка пространства через символы, артефакты. #7. ИНФОРМАЦИОННАЯ ГОМЕОПАТИЯ. Подход близкий к пр","subpersonality","book_03","yes","yes","medium","none","","","","","Telegram Desktop/ChatExport_2026-09-04/messages.html","#message304"
"message305","default","23.01.2025 15:42:53 UTC-05:00","no","photos/photo_193@23-01-2025_15-42-53.jpg","1","0","Психогомеопатия: Алхимия души.","64ff94365223f39603a4f1fc0edd9f0b539676a79cd453eb48e4e2d251153a3e","Ого.. я даже не ожидал такой широты методов гомеопатии. Мне, как психотерапевту в методе символдрама, ближе всего, конечно, подход #1. АРХЕТИПИЧЕСКАЯ ГОМЕОПАТИЯ. В этой работе мы укрепляем потенциалы человека. Восстанавливаем личную силу. Решаем вопросы внутренних страхов, ступоров к людям, целям, деньгам, отношениям и т.п. Но только мое ключевое отличие в т","deep_alchemical","book_04","yes","yes","medium","none","","","","","Telegram Desktop/ChatExport_2026-09-04/messages.html","#message305"
"message-105","service","","no","","0","0","Психогомеопатия: Алхимия души.","e3b0c44298fc1c149afbf4c8996fb92427ae41e4649b934ca495991b7852b855","","service_history","service","no","no","high","none","","","","","Telegram Desktop/ChatExport_2026-09-04/messages.html","#message-105"
"message306","default","24.01.2025 22:43:13 UTC-05:00","no","photos/photo_194@24-01-2025_22-43-13.jpg","1","0","Психогомеопатия: Алхимия души.","ce6bdf3b0519a5c6b16c03d28102be4d0020b96dfc3abe0d7578316dffbd805f","НАБЛЮДЕНИЕ. Как выяснились, архетипические мандалы-посвящения себя достаточно хорошо показали. - Гомеопатия субличностей помогает убрать стрессы воспитания, внутренние страхи, блоки к себе, целям, людям. Но бывает случаи, когда у клиентов просто нет наработанных эталонов. Они не знают, как это. Например, эталоны - что тебя любят - что мама о тебе заботится, ","deep_alchemical","book_04","yes","yes","medium","none","","","","","Telegram Desktop/ChatExport_2026-09-04/messages.html","#message306"
"message-106","service","","no","","0","0","Психогомеопатия: Алхимия души.","e3b0c44298fc1c149afbf4c8996fb92427ae41e4649b934ca495991b7852b855","","service_history","service","no","no","high","none","","","","","Telegram Desktop/ChatExport_2026-09-04/messages.html","#message-106"
"message307","default","26.01.2025 19:04:15 UTC-05:00","no","photos/photo_195@26-01-2025_19-04-15.jpg","1","0","Психогомеопатия: Алхимия души.","466b878eae14329ac17d29edb9c26220541868ed3b57756021ef1438fdaa3066","НАБЛЮДЕНИЕ. Травматерапия - это Путь Героя. Серьезно. Психика устроена так, что сначала она раскрывает более поздние истории. И потом, когда накопится ресурс, открываются более ранние. Например, - сначала мы прорабатываем стрессы страха проявиться на подростковом уровне, лет 14 - через некоторое время погружаемся в состояние обесценивания на ""этапе мнений"", ","subpersonality","book_03","yes","yes","medium","none","","","","","Telegram Desktop/ChatExport_2026-09-04/messages.html","#message307"
"message-107","service","","no","","0","0","Психогомеопатия: Алхимия души.","e3b0c44298fc1c149afbf4c8996fb92427ae41e4649b934ca495991b7852b855","","service_history","service","no","no","high","none","","","","","Telegram Desktop/ChatExport_2026-09-04/messages.html","#message-107"
"message308","default","27.01.2025 19:15:45 UTC-05:00","no","photos/photo_196@27-01-2025_19-15-45.jpg","1","0","Психогомеопатия: Алхимия души.","08413fb279875c8f3b636781392e7c37f66bac013178797bd908049a72aff09c","Стал исследовать эффективность применения Мест Силы при работе с травмированными субличностями. Результаты меня удивили. Рассмотрю на примере. 1. Берем субличность (ранний стресс). Уровень напряжения в системе 7 ед (страх, дистанцирование). 2. Если применить препараты гомеопатии, напряжение снижается до 3х ед (более чем в 2 раза), возрастает сила, достоинств","deep_alchemical","book_04","yes","yes","medium","none","","","","","Telegram Desktop/ChatExport_2026-09-04/messages.html","#message308"
"message-108","service","","no","","0","0","Психогомеопатия: Алхимия души.","e3b0c44298fc1c149afbf4c8996fb92427ae41e4649b934ca495991b7852b855","","service_history","service","no","no","high","none","","","","","Telegram Desktop/ChatExport_2026-09-04/messages.html","#message-108"
"message309","default","29.01.2025 17:23:20 UTC-05:00","no","","0","0","Психогомеопатия: Алхимия души.","d8cf84c73556217bcfa0b9b14e8b9d4a379b324411dfe6250c0d070e10a75538","Посмотрел видео в интернете, где говорят гомеопатию сложно статистически проверить. Ну конечно так не работает! Это все равно что собрать 100 человек и предложить им примерить обувь одного размера. Подбор гомеопатии должен опираться не на физические симптомы, а на параметры психики! Уровень стабильности, текущие стрессы, источник стресса и т.п. Это сложная р","subpersonality","book_03","yes","yes","medium","none","","","","","Telegram Desktop/ChatExport_2026-09-04/messages.html","#message309"
"message-109","service","","no","","0","0","Психогомеопатия: Алхимия души.","e3b0c44298fc1c149afbf4c8996fb92427ae41e4649b934ca495991b7852b855","","service_history","service","no","no","high","none","","","","","Telegram Desktop/ChatExport_2026-09-04/messages.html","#message-109"
"message310","default","30.01.2025 14:33:48 UTC-05:00","no","","0","0","Психогомеопатия: Алхимия души.","f2cf21b535b229645a6b3adecf521a95c09b5b7f41d30b8eecaf67e184140732","Сегодня попалось видео: несколько признаков того, что мужчина сломлен: 1. Он дистанцируется. 2. На вопрос ""как дела?"" он всегда отвечает: ""со мной все хорошо"". 3. И он все время чем-то занят. Так как сложно побыть наедине с собой. Что-то из этого знакомо? Можем поисследовать, что происходит.) Как? Вы заполняете заявку, рисуете ситуацию - а я по картинке сдел","theory_method","book_01","yes","yes","medium","none","","","","","Telegram Desktop/ChatExport_2026-09-04/messages.html","#message310"
"message311","default","30.01.2025 16:01:30 UTC-05:00","no","photos/photo_197@30-01-2025_16-01-30.jpg","1","0","Психогомеопатия: Алхимия души.","9f5c65aadc00435500c9c12837f31e2a1194873838b2bedb07a3f210ed4e604a","Подбор потенций препаратов. 1. ЛИЧНЫЙ ОПЫТ. Сначала я на своем опыте работы с пациентами отследил, что - лучше всего работает потенция 30с - когда клиент крепчает, становится актуальна потенция 200с - низкие потенции 6-15 актуальны для очень ослабленных пациентов. - высокая потенця 1к, что интересно, актуальна в шоковых состояниях, для ослабленных пациентов,","theory_method","book_01","yes","yes","medium","none","","","","","Telegram Desktop/ChatExport_2026-09-04/messages.html","#message311"
"message312","default","30.01.2025 16:35:00 UTC-05:00","no","","0","0","Психогомеопатия: Алхимия души.","31bb2cd00e111e5f743dfb657a73842d33628138ffc61fc2839c2565a7e4f13e","УРОВНИ ЗДОРОВЬЯ. Есть любопытная мысль у Витулкоса, основателя современной школы гомеопатии: Он подчеркивает, что эффект нашей работы, т.е. скорость исцеления - зависит не от препарата, а от скорости реакции организма. А это зависит от ""уровня здоровья"". И исходя из этого, мы определяем дозу, и категорию препарата. ВЫДЕЛЯЕТСЯ 4 УРОВНЯ ГЛУБИНЫ РАБОТЫ: 1. Корр","deep_alchemical","book_04","yes","yes","medium","mention_only","Opium; Lachesis; Pulsatilla; Aurum metallicum; Silicea; Alumina; Thuja; Camphora; Aconitum; Medorrhinum; Anacardium","opium; lachesis; pulsatilla; aurum-metallicum; silicea; alumina; thuja; camphora; silicea; alumina; thuja; camphora; aurum-metallicum; aconitum; medorrhinum; anacardium","","","Telegram Desktop/ChatExport_2026-09-04/messages.html","#message312"
"message-110","service","","no","","0","0","Психогомеопатия: Алхимия души.","e3b0c44298fc1c149afbf4c8996fb92427ae41e4649b934ca495991b7852b855","","service_history","service","no","no","high","none","","","","","Telegram Desktop/ChatExport_2026-09-04/messages.html","#message-110"
"message313","default","31.01.2025 01:59:20 UTC-05:00","no","","0","0","Психогомеопатия: Алхимия души.","1abc168e3d5d8aa2ca5bbc7488fbb39a401dd25410d69643f262532e94db6e9a","БИЗНЕС-СОПРОВОЖДЕНИЕ Формат работы. Гомеопатия - важный инструмент в нашей работы, но не единственный. Чаще всего ко мне начинают обращаться с темой денег или бизнеса. В этой работе 5 этапов. Этап 1. АНАЛИЗ СИТУАЦИИ: Он дает понимание, что происходит, что делать, рекомендации и план работы. - Есть 2 варианта: 1) Экспресс-диагностика (бесплатно, заочная расст","deep_alchemical","book_04","yes","yes","medium","none","","","","","Telegram Desktop/ChatExport_2026-09-04/messages.html","#message313"
"message-111","service","","no","","0","0","Психогомеопатия: Алхимия души.","e3b0c44298fc1c149afbf4c8996fb92427ae41e4649b934ca495991b7852b855","","service_history","service","no","no","high","none","","","","","Telegram Desktop/ChatExport_2026-09-04/messages.html","#message-111"
"message314","default","01.02.2025 15:12:31 UTC-05:00","no","photos/photo_198@01-02-2025_15-12-31.jpg","1","0","Психогомеопатия: Алхимия души.","6fa6dcd8e35fdbe96a470cd9312f889f2d60f58b28ad45ad6dc0a0200cf0b20e","Гомеопатия психики - это довольно масштабная работа. Это не про то, чтобы принять таблетку и снять душевную боль. Нет, отнюдь нет. Это пересборка психических процессов. 1. Мы раскладываем психическое устройства человека по его ключевым внутренним конфликтам. 2. Каждый внутренний конфликт имеет несколько стадий роста: стрессы в младенчестве, детстве и т.д. В ","subpersonality","book_03","yes","yes","medium","none","","","","","Telegram Desktop/ChatExport_2026-09-04/messages.html","#message314"
"message-112","service","","no","","0","0","Психогомеопатия: Алхимия души.","e3b0c44298fc1c149afbf4c8996fb92427ae41e4649b934ca495991b7852b855","","service_history","service","no","no","high","none","","","","","Telegram Desktop/ChatExport_2026-09-04/messages.html","#message-112"
"message315","default","02.02.2025 11:47:49 UTC-05:00","no","photos/photo_199@02-02-2025_11-47-49.jpg","1","0","Психогомеопатия: Алхимия души.","e3b0c44298fc1c149afbf4c8996fb92427ae41e4649b934ca495991b7852b855","","empty_or_media","empty_or_media","no","no","medium","none","","","","","Telegram Desktop/ChatExport_2026-09-04/messages.html","#message315"
"message316","default","02.02.2025 17:19:23 UTC-05:00","no","","0","0","Психогомеопатия: Алхимия души.","bb919e2abc1e1a3b2bc6a5bc3cba5c38d081c7bbbdb208cb975effb7e8eb24e8","УРОВНИ РАБОТЫ С СИМПТОМОМ На примере темы проблемы кожи, чувство стыда и неуверенности. В основе лежит классификация Витулкаса. * Уровень 1. Регулировка реакции, эмоциональных стрессов, телесных зажимов. - Базовая гомеопатия. Мы убираем симптомы экспресс-препаратами, поддерживающие личность. * Уровень 2. Работа с психикой, с психосоматикой (аллергия, проблем","deep_alchemical","book_04","yes","yes","medium","none","","","","","Telegram Desktop/ChatExport_2026-09-04/messages.html","#message316"
"message-113","service","","no","","0","0","Психогомеопатия: Алхимия души.","e3b0c44298fc1c149afbf4c8996fb92427ae41e4649b934ca495991b7852b855","","service_history","service","no","no","high","none","","","","","Telegram Desktop/ChatExport_2026-09-04/messages.html","#message-113"
"message317","default","03.02.2025 14:32:41 UTC-05:00","no","photos/photo_200@03-02-2025_14-32-41.jpg","1","0","Психогомеопатия: Алхимия души.","23eb6d1ecdcfd0e98c9eabb9b5dad635e6c22971aa067fd616a5eb4bea5ced08","CARBO ANIMALIS Интересный препарат, который наполняет именно животной силой упругости, проявленности. Это препарат возрождения. ОСНОВА: Сожженые кости животных, животный уголь. Символизирует процессы разрушения на уровне фундамента организма - кости. И выход из глубоких разрушений. УРОВЕНЬ РАБОТЫ: - 3й, структура личности, - 4й, кармические и родовые истории","remedy_card","book_02","yes","yes","high","full_card","Carbo Animalis","carbo-animalis","message317","","Telegram Desktop/ChatExport_2026-09-04/messages.html","#message317"
"message-114","service","","no","","0","0","Психогомеопатия: Алхимия души.","e3b0c44298fc1c149afbf4c8996fb92427ae41e4649b934ca495991b7852b855","","service_history","service","no","no","high","none","","","","","Telegram Desktop/ChatExport_2026-09-04/messages.html","#message-114"
"message318","default","04.02.2025 16:52:24 UTC-05:00","no","","0","0","Психогомеопатия: Алхимия души.","d75585cfe54beb656f977f20d158c844a08cd94c7a16b809a755b370cf396d2a","Тема: ДЕФИЦИТ ЛЮБВИ (Мало внимания, чувство ненужности, отвержения). Рассмотрим с позиции 4х уровней Здоровья. * 1 уровень. Реакция стресса. Это временная эмоциональная реакция на стресс или обстоятельства. * 2 уровень. Раненный ребенок. Человек теряет связь с чувствами, они зациклены, формируется психосоматика, как автоматизм, защитные реакции. Присутствует","subpersonality","book_03","yes","yes","medium","mention_only","Natrum Muriaticum; Pulsatilla; Lycopodium; Staphysagria","natrum-muriaticum; pulsatilla; lycopodium; staphysagria; lycopodium; staphysagria","","","Telegram Desktop/ChatExport_2026-09-04/messages.html","#message318"
"message-115","service","","no","","0","0","Психогомеопатия: Алхимия души.","e3b0c44298fc1c149afbf4c8996fb92427ae41e4649b934ca495991b7852b855","","service_history","service","no","no","high","none","","","","","Telegram Desktop/ChatExport_2026-09-04/messages.html","#message-115"
"message319","default","05.02.2025 09:50:35 UTC-05:00","no","photos/photo_201@05-02-2025_09-50-35.jpg","1","0","Психогомеопатия: Алхимия души.","b69f03f0623c5a551c147a2dc1c978c09ecf55cd46a0aa411517fbc14041bda9","3 уровень. РЕМОНТ ЛИЧНОСТИ. Как психотерапевт в методе глубинной психодинамической терапии, я работаю в гомеопатии восновном на 3м уровне здоровья - восстановление структуры личности. Через проработку группы слоев/ травм субличностей, мы восстанавливаем связь с собой, - ощущение Я, - свои желания, - эмоции, - волю, - границы. ПРЕДЛАГАЮ РАЗОБРАТЬ ЧТО ТАКОЕ СТ","deep_alchemical","book_04","yes","yes","medium","mention_only","Aurum metallicum; Silicea","aurum-metallicum; silicea; silicea; aurum-metallicum","","","Telegram Desktop/ChatExport_2026-09-04/messages.html","#message319"
"message320","default","05.02.2025 16:02:51 UTC-05:00","no","photos/photo_202@05-02-2025_16-02-51.jpg","1","0","Психогомеопатия: Алхимия души.","0a02019ee0cd9c3219def33052f92bff016644d626a4344d91c662e24d393978","4 уровень. РЕМОНТ ДУШИ. Духовное, кармическое целительство. Это уровень коррекции программ, которые сформировались ДО рождения: 1) программы беременности, 2) программы зачатия, 3) родовые программы, 4) кармические программы. Идет восстановление структуры личности, структуры души. Основной стресс на 4м уровне это чувство не принадлежности. Теряется чувство св","deep_alchemical","book_04","yes","yes","medium","mention_only","Opium; Thuja","opium; thuja; thuja","","","Telegram Desktop/ChatExport_2026-09-04/messages.html","#message320"
"message322","default","05.02.2025 19:20:05 UTC-05:00","no","photos/photo_203@05-02-2025_19-20-05.jpg","1","0","Психогомеопатия: Алхимия души.","11a8f66fc07386e4641034a69141c4b7ba11dcf9fc2bf49a44a62d4da963a868","3 уровень АЛХИМИИ ДУШИ. Сборка личности. Укрепление ее структуры. На этом этапе мы уже не гоняемся за каждой травмой (стрессом/ конфликтом). Поскольку часто их большое множество, и всех по очереди не переловишь, как рыбу в океане. Мы заходим кластерно (""Ловим рыбу сетями""). На 3м уровне начинается архетипическая работа в гомеопатии. Мы работаем через с катег","deep_alchemical","book_04","yes","yes","medium","none","","","","","Telegram Desktop/ChatExport_2026-09-04/messages.html","#message322"
"message323","default","05.02.2025 21:24:31 UTC-05:00","no","photos/photo_204@05-02-2025_21-24-31.jpg","1","0","Психогомеопатия: Алхимия души.","54e328b866c0e6b9f9da43f2f70faf70e30142809c62863796e753c0028decac","4 уровень АЛХИМИИ ДУШИ. Духовное, кармическое целительство. Здесь наша задача состоит восстановить течение Энергии Жизни. Укрепить связь с Глобальными потоками Жизни, Рода, Судьбы. В том числе Каналами Денег и Любви. Мы работаем с - Древом Рода - Миры Древа Сефирот - Энергии Арканов Таро - Древо Иггдрасиль - Высшие тела Души в Древней Традиции Египта. - Личн","deep_alchemical","book_04","yes","yes","medium","none","","","","","Telegram Desktop/ChatExport_2026-09-04/messages.html","#message323"
"message-116","service","","no","","0","0","Психогомеопатия: Алхимия души.","e3b0c44298fc1c149afbf4c8996fb92427ae41e4649b934ca495991b7852b855","","service_history","service","no","no","high","none","","","","","Telegram Desktop/ChatExport_2026-09-04/messages.html","#message-116"
"message324","default","06.02.2025 20:03:47 UTC-05:00","no","","0","0","Психогомеопатия: Алхимия души.","053c79998566799a10621ae0d2b1d186c43f7020189af1416ad16529f5be65d7","Сейчас начинаю работать на 3м уровне гомеопатии. Т.е. сейчас уже работаю не просто с личностью и ее стрессами, а с психикой в целом, сознательное, бессознательное, тело, дух. Что интересно, ступоры/ стрессы к какой-то теме могут быть не только на уровне личности, но они могут быть на уровне Тела или на уровне Духа. И порой там ступор сильнее, чем на теле лич","subpersonality","book_03","yes","yes","medium","none","","","","","Telegram Desktop/ChatExport_2026-09-04/messages.html","#message324"
"message325","default","06.02.2025 21:44:29 UTC-05:00","no","photos/photo_205@06-02-2025_21-44-29.jpg","1","0","Психогомеопатия: Алхимия души.","c6695ee1d835e735aad01cefe9c61a982c99378fe0a1dd646cb425d29461d853","1 уровень АЛХИМИИ ДУШИ. Классическая гомеопатия. Мы работаем с восстановлением ресурсов организма. Это полезно: - для решения вопросов по здоровью, - для поддержки в теме взаимоотношений, - для снятия тревожности к деньгам, бизнесу, переговорам. - для укрепления внутренней силы и уверенности и т.п. На 1м уровне мы не углубляемся в причины ситуации, в ранние ","deep_alchemical","book_04","yes","yes","medium","none","","","","","Telegram Desktop/ChatExport_2026-09-04/messages.html","#message325"
"message326","default","06.02.2025 23:34:02 UTC-05:00","no","photos/photo_206@06-02-2025_23-34-02.jpg","1","0","Психогомеопатия: Алхимия души.","f7f76b523be4d3e18a9751973ebe6fa9482d03fbd94f55a563b786925e1a08c7","2 уровень АЛХИМИИ ДУШИ. Гомеопатия субличностей. Это полезно когда проблема повторяется, человек отслеживает свою программу, но не может с ней справиться. Например, - сильная психосоматика, - постоянные страхи, ступоры в каких-то ситуациях и т.п. Здесь требуется убрать корни проблемы, вылечить ранние стрессы /субличности, которые задают эти программы. В этом","deep_alchemical","book_04","yes","yes","medium","none","","","","","Telegram Desktop/ChatExport_2026-09-04/messages.html","#message326"
"message-117","service","","no","","0","0","Психогомеопатия: Алхимия души.","e3b0c44298fc1c149afbf4c8996fb92427ae41e4649b934ca495991b7852b855","","service_history","service","no","no","high","none","","","","","Telegram Desktop/ChatExport_2026-09-04/messages.html","#message-117"
"message327","default","07.02.2025 09:52:32 UTC-05:00","no","photos/photo_207@07-02-2025_09-52-32.jpg","1","0","Психогомеопатия: Алхимия души.","22f22c2d663459d0907fb8afbb851b4f4c130f9866f06f86c733a14ec7b8d800","3 уровень ГОМЕОПАТИИ. Усиление личности. ПЛАН РАБОТЫ. СТРУКТУРА ЛИЧНОСТИ. В современной психотерапии выделяют 4 Оси личности (ОПД2), которые мы укрепляем в рамках нашей работы. Мы сначала проводим анализ основных конфликтов через призму Китайской модели. А далее разбираем ключевые оси. ОСЬ #1. САМОИДЕНТИЧНОСТЬ: /здоровье и развитие/ - понимание себя, своих ц","deep_alchemical","book_04","yes","yes","medium","none","","","","","Telegram Desktop/ChatExport_2026-09-04/messages.html","#message327"
"message-118","service","","no","","0","0","Психогомеопатия: Алхимия души.","e3b0c44298fc1c149afbf4c8996fb92427ae41e4649b934ca495991b7852b855","","service_history","service","no","no","high","none","","","","","Telegram Desktop/ChatExport_2026-09-04/messages.html","#message-118"
"message328","default","12.02.2025 08:27:35 UTC-05:00","no","","0","0","Психогомеопатия: Алхимия души.","df542a3f685425abd158ad19919ba194baaba246e942eda6114efb3a986bf58c","Архетипическая гомеопатия: Введение. https://youtu.be/4S5Ln4BHCgw?si=sAOhoonXO_pwhKfW","subpersonality","book_03","yes","yes","medium","none","","","","","Telegram Desktop/ChatExport_2026-09-04/messages.html","#message328"
"message329","default","12.02.2025 13:28:56 UTC-05:00","no","photos/photo_208@12-02-2025_13-28-56.jpg","1","0","Психогомеопатия: Алхимия души.","98ab3e9d9bebcb24b6cb1ffbdd38b61105a6188940396b21cda55dc60b1b7454","ANTIMONIUM CRUDUM (Висмут) Интересный препарат, катализатор в Алхимии. Он способствует очищению металлов и духовному очищению. Его представляют как волк, который охраняет золото (просветление). Я заинтересовался этим материалом, так как сегодня случайно соединил символ этого элемента со своей женской и мужской частью. И как выяснилось, на женскую он отреагир","remedy_card","book_02","yes","yes","high","full_card","Antimonium Crudum","antimonium-crudum","message329","","Telegram Desktop/ChatExport_2026-09-04/messages.html","#message329"
"message330","default","12.02.2025 14:59:23 UTC-05:00","no","photos/photo_209@12-02-2025_14-59-23.jpg","1","0","Психогомеопатия: Алхимия души.","7d67af67ecb18010b6f4ca3286a897a6efcece3d23bf7ca6aaa39e92441d2fa8","Гомеопатия 3го уровня. ДАОССКАЯ МОДЕЛЬ. На 3м уровне наша задача стоит не столько решить какие-то локальные стрессы, проблемы, но оптимизировать, укрепить силу личности и структуру психики в целом, затрагивая разные грани души. На 3м уровне мы лечим глубинные внутренние конфликты и установки. Одна из модель, которую мы используем для анализа: Даосская логика","deep_alchemical","book_04","yes","yes","medium","none","","","","","Telegram Desktop/ChatExport_2026-09-04/messages.html","#message330"
"message-119","service","","no","","0","0","Психогомеопатия: Алхимия души.","e3b0c44298fc1c149afbf4c8996fb92427ae41e4649b934ca495991b7852b855","","service_history","service","no","no","high","none","","","","","Telegram Desktop/ChatExport_2026-09-04/messages.html","#message-119"
"message331","default","13.02.2025 16:13:48 UTC-05:00","no","","0","0","Психогомеопатия: Алхимия души.","8bafad46f9ff3eb80f59f276123fa76421ccbb6fd1469f02f0bd19ad552338a0","Про работу на 3м уровне гомеопатии. Это довольно любопытно. На 2м уровне мы укрепляли субличности. Наши отщепленные внутренние части становились увереннее, выходили из ступоров начинали легче контактировать с миром и т.д. То на 3м уровне мы выходим на те проблемы, истории, которые находятся за рамками личности и субличностей. Базовые, кармические сценарии. Н","deep_alchemical","book_04","yes","yes","medium","none","","","","","Telegram Desktop/ChatExport_2026-09-04/messages.html","#message331"
"message-120","service","","no","","0","0","Психогомеопатия: Алхимия души.","e3b0c44298fc1c149afbf4c8996fb92427ae41e4649b934ca495991b7852b855","","service_history","service","no","no","high","none","","","","","Telegram Desktop/ChatExport_2026-09-04/messages.html","#message-120"
"message332","default","14.02.2025 08:54:49 UTC-05:00","no","photos/photo_210@14-02-2025_08-54-49.jpg","1","0","Психогомеопатия: Алхимия души.","35aecaac8d7241a62a339898a7f959a22932d2040677d90d84034dee8d35850f","ЛЕЧЕНИЕ В ГОМЕОПАТИИ. Я начинаю больше работать не только с душевными симптомами, но и с симптомами физического тела. Отсюда приходит понимание, что болезнь - благо. Она позволяет понять где наша психика несовершенна, какие переживания скрываются и вызывают болезнь. И через укрепление себя, своей психики, в гомеопатии мы вылечиваем болезнь. Потому болезнь мо","theory_method","book_01","yes","yes","medium","mention_only","Aurum metallicum","aurum-metallicum","","","Telegram Desktop/ChatExport_2026-09-04/messages.html","#message332"
"message-121","service","","no","","0","0","Психогомеопатия: Алхимия души.","e3b0c44298fc1c149afbf4c8996fb92427ae41e4649b934ca495991b7852b855","","service_history","service","no","no","high","none","","","","","Telegram Desktop/ChatExport_2026-09-04/messages.html","#message-121"
"message333","default","15.02.2025 21:46:59 UTC-05:00","no","photos/photo_211@15-02-2025_21-46-59.jpg","1","0","Психогомеопатия: Алхимия души.","deac2395ff0789e67c3113d23753c870ed2233be7ecb4db3ca3ba669309e02b7","ДУХОВНОЕ ЦЕЛИТЕЛЬСТВО: 4й уровень гомеопатии. Напомню акценты работы по уровням: #1. На первом уровне мы смотрим, чего человеку не хватает, какие у него сейчас переживания и находим препарат для поддержки внутренних ресурсов. #2. На втором уровне мы погружаемся в причины ситуации, находим ранние стрессы и травмированные субличности и укрепляем их ресурс. #3.","deep_alchemical","book_04","yes","yes","medium","none","","","","","Telegram Desktop/ChatExport_2026-09-04/messages.html","#message333"
"message-122","service","","no","","0","0","Психогомеопатия: Алхимия души.","e3b0c44298fc1c149afbf4c8996fb92427ae41e4649b934ca495991b7852b855","","service_history","service","no","no","high","none","","","","","Telegram Desktop/ChatExport_2026-09-04/messages.html","#message-122"
"message334","default","16.02.2025 12:19:50 UTC-05:00","no","","0","0","Психогомеопатия: Алхимия души.","3cadcf6eb1d6e0b3ac14009312275cf9fcfa57af4825e624e53fbf5d6dc71535","ГОМЕОПАТИЯ 4го уровня (Архетипическая) Удивительно интересна работа на 4м уровне!:) На первых трех уровнях мы углублялись в корень проблемы и постепенно снижали напряжение через препараты гомеопатии. А на четвертом уровне, напряжение тает мгновенно! 1. Здесь акцент не только на программы- субличности. Мы расписываем стрессовую симтему по разным уровням, тонк","subpersonality","book_03","yes","yes","medium","none","","","","","Telegram Desktop/ChatExport_2026-09-04/messages.html","#message334"
"message335","default","16.02.2025 12:34:34 UTC-05:00","no","photos/photo_212@16-02-2025_12-34-34.jpg","1","0","Психогомеопатия: Алхимия души.","286c18d466d3cd4403e6ab4c9fd028bf17739ff46758d6f15598409d353c7561","Психотерапия, гомеопатия и сефиротическая магия очень близки. #1. Когда я, как психотерапевт, работаю с клиентами в терапии, мы через образную работу проявляем и компенсируем базовые дефициты субличностей. Выстраиваем внутри психические опоры. #2. В гомеопатии мы делаем по сути тоже самое, но через подсознание. Препараты работают с вашими частями души 24 час","deep_alchemical","book_04","yes","yes","medium","none","","","","","Telegram Desktop/ChatExport_2026-09-04/messages.html","#message335"
"message-123","service","","no","","0","0","Психогомеопатия: Алхимия души.","e3b0c44298fc1c149afbf4c8996fb92427ae41e4649b934ca495991b7852b855","","service_history","service","no","no","high","none","","","","","Telegram Desktop/ChatExport_2026-09-04/messages.html","#message-123"
"message336","default","18.02.2025 09:40:35 UTC-05:00","no","photos/photo_213@18-02-2025_09-40-35.jpg","1","0","Психогомеопатия: Алхимия души.","899534eb41b149d3471afc8ee03a73ccae46f8c31193ebe90fa9fe41d07b3bf9","Задаюсь себе вопросом, что сильнее, магия или гомеопатия. И знаете, сложно ответить. Первичное магическое воздействие может быть в разы сильнее, чем гомеопатия. Но гомеопатия так мягко встраивается в структуру личности, что трансформирует ее изнутри. Например, если взять такой препарат как Pulstailla - это по сути вибрации цветка лютика. Слабые и нежные. Мяг","deep_alchemical","book_04","yes","yes","medium","none","","","","","Telegram Desktop/ChatExport_2026-09-04/messages.html","#message336"
"message-124","service","","no","","0","0","Психогомеопатия: Алхимия души.","e3b0c44298fc1c149afbf4c8996fb92427ae41e4649b934ca495991b7852b855","","service_history","service","no","no","high","none","","","","","Telegram Desktop/ChatExport_2026-09-04/messages.html","#message-124"
"message337","default","19.02.2025 01:17:49 UTC-05:00","no","","0","0","Психогомеопатия: Алхимия души.","0f32b964d69acae5998183a14e7aad4220ed810c548dddbc6c66de1309370f25","ГОМЕОПАТИЯ 3го уровня: Коррекция базовых параметров психики. На первых двух уровнях мы работаем с конкретными задачами: деньги, любовь и т.п. и стрессами, которые нас не пускают в это. На 3й уровень в работе я перехожу, если запросы более глубокие: нет целей, нет энергии, не понимаю что мне делать, не чувствую своего места в этом мире и т.д. Часто это говори","theory_method","book_01","yes","yes","medium","none","","","","","Telegram Desktop/ChatExport_2026-09-04/messages.html","#message337"
"message338","default","19.02.2025 13:24:32 UTC-05:00","yes","photos/photo_214@19-02-2025_13-24-32.jpg","1","0","Психогомеопатия: Алхимия души.","b75d06ee7437a5e1433aa2db3586034d569a95acfbfc6b441397c8d236984947","Компромисс - это всегда НЕсправедливость. Послушал сегодня проф Соловея. Он толково поясняет, компромисс - это переход от субъективного восприятия справедливости к восприятию реальности. ОК. А нам что? Это про гибкость. Про нахождения своего места в новых реалиях. Ну, собственно, кто потерялся, кому нужно разобраться, что у вас сейчас происходит и что делать","theory_method","book_01","yes","yes","medium","none","","","","","Telegram Desktop/ChatExport_2026-09-04/messages.html","#message338"
"message-125","service","","no","","0","0","Психогомеопатия: Алхимия души.","e3b0c44298fc1c149afbf4c8996fb92427ae41e4649b934ca495991b7852b855","","service_history","service","no","no","high","none","","","","","Telegram Desktop/ChatExport_2026-09-04/messages.html","#message-125"
"message339","default","21.02.2025 09:37:06 UTC-05:00","no","photos/photo_215@21-02-2025_09-37-06.jpg","1","0","Психогомеопатия: Алхимия души.","36e227ae5ebbd2020267162e755cb6511d1beaa2fad871938caeaf244bb360ed","Гомеопатия 3й уровень: 3й уровень - это глубинная психотерапия. Мы выходим на базовые внутренние конфликты, которые являются фундаментом для психики. Часто это очень сильные, заряженные истории, которые сформировались еще в младенчестве. Они пишут сценарии жизни. МЕТОДЫ РАБОТЫ Базовые сценарии мы проявляем через мета-расстановки, например Я и Я. Бережно подд","deep_alchemical","book_04","yes","yes","medium","none","","","","","Telegram Desktop/ChatExport_2026-09-04/messages.html","#message339"
"message340","default","21.02.2025 09:37:27 UTC-05:00","no","photos/photo_216@21-02-2025_09-37-27.jpg","1","0","Психогомеопатия: Алхимия души.","f4f4707ab754d10cc9dc7ea41b7a4a7748d021c5421935a63101c1ec426ee334","Гомеопатия 4й уровень: Сценарии Рода. В некоторых случаях базовые программы и сценарии жизни очень сильные. Они закладываются не в детстве, а до рождения. Часто это родовые сценарии. В таких случаях нам надо восстановить, очистить связь с родом и родовые сценарии-программы. МЕТОДЫ РАБОТЫ: #1. Сакральная гомеопатия: Глубокий анализ травмы-сценария по разным ч","subpersonality","book_03","yes","yes","medium","none","","","","","Telegram Desktop/ChatExport_2026-09-04/messages.html","#message340"
"message-126","service","","no","","0","0","Психогомеопатия: Алхимия души.","e3b0c44298fc1c149afbf4c8996fb92427ae41e4649b934ca495991b7852b855","","service_history","service","no","no","high","none","","","","","Telegram Desktop/ChatExport_2026-09-04/messages.html","#message-126"
"message341","default","22.02.2025 12:50:14 UTC-05:00","no","photos/photo_217@22-02-2025_12-50-14.jpg","1","0","Психогомеопатия: Алхимия души.","96aca9bc707765c70bdbe3e6b89a685dc07df4f425bde59358e62ddc84c514ee","ПСИХО-ГОМЕОПАТИЯ /гомеопатия, 3й уровень/ На этом этапе наша задача проявить и сгармонизировать внутренние конфликты и сценарии человека. А для этого переписать базовые внутренние импринты/ установки: - ты любим, - тебе можно проявляться, - мир внутри безопасен, - ты сильный, - можно найти опору и поддержку, - тебя ждут и т.д. Это фундаментальные программы. ","deep_alchemical","book_04","yes","yes","medium","none","","","","","Telegram Desktop/ChatExport_2026-09-04/messages.html","#message341"
"message342","default","22.02.2025 15:47:55 UTC-05:00","no","","0","0","Психогомеопатия: Алхимия души.","6cfc980096eb3ceeb019a80465e3e34647c77652f8a0ad11a33fe0b5c20418b8","ПСИХО-ГОМЕОПАТИЯ. 3 уровень. Этапы укрепления фундамента личности (рост внутренних опор). - эта программа опирается на модель бодинамики и юнгианской терапии и укрепляет внутренние структуры-опоры. Они формируют стержень личности, ее целостность и стабильность. Упражнение: - для каждого этапа развития личности оцените по 10 баллам, на сколько вы согласны с и","deep_alchemical","book_04","yes","yes","medium","none","","","","","Telegram Desktop/ChatExport_2026-09-04/messages.html","#message342"
"message343","default","22.02.2025 15:47:55 UTC-05:00","no","","0","0","Психогомеопатия: Алхимия души.","54f65baf7f61a273637b335a4e67cc8803a05bf6fd74264a9ba83bc49207d420","💖 ЭТАП 5. Любовь и Близость (право быть любимым, связь с другими) Возраст: 5–8 лет жизни Импринт: ""Я могу быть любимым и люблю сам."" ""Я могу быть близким и чувствовать себя любимым."" Проявление: Способность к глубоким связям и эмпатии Способность строить близкие отношения Открытость в выражении эмоций Интимность и привязанность Дефицит: Эмоциональная изоляц","deep_alchemical","book_04","yes","yes","medium","none","","","","","Telegram Desktop/ChatExport_2026-09-04/messages.html","#message343"
"message345","default","22.02.2025 18:38:56 UTC-05:00","no","","0","0","Психогомеопатия: Алхимия души.","6efecd9a994aba7b8c05a215b2fafcb2fa86afe539b1a290e838848f882034f8","СТРАТЕГИЯ ПРОРАБОТКИ ЭТАП 1. БАЗОВАЯ БЕЗОПАСНОСТЬ. - Честно говоря, для большого числа моих клиентов, это самый сложный этап, который требует особой бережности. ЦЕЛИ: - Укрепить чувство опоры и устойчивости в мире. - Снизить уровень базовой тревожности. - Восстановить доверие к миру и к себе. - Сформировать ощущение ""Я имею право быть"". ""Я в безопасности. Ми","deep_alchemical","book_04","yes","yes","medium","mention_only","Baryta Carbonica; Calcarea Carbonica; Arnica; Silicea","baryta-carbonica; calcarea-carbonica; arnica; silicea; arnica; silicea","","","Telegram Desktop/ChatExport_2026-09-04/messages.html","#message345"
"message346","default","22.02.2025 20:06:19 UTC-05:00","no","","0","0","Психогомеопатия: Алхимия души.","08bede4cc598bb18e52f19a269c549d185ed297c7c4de4d249b25e1bd16d6b3e","АНАЛИЗ ПРЕПАРАТОВ. Решил оценить воздействие препаратов гомеопатии конкретно на цели разных этапов развития личности. Расскажу на примере первых двух этапов роста личности, из тех, что описаны выше: Этап #1. Защита и опора. Этап #2. Принятие и любовь. Так как это базовые, мета-понятия, проверяем воздействие через препараты высокой потенции, 1к. НАБЛЮДЕНИЯ A)","theory_method","book_01","yes","yes","medium","mention_only","Natrum Muriaticum; Ignatia Amara","natrum-muriaticum; ignatia-amara","","","Telegram Desktop/ChatExport_2026-09-04/messages.html","#message346"
"message-127","service","","no","","0","0","Психогомеопатия: Алхимия души.","e3b0c44298fc1c149afbf4c8996fb92427ae41e4649b934ca495991b7852b855","","service_history","service","no","no","high","none","","","","","Telegram Desktop/ChatExport_2026-09-04/messages.html","#message-127"
"message347","default","23.02.2025 18:10:42 UTC-05:00","no","","0","0","Психогомеопатия: Алхимия души.","5a3e1ca3f456c883dae22af5f61a7bd7c88fc0bc2f2c8b9b14d63da7b7ed4cfe","🌟 ЭТАП 2. ЛЮБОВЬ И БЕЗУСЛОВНОЕ ПРИНЯТИЕ ""Меня любят просто за то, что я есть."" Этап Любви и Безусловного Принятия связан с формированием базового чувства самоценности и правом на любовь . Это критический момент для формирования здоровой самооценки и способности к установлению эмоциональных связей. 🎯 ЦЕЛИ ЭТАПА: - Восстановить чувство собственной ценности. ","deep_alchemical","book_04","yes","yes","medium","mention_only","Natrum Muriaticum; Pulsatilla","natrum-muriaticum; pulsatilla","","","Telegram Desktop/ChatExport_2026-09-04/messages.html","#message347"
"message348","default","23.02.2025 18:21:30 UTC-05:00","no","","0","0","Психогомеопатия: Алхимия души.","dfd1e387a316e1ff996100c66c6f27d13ec9c114c127c6713b9fb6251caf9d69","🌟 ЭТАП 3. ПРАВО ЖЕЛАТЬ. (АВТОНОМИЯ И ГРАНИЦЫ ) ""Я имею право хотеть и делать выбор. Я свободен и могу влиять на свою жизнь."" Комментарий: Этап Автономии и Границ связан с формированием у человека ощущения собственной воли, права на самостоятельные решения и личные границы. Проблемы на этом уровне часто приводят к затруднениям с выбором, страху проявлять ини","deep_alchemical","book_04","yes","yes","medium","mention_only","Sulphur; Aurum metallicum; Lycopodium; Sepia; Staphysagria","sulphur; aurum-metallicum; lycopodium; sepia; staphysagria; lycopodium; sepia; staphysagria","","","Telegram Desktop/ChatExport_2026-09-04/messages.html","#message348"
"message349","default","23.02.2025 18:37:08 UTC-05:00","no","","0","0","Психогомеопатия: Алхимия души.","800ce981beef28de0c890bf919bc6bbc345fa16177585b15a1839ea53599e180","🌟 ЭТАП 4. ПРАВО ДЕЙСТВОВАТЬ (СИЛА, ВОЛЯ И ДОСТИЖЕНИЕ ЦЕЛЕЙ ) ""Я могу проявлять волю, достигать целей и влиять на свою жизнь."" Комментарий: Этап Силы и Воли связан с формированием у человека умения управлять своей жизнью, проявлять напор, достигать целей и выдерживать напряжение в сложных ситуациях. На этом этапе важно научиться осознавать собственные желани","subpersonality","book_03","yes","yes","medium","mention_only","Lycopodium","lycopodium; lycopodium","","","Telegram Desktop/ChatExport_2026-09-04/messages.html","#message349"
"message350","default","23.02.2025 18:37:08 UTC-05:00","no","","0","0","Психогомеопатия: Алхимия души.","ec90c52ba32a3537282e87675abab368bf0041b04a22652201471f9d2c22a89c","✅ ШАГ 6. РИТУАЛ ""ОГОНЬ ВОЛИ"" Ритуал 1: создание мандалы ""Моё королевство"", где обозначить сферы, которые хочется взять под свой контроль. Ритуал 2. Огонь воли. 🎬 Пошаговое проведение ритуала: Зажги свечу, символизирующую твой внутренний огонь. Сформулируй чёткое намерение или цель. Напиши его на бумаге и поднеси к свече (не сжигая). Проговори: ""Моя воля сил","deep_alchemical","book_04","yes","yes","medium","none","","","","","Telegram Desktop/ChatExport_2026-09-04/messages.html","#message350"
"message351","default","23.02.2025 21:58:51 UTC-05:00","no","","0","0","Психогомеопатия: Алхимия души.","012d36cfa82301c7ef703dbc5a274f75773710b0ac6c3ad02073005903210fc1","АРХЕТИПИЧЕСКИЕ МАНДАЛЫ: это очень интересный инструмент работы - он встраивает нужные кластеры: качества в структуры психики. Такие мандалы-посвящения помогают компенсировать базовые дефициты психики (чувство уверенности, безопасности, любви и т.д.). Я составил курс из 8 этапов, где подобраны подходящие архетипические мандалы для каждой из 8ми стадий формиро","deep_alchemical","book_04","yes","yes","medium","none","","","","","Telegram Desktop/ChatExport_2026-09-04/messages.html","#message351"
"message-128","service","","no","","0","0","Психогомеопатия: Алхимия души.","e3b0c44298fc1c149afbf4c8996fb92427ae41e4649b934ca495991b7852b855","","service_history","service","no","no","high","none","","","","","Telegram Desktop/ChatExport_2026-09-04/messages.html","#message-128"
"message352","default","24.02.2025 10:26:51 UTC-05:00","no","photos/photo_218@24-02-2025_10-26-51.jpg","1","0","Психогомеопатия: Алхимия души.","d33483b7854a18afa7c41d870d5f9c5251352cccdc90dce8742bdf0e04db55e5","АКЦИЯ . ПОДАРОК. Диагностика структуры личности - Мужество опирается на внутреннюю силу. - Сила базируется на внутреннем стержне — структуре личности. - Личность формируется через испытания, а фундамент для внутренней силы закладывается в детстве. Крепость личности развивается через 8 ключевых этапов: 1. Право жить (рождение) 2. Право брать, получать (0–3 го","other","out_of_scope","no","no","low","none","","","","","Telegram Desktop/ChatExport_2026-09-04/messages.html","#message352"
"message353","service","","no","","0","0","Психогомеопатия: Алхимия души.","e3b0c44298fc1c149afbf4c8996fb92427ae41e4649b934ca495991b7852b855","","service_history","service","no","no","high","none","","","","","Telegram Desktop/ChatExport_2026-09-04/messages.html","#message353"
"message354","default","24.02.2025 15:04:29 UTC-05:00","no","","0","0","Психогомеопатия: Алхимия души.","8e6efe989ca4a59a579f724b09383a2532975260c9ee7f149250190bf29bfee5","Это довольно интересный анализ. По сути он показывает исходный код вашей личности, базовые программы внутри.","other","out_of_scope","no","no","low","none","","","","","Telegram Desktop/ChatExport_2026-09-04/messages.html","#message354"
"message355","default","24.02.2025 19:27:13 UTC-05:00","no","photos/photo_219@24-02-2025_19-27-13.jpg","1","0","Психогомеопатия: Алхимия души.","9b2ccef7854c852aa8473968ad9eaca3d5580db2f672075ab6acfebd2a4aeac6","Гомеопатия 3 уровень - это довольно интересно. Мы не только убираем симптомы или стрессы, которые задают симптомы. На этом этапе мы проводим перезапись основных сценариев- программ по ключевым граням психики человека: 1. Наличие Опоры 2. Наличие Близости 3. Любознательность и защищенность 4. Проявление Силы и Воли. 5. Любовь и отношения 6. Личная ценность и ","deep_alchemical","book_04","yes","yes","medium","none","","","","","Telegram Desktop/ChatExport_2026-09-04/messages.html","#message355"
"message356","default","24.02.2025 21:57:18 UTC-05:00","no","","0","0","Психогомеопатия: Алхимия души.","77defe768ae9ac4c664cd864fea0f354ad2370c475aa3e4d7105f9acc886d3c6","Я вам скажу, подбирать комбинацию препаратов, это как варить суп или зелье. Очень очень хитрая задача. Сами по себе хорошие препараты могут гасить друг друга. Можно пересолить. Например, берем препараты - APIS (королева пчел: восстанавливает силу при подавленности) - ARGENTUM NITRICUM (серебро: убирает страх ответственных событий). А вот если им добавить еще","theory_method","book_01","yes","yes","medium","mention_only","Argentum Nitricum; Lycopodium","argentum-nitricum; lycopodium; lycopodium","","","Telegram Desktop/ChatExport_2026-09-04/messages.html","#message356"
"message-129","service","","no","","0","0","Психогомеопатия: Алхимия души.","e3b0c44298fc1c149afbf4c8996fb92427ae41e4649b934ca495991b7852b855","","service_history","service","no","no","high","none","","","","","Telegram Desktop/ChatExport_2026-09-04/messages.html","#message-129"
"message357","default","25.02.2025 09:43:26 UTC-05:00","no","","0","0","Психогомеопатия: Алхимия души.","bdf7dc9bf57a6da6fd9a2d97b11da77724ceec0e0f059053055468312f8d7529","СТРУКТУРА НАШЕЙ РАБОТЫ #1. ГОМЕОПАТИЯ 1 уровень работа с вашей текущей личностью: снятие боли, бессилия, укрепление уверенности. #2. ГОМЕОПАТИЯ 2й уровень - Работа с субличностями (отщепленными частями души). Мы подчищаем основные ранние стрессы на уровне подсознания. Происходит Сборка Личности, возвращение частей души. Укрепляется личная сила. #3. ГОМЕОПАТИ","deep_alchemical","book_04","yes","yes","medium","none","","","","","Telegram Desktop/ChatExport_2026-09-04/messages.html","#message357"
"message-130","service","","no","","0","0","Психогомеопатия: Алхимия души.","e3b0c44298fc1c149afbf4c8996fb92427ae41e4649b934ca495991b7852b855","","service_history","service","no","no","high","none","","","","","Telegram Desktop/ChatExport_2026-09-04/messages.html","#message-130"
"message359","default","26.02.2025 08:33:31 UTC-05:00","no","photos/photo_220@26-02-2025_08-33-31.jpg","1","0","Психогомеопатия: Алхимия души.","6c51a6d1e6cefef05fcffb59b6a46abee03e6a6d5835f55f432e1c42ef2df8cf","Как говорят участники, довольно любопытная вещь эта диагностика. Я бы сказал, это ключ к базовому коду-сценарию вашей психики - т.е. вашей жизни.","other","out_of_scope","no","no","low","none","","","","","Telegram Desktop/ChatExport_2026-09-04/messages.html","#message359"
"message-131","service","","no","","0","0","Психогомеопатия: Алхимия души.","e3b0c44298fc1c149afbf4c8996fb92427ae41e4649b934ca495991b7852b855","","service_history","service","no","no","high","none","","","","","Telegram Desktop/ChatExport_2026-09-04/messages.html","#message-131"
"message360","default","27.02.2025 20:19:09 UTC-05:00","no","photos/photo_221@27-02-2025_20-19-09.jpg","1","0","Психогомеопатия: Алхимия души.","3e8a6418c3dd31fccfe8acbe0f60a240f4e70d7f0c248ee77f15f40a26a5e61c","ИСТОЧНИКИ СИЛЫ: #1. РАБОТА С ДРЕВОМ РОДА (Гомеопатия 4 уровень). В некоторых случаях причина ступора даже не в детстве, а в родовых сценариях и программах, которые передаются по наследству. Например, - мы можем за спиной чувствовать Силу Рода, его поддержку - или наоборот, чувствовать одиночество, исключенность, непринадлежность и т.д. С этим можно работать!","theory_method","book_01","yes","yes","medium","none","","","","","Telegram Desktop/ChatExport_2026-09-04/messages.html","#message360"
"message-132","service","","no","","0","0","Психогомеопатия: Алхимия души.","e3b0c44298fc1c149afbf4c8996fb92427ae41e4649b934ca495991b7852b855","","service_history","service","no","no","high","none","","","","","Telegram Desktop/ChatExport_2026-09-04/messages.html","#message-132"
"message361","default","01.03.2025 17:03:40 UTC-05:00","no","photos/photo_222@01-03-2025_17-03-40.jpg","1","0","Психогомеопатия: Алхимия души.","a49f20c9d1c352a712393dffa90d9d0236a4b0837ead41d389234fac690ce814","В последнее время я исследую Влияние Рода на систему человека. Замеряю через расстановки: - потенциал энергии поколения - как проходила переда энергии потомкам, что мешало, когда и почему. Несколько наблюдений: 1) Не всегда 7е поколение Рода имеет ресурс, иногда имеет, иногда нет. Но если поставить Фигуру Мужской Род или Фигуру Женский Род, ресурс в ней очен","subpersonality","book_03","yes","yes","medium","none","","","","","Telegram Desktop/ChatExport_2026-09-04/messages.html","#message361"
"message362","default","01.03.2025 19:38:14 UTC-05:00","no","photos/photo_223@01-03-2025_19-38-14.jpg","1","0","Психогомеопатия: Алхимия души.","7d07cfff8edc3317cf554343895629f793e24a9249d545fd8f87d1dc68a4cdbc","РАБОТА С ПРОГРАММАМИ РОДА Сразу оговорюсь, это не какая-то метафизика, а классическая тема в глубинной психотерапии и гомеопатии. Только касаемся мы этой темы уже на более поздних, глубоких этапах работы. * В ПСИХОТЕРАПИИ Считается, что мощные родовые, трансгенерационные травмы передаются генетически. И с ними проводится аккуратная работа, как и с другими тр","deep_alchemical","book_04","yes","yes","medium","none","","","","","Telegram Desktop/ChatExport_2026-09-04/messages.html","#message362"
"message-133","service","","no","","0","0","Психогомеопатия: Алхимия души.","e3b0c44298fc1c149afbf4c8996fb92427ae41e4649b934ca495991b7852b855","","service_history","service","no","no","high","none","","","","","Telegram Desktop/ChatExport_2026-09-04/messages.html","#message-133"
"message363","default","02.03.2025 18:19:27 UTC-05:00","no","photos/photo_224@02-03-2025_18-19-27.jpg","1","0","Психогомеопатия: Алхимия души.","9709e461914ed7ed78317c0a49b9d11a0e687cf5ad501c5cb64d710ef745673a","ЛИНИИ РОДА. Способы работы. Эффект, надо сказать, интересный. Линии Рода определяют не только количество энергии человека. Но и его внутренний стержень. А это в свою очередь, как выяснилось, значительно укрепляет имунную систему организма - способность бороться с деструктивными факторами. Иммунитет, получается, тоже имеет свой энергетический потенциал, на ко","theory_method","book_01","yes","yes","medium","mention_only","Arnica","arnica; arnica","","","Telegram Desktop/ChatExport_2026-09-04/messages.html","#message363"
"message-134","service","","no","","0","0","Психогомеопатия: Алхимия души.","e3b0c44298fc1c149afbf4c8996fb92427ae41e4649b934ca495991b7852b855","","service_history","service","no","no","high","none","","","","","Telegram Desktop/ChatExport_2026-09-04/messages.html","#message-134"
"message364","default","03.03.2025 13:13:37 UTC-05:00","no","photos/photo_225@03-03-2025_13-13-37.jpg","1","0","Психогомеопатия: Алхимия души.","5026b7bd09a554f12fa2e932c1841444ccaa9279074332e9f729b4caa8a61908","Препараты гомеопатии возрождают жизнь внутри, казалось бы даже в самых сложных случаях. Пример наблюдений через пару дней постановки препаратов.","theory_method","book_01","yes","yes","medium","none","","","","","Telegram Desktop/ChatExport_2026-09-04/messages.html","#message364"
"message365","default","03.03.2025 13:13:37 UTC-05:00","no","photos/photo_226@03-03-2025_13-13-37.jpg","1","0","Психогомеопатия: Алхимия души.","0b6ae658b62489f3d5b97f06fb31d9331f6e6534614eb0ac7d4111a886f5f689","ВОПРОС: На сколько устойчив эффект от коррекции? ОТВЕТ: При дистанционной коррекции воздействие идет 24 часа в сутки, 7 дней в неделю. Через 2 недели новые параметры организма встраиваются. Мы имеем нужные качества и без препаратов. Но, для закрепления эффекта желательно сделать 1 цикл (4 сессии). После каждого цикла работы мы переходим на новый уровень ощущ","theory_method","book_01","yes","yes","medium","none","","","","","Telegram Desktop/ChatExport_2026-09-04/messages.html","#message365"
"message366","default","03.03.2025 15:53:12 UTC-05:00","no","photos/photo_227@03-03-2025_15-53-12.jpg","1","0","Психогомеопатия: Алхимия души.","6d75ba983dd57bcd417a4a678a549980f30b6f6c8adf8afffa6fcf23b587c4a2","ПЕРСПЕКТИВЫ ГОМЕОПАТИИ Как оказалось, через препараты гомеопатии можно починить внутренние и внешние связи человека. МЫ ВОССТАНАВЛИВАЕМ: 1 уровень: Жизненные силы организма. 2 уровень: Гармонию чувств Души. 3 уровень: Ментальные опоры Духа. 4 уровень: Связь с Силой Рода. 5 уровень. По принципу работы с Древом Рода через гомеопатию можно восстановить каналы С","deep_alchemical","book_04","yes","yes","medium","none","","","","","Telegram Desktop/ChatExport_2026-09-04/messages.html","#message366"
"message367","default","03.03.2025 21:32:59 UTC-05:00","no","photos/photo_228@03-03-2025_21-32-59.jpg","1","0","Психогомеопатия: Алхимия души.","d9fa35d4e8ea31d512ebc05d145ae3de5733f8695fdded3d0c12c74fbbf299d6","РАБОТА С КРИСТАЛЛАМИ Любопытно... я отследил, что кристаллы тоже ""дружат"";-) Желательно, чтобы кристаллы были одной породы, одного размера. И тогда между ними в некоторых случаях начинают образовываться линии связи. По принципу резонанса. Этот эффект можно использовать в магической работе. Например, размещать между кристаллами ваши мандпалы, заклинания, мест","deep_alchemical","book_04","yes","yes","medium","none","","","","","Telegram Desktop/ChatExport_2026-09-04/messages.html","#message367"
"message-135","service","","no","","0","0","Психогомеопатия: Алхимия души.","e3b0c44298fc1c149afbf4c8996fb92427ae41e4649b934ca495991b7852b855","","service_history","service","no","no","high","none","","","","","Telegram Desktop/ChatExport_2026-09-04/messages.html","#message-135"
"message368","default","04.03.2025 20:21:17 UTC-05:00","no","photos/photo_229@04-03-2025_20-21-17.jpg","1","0","Психогомеопатия: Алхимия души.","163c39c6fb5c708f2e009002b581ffaa7175b13eff3ef520d7e5d8cb4555cb32","КАНАЛ ВЕЛИКОЙ МАТЕРИ: в традиции Индуизма. Безусловное принятие, любовь и поддержка - это та почва, которая необходима для роста психики, души младенца. Если в младенчестве был дефицит любви, была строгая или дистанцирующаяся мать, человек вырастает с чувством постоянной усталости и ненужности. А иногда отсутствии целей, смыслов, и даже отсутствия ощущения с","deep_alchemical","book_04","yes","yes","medium","none","","","","","Telegram Desktop/ChatExport_2026-09-04/messages.html","#message368"
"message-136","service","","no","","0","0","Психогомеопатия: Алхимия души.","e3b0c44298fc1c149afbf4c8996fb92427ae41e4649b934ca495991b7852b855","","service_history","service","no","no","high","none","","","","","Telegram Desktop/ChatExport_2026-09-04/messages.html","#message-136"
"message369","default","05.03.2025 13:28:23 UTC-05:00","yes","photos/photo_230@05-03-2025_13-28-23.jpg","1","0","Психогомеопатия: Алхимия души.","befaa79a645ffecf4ee17dd3938b8250ee9c4938671d9c5722f5dee4eab78aef","КАНАЛ ВЕЛИКОЙ МАТЕРИ: в Греческой Традиции. Греческая традиция помогает напитаться любовью и раскрыть чувственность. Мандалу Великой Матери в Греческой Традиции мы делаем через 4 Канала: Геи, Деметры, Гекаты, Персефоны. Это Мистерия пробуждения внутреннего света и жизни. 2. КАНАЛ ГЕИ - раскрывает изобилие достатка всех благ мира. - ПОСЫЛ: в любой точке мира ","deep_alchemical","book_04","yes","yes","medium","none","","","","","Telegram Desktop/ChatExport_2026-09-04/messages.html","#message369"
"message370","default","05.03.2025 13:43:20 UTC-05:00","yes","photos/photo_231@05-03-2025_13-43-20.jpg","1","0","Психогомеопатия: Алхимия души.","c6a9a0340ab26573d2ba768c99df422c030f98f72e551681bd2941b8308db20b","КАК РАБОТАТЬ С МАНДАЛАМИ? Мандала Великой Матери и Мандала Великого Отца - это фактически создание личного Алтаря для поддержки и напитывания любовью, качествами ранних частей души. Когда вы получаете персональную мандалу-алтарь, вы ее можете активизировать через - размещение свечи по центру - размещение своего фото - или размещение подношений к Каналам Боже","deep_alchemical","book_04","yes","yes","medium","none","","","","","Telegram Desktop/ChatExport_2026-09-04/messages.html","#message370"
"message-137","service","","no","","0","0","Психогомеопатия: Алхимия души.","e3b0c44298fc1c149afbf4c8996fb92427ae41e4649b934ca495991b7852b855","","service_history","service","no","no","high","none","","","","","Telegram Desktop/ChatExport_2026-09-04/messages.html","#message-137"
"message371","default","06.03.2025 16:12:46 UTC-05:00","no","photos/photo_232@06-03-2025_16-12-46.jpg","1","0","Психогомеопатия: Алхимия души.","0dd47a8bd8eb5b1358de87e38a5b0c852bc23988ee863433c2631d2d88eb119c","АМУЛЕТЫ, АРТЕФАКТЫ, ТАЛИСМАНЫ. В чем отличие? Что лучше сделать? /Небольшая заметка из нашей Школы Артефактов/ 1. ТАЛИСМАН (от слова талисма: письмо) - это заклинание, формирующее реальность. Работает на расстоянии, не требует постоянного контакта. Фактически, Мандалы к цели, Мандалы 1 уровня - это талисманы. 2. АМУЛЕТ - личный предмет, концентратор энергии.","deep_alchemical","book_04","yes","yes","medium","none","","","","","Telegram Desktop/ChatExport_2026-09-04/messages.html","#message371"
"message-138","service","","no","","0","0","Психогомеопатия: Алхимия души.","e3b0c44298fc1c149afbf4c8996fb92427ae41e4649b934ca495991b7852b855","","service_history","service","no","no","high","none","","","","","Telegram Desktop/ChatExport_2026-09-04/messages.html","#message-138"
"message372","default","07.03.2025 15:55:40 UTC-05:00","no","photos/photo_233@07-03-2025_15-55-40.jpg","1","0","Психогомеопатия: Алхимия души.","c289f5446cd988703a81ba91af8d39ff596d769d6ea377dff8400d6758f1cfe2","Сегодня был на супервизии по ТРАВМАТЕРАПИИ. Нам пояснили, что есть 2 формата работы: #1. ИСЦЕЛЕНИЕ ТРАВМ. Т.е. мы бережно укрепляем внутренний ресурс человека. Постепенно подходим к стрессовым историям раннего детства, возвращаем нужную опору и поддержку. #2. Но есть еще второй формат работы: ВОССТАНОВЛЕНИЕ СТРУКТУР личности. Это, когда в процессе развития л","theory_method","book_01","yes","yes","medium","none","","","","","Telegram Desktop/ChatExport_2026-09-04/messages.html","#message372"
"message373","default","07.03.2025 17:34:05 UTC-05:00","no","photos/photo_234@07-03-2025_17-34-05.jpg","1","0","Психогомеопатия: Алхимия души.","a6eae430f4dd4b5f833fb786655cf7c12f6c9e3d1df42ee2e3f92c835d6a5b6b","Что такое болезнь? В средние века считалось, что это испытание, божественный мандат, чтобы проверить веру человека. Собственно поэтому лечили болезни священники, а госпитали создавались при монастырях. Казалось бы, дикие времена. А сейчас медицина опять возвращается к тому же. Причины сложных болезней в психике. Скорость излечения зависит от вашей веры, ваше","subpersonality","book_03","yes","yes","medium","none","","","","","Telegram Desktop/ChatExport_2026-09-04/messages.html","#message373"
"message374","default","07.03.2025 17:39:25 UTC-05:00","no","photos/photo_235@07-03-2025_17-39-25.jpg","1","0","Психогомеопатия: Алхимия души.","d0bb58f37e3752d913aa9949c00f704930a308b9fedcd7e1efb27c3bad69ba65","А так выглядила античная аптека. Лекарства создавались из простых подручных элементов, растения, животные, минералы. Почти алхимия)","deep_alchemical","book_04","yes","yes","medium","none","","","","","Telegram Desktop/ChatExport_2026-09-04/messages.html","#message374"
"message-139","service","","no","","0","0","Психогомеопатия: Алхимия души.","e3b0c44298fc1c149afbf4c8996fb92427ae41e4649b934ca495991b7852b855","","service_history","service","no","no","high","none","","","","","Telegram Desktop/ChatExport_2026-09-04/messages.html","#message-139"
"message375","default","10.03.2025 17:17:53 UTC-05:00","no","photos/photo_236@10-03-2025_17-17-53.jpg","1","0","Психогомеопатия: Алхимия души.","2b39428060ad1e14dd1c5785bfe1d1b93f4da1d724b4f482855ad661652dca7e","Любопытный анализ на термографе как эмоция влияет на температуру тела (страх по центру, гнев левее). Это еще демонстрирует то, что наши эмоции прямо влияют на физическое состояние организма. На сложные заболевания обычно влияет 3 системы - нервная (психологические состояния) - гормональный - иммунная система. Современная медицина говорит, что психосоматика о","other","out_of_scope","no","no","low","none","","","","","Telegram Desktop/ChatExport_2026-09-04/messages.html","#message375"
"message376","default","10.03.2025 17:25:01 UTC-05:00","no","photos/photo_237@10-03-2025_17-25-01.jpg","1","0","Психогомеопатия: Алхимия души.","daab870b4a9155d5b65b823fcd31848e1e04c7552859b6a557dbf30f1817b5f0","Еще один любопытный слайд. Здесь показано влияние 3х ключевых психологических конфликтов человека на состояние трех базовых тканей организма. Например, - Мезодерма, соединительная ткань, отвечает за воспаления и сюда относится вопросы самооценки; - Эндодерма отвечает за ЖКТ, и если мы не способны что-то принять, переварить, начинаются нарушений в этой сфере.","other","out_of_scope","no","no","low","none","","","","","Telegram Desktop/ChatExport_2026-09-04/messages.html","#message376"
"message-140","service","","no","","0","0","Психогомеопатия: Алхимия души.","e3b0c44298fc1c149afbf4c8996fb92427ae41e4649b934ca495991b7852b855","","service_history","service","no","no","high","none","","","","","Telegram Desktop/ChatExport_2026-09-04/messages.html","#message-140"
"message377","default","11.03.2025 00:36:40 UTC-05:00","no","","0","0","Психогомеопатия: Алхимия души.","f3d60bf99d95429dbb77156570ecb2cc2f9691b4b8eead884f0758d40881cb99","ТЕРАПИЯ ЛИЧНОСТИ (Психо-гомеопатия 3 уровень). Наиболее глубокая коррекция начинается именно на 3м этапе. Напомню структуру работы (по Ганеману): - 1й уровень: устранение физическим симптомов. - 2й уровень: восстановление жизненной энергии, коррекция ранних стрессов (субличностей). - 3й уровень: перезапись ключевых сценариев психики. Встраивание новых моделе","deep_alchemical","book_04","yes","yes","medium","none","","","","","Telegram Desktop/ChatExport_2026-09-04/messages.html","#message377"
"message-141","service","","no","","0","0","Психогомеопатия: Алхимия души.","e3b0c44298fc1c149afbf4c8996fb92427ae41e4649b934ca495991b7852b855","","service_history","service","no","no","high","none","","","","","Telegram Desktop/ChatExport_2026-09-04/messages.html","#message-141"
"message378","default","12.03.2025 09:32:32 UTC-05:00","no","photos/photo_238@12-03-2025_09-32-32.jpg","1","0","Психогомеопатия: Алхимия души.","51912c6f5f4abc30b6e792a59a3227c7c1deaa032ac21c3824f0fe86f666ec97","В психотерапии и гомеопатии мы часто работаем с образом матери, напитываниеи ранних детских частей. В образной терапии для этой цели мы делаем мотив Корова. Как вам эта картина? Какие эмоции?)","theory_method","book_01","yes","yes","medium","none","","","","","Telegram Desktop/ChatExport_2026-09-04/messages.html","#message378"
"message379","default","12.03.2025 13:18:22 UTC-05:00","no","photos/photo_239@12-03-2025_13-18-22.jpg","1","0","Психогомеопатия: Алхимия души.","601766b0084b661a3af9c837d923ae8f583e7bcb2908213da024d5d8a1bcd7af","Это мое рабочее место сегодня... ,) Мне нравится работать через кристаллы, они значительно усиливают воздействие гомеопатии. Недавно я стал добавлять клиентам к препаратам гомеопатии еще персональное Место Силы (Мандалы-Артефакты в энергих древних Богов). Довольно приятный эффект наполнения стрессовой темы дополнительной поддержкой. Гомеопатия, кристаллы, ма","deep_alchemical","book_04","yes","yes","medium","none","","","","","Telegram Desktop/ChatExport_2026-09-04/messages.html","#message379"
"message-142","service","","no","","0","0","Психогомеопатия: Алхимия души.","e3b0c44298fc1c149afbf4c8996fb92427ae41e4649b934ca495991b7852b855","","service_history","service","no","no","high","none","","","","","Telegram Desktop/ChatExport_2026-09-04/messages.html","#message-142"
"message380","default","13.03.2025 13:50:39 UTC-05:00","no","","0","0","Психогомеопатия: Алхимия души.","07a6036f6db9316afc01b117bffc878f93da0275ef749c99519551e20327f105","ПРИМЕР. Расскажу как меняется сила воздействия через разные методы в нашей коррекции ВОЗЬМУ КЕЙС РАБОТЫ С КЛИЕНТОМ (к цели) БАЗОВАЯ ДИАГНОСТИКА - Интерес, готовность: +2 ед. - Ступор, смущение -5 ед. #1. ВОЗДЕЙСТВИЕ ГОМЕОПАТИЕЙ ПО ФОТО - интерес +3 ед. - смушение -3 ед. * Показатели улучшились в 1.5 раза, но хочется больше, значит причина скрывается глубже, ","deep_alchemical","book_04","yes","yes","medium","none","","","","","Telegram Desktop/ChatExport_2026-09-04/messages.html","#message380"
"message-143","service","","no","","0","0","Психогомеопатия: Алхимия души.","e3b0c44298fc1c149afbf4c8996fb92427ae41e4649b934ca495991b7852b855","","service_history","service","no","no","high","none","","","","","Telegram Desktop/ChatExport_2026-09-04/messages.html","#message-143"
"message381","default","14.03.2025 14:32:16 UTC-05:00","no","photos/photo_240@14-03-2025_14-32-16.jpg","1","0","Психогомеопатия: Алхимия души.","5dbb392ce6c198c03c3110219b99fe72debd6cb1160077e8ce5c5902e82ea3ba","ПСИХОТЕРАПИЯ и АЛЬТЕРНАТИВНЫЕ МЕТОДЫ. Работая с клиентами, удается отслеживать психическое пространство клиентов через поле расстановок. Так вот, должен сказать, что наиболее эффективно на симптомы, психосоматику влияет изменение ВНУТРЕННЕГО СОСТОЯНИЯ человека. Образная психотерапия как раз запускает процесс изменения структуры внутреннего мира через управля","deep_alchemical","book_04","yes","yes","medium","none","","","","","Telegram Desktop/ChatExport_2026-09-04/messages.html","#message381"
"message382","default","14.03.2025 17:08:46 UTC-05:00","no","","0","0","Психогомеопатия: Алхимия души.","befea28dcee4d3e22ca21c5d8d59cd09532d3c9869cdb5e8fdb072258f5a6fc8","Отсюда как раз про расстановки. Расстановки - хорошая тема, все видно насквозь. Но у многих возникает вопрос об эффективности расстановок. Сделал работу и ничего не поменялось. Это все про тоже. Расстановка дает изменение образа, изменения состояний, изменение связей. Но это изменение должно зафиксироваться. А для этого нужна абсолютная вера ведущего, которы","theory_method","book_01","yes","yes","medium","none","","","","","Telegram Desktop/ChatExport_2026-09-04/messages.html","#message382"
"message-144","service","","no","","0","0","Психогомеопатия: Алхимия души.","e3b0c44298fc1c149afbf4c8996fb92427ae41e4649b934ca495991b7852b855","","service_history","service","no","no","high","none","","","","","Telegram Desktop/ChatExport_2026-09-04/messages.html","#message-144"
"message384","default","15.03.2025 12:43:20 UTC-05:00","no","photos/photo_241@15-03-2025_12-43-20.jpg","1","0","Психогомеопатия: Алхимия души.","180f0d71bcef087c4854cae005dc640e3b5a8d6bcae4b9cac80daea73713ea63","ГОМЕОПАТИЯ 4 УРОВЕНЬ (Сакральная гомеопатия) Я начинаю работать с препаратами ультра-высокой потенции, 10 000. Они эффективны для коррекции очень глубоких, базовых тем. Например: Жизнь/ Смерть, Мужское/ Женское и т.п. Поясню на сколько это глубокий уровень. 1. В ослабленных состояниях организма лучше идут низкие потенции: 6-15. 2. Чаще всего я работаю с ситу","theory_method","book_01","yes","yes","medium","none","","","","","Telegram Desktop/ChatExport_2026-09-04/messages.html","#message384"
"message-145","service","","no","","0","0","Психогомеопатия: Алхимия души.","e3b0c44298fc1c149afbf4c8996fb92427ae41e4649b934ca495991b7852b855","","service_history","service","no","no","high","none","","","","","Telegram Desktop/ChatExport_2026-09-04/messages.html","#message-145"
"message385","default","16.03.2025 17:44:06 UTC-05:00","no","photos/photo_242@16-03-2025_17-44-06.jpg","1","0","Психогомеопатия: Алхимия души.","ebb3bbf2c0ffcad7d2d964ed98c346a2619accf6cd3b61f3b5dd614ab51508bb","ГОМЕОПАТИЯ В БИЗНЕСЕ 💰 Есть ли таблетки для увеличения денег? Оказывается, есть! 😲 Но подбираются они персонально. Мы идем от парадигмы, что внешний мир — это отражение внутренней реальности. Внутренние блоки, страхи, непринятие денег и клиентов - во внешнем мире это проявляется в финансовых сложностях. Как мы работаем с темой денег и бизнеса? 🔍 Шаг 1: Ис","subpersonality","book_03","yes","yes","medium","none","","","","","Telegram Desktop/ChatExport_2026-09-04/messages.html","#message385"
"message-146","service","","no","","0","0","Психогомеопатия: Алхимия души.","e3b0c44298fc1c149afbf4c8996fb92427ae41e4649b934ca495991b7852b855","","service_history","service","no","no","high","none","","","","","Telegram Desktop/ChatExport_2026-09-04/messages.html","#message-146"
"message386","default","17.03.2025 16:41:30 UTC-05:00","no","","0","0","Психогомеопатия: Алхимия души.","a62714e56878c5f79cf13eb6c9d469a19c4e4736a7a7e7e842d9d117e365bf75","Отзыв клиента уже после одной первой сессии гомеопатии: ""Все стало лучше, лучше жить, все вкуснее, приятней, радостней, могу почувствовать больше удовольствия. Очень сильно этого не хватало. Стало лучше. Очень довольна. И люди, клиенты пошли! С утра просыпаюсь - как все хорошо. ""","theory_method","book_01","yes","yes","medium","none","","","","","Telegram Desktop/ChatExport_2026-09-04/messages.html","#message386"
"message387","default","17.03.2025 17:49:18 UTC-05:00","no","photos/photo_243@17-03-2025_17-49-18.jpg","1","0","Психогомеопатия: Алхимия души.","67e87debf311b97b89ef417aef7a590bac4b8f5eedd097705d5f29942e793eca","APIS (пчелиный яд). Важный препарат. Он подходит в ситуациях отчаяния, патовой безвыходности, подавленности. Возвращает чувство опоры на себя и самодостаточности. ОБОСНОВАНИЕ Препарат готовят довольно жестоко: живых пчел перетирают в ступке, так что они выпускают яд. Соответветственно, в подобных ситуациях безвыходности помогает прерарат. APIS помогает освоб","remedy_card","book_02","yes","yes","high","full_card","Apis","apis","message387","","Telegram Desktop/ChatExport_2026-09-04/messages.html","#message387"
"message-147","service","","no","","0","0","Психогомеопатия: Алхимия души.","e3b0c44298fc1c149afbf4c8996fb92427ae41e4649b934ca495991b7852b855","","service_history","service","no","no","high","none","","","","","Telegram Desktop/ChatExport_2026-09-04/messages.html","#message-147"
"message388","default","18.03.2025 12:54:36 UTC-05:00","no","photos/photo_244@18-03-2025_12-54-36.jpg","1","0","Психогомеопатия: Алхимия души.","5bc1b5bb52f0a5f1edc3c7628575aecfb8c219685cc0e97e91c93af9cdddda2d","Как проходит работа в Системной Гомеопатии? А. БАЗОВЫЙ ФОРМАТ: Шаг 1: Диагностика ситуации, причин проблем через Системные расстановки. Находим возможные решения. Шаг 2. Через поле расстановок подбираем препараты для стабилизации психоэмоционального состояния. Чаще всего это препараты гомеопатии. Причем воздействие препаратами проводится дистанционно, по фот","deep_alchemical","book_04","yes","yes","medium","none","","","","","Telegram Desktop/ChatExport_2026-09-04/messages.html","#message388"
"message-148","service","","no","","0","0","Психогомеопатия: Алхимия души.","e3b0c44298fc1c149afbf4c8996fb92427ae41e4649b934ca495991b7852b855","","service_history","service","no","no","high","none","","","","","Telegram Desktop/ChatExport_2026-09-04/messages.html","#message-148"
"message389","default","19.03.2025 09:20:08 UTC-05:00","no","photos/photo_245@19-03-2025_09-20-08.jpg","1","0","Психогомеопатия: Алхимия души.","9d6606e00c9cc41b770457e921d30dfbcf94b4e7f817c7b50cc4e8a43d88450d","Подбор препаратов в гомеопатии - это обращение к Мудрости Природы. Подходящие препараты показывают, что сейчас у вас происходит внутри, раскрывают причину событий. Я подбираю препараты не по книжке, а по резонансу с травмой, с вашей Душой. Это позволяет запустить глубинные трансформации. В гомеопатии мы не навязываем ничего сверху. Мы считываем ваш внутренни","theory_method","book_01","yes","yes","medium","none","","","","","Telegram Desktop/ChatExport_2026-09-04/messages.html","#message389"
"message-149","service","","no","","0","0","Психогомеопатия: Алхимия души.","e3b0c44298fc1c149afbf4c8996fb92427ae41e4649b934ca495991b7852b855","","service_history","service","no","no","high","none","","","","","Telegram Desktop/ChatExport_2026-09-04/messages.html","#message-149"
"message390","default","22.03.2025 01:45:13 UTC-05:00","no","photos/photo_246@22-03-2025_01-45-13.jpg","1","0","Психогомеопатия: Алхимия души.","80dcc082d4407e0eb9714f39b2d64360a0b8ddc6b7778f13d8b4e0db7e1ad291","SILICEA (кремень). Этот тот препарат, который позволяет собрать и структурировать мысли, слова, действия, когда казалось бы мир рассыпается на части, силы уходят и непонятно что делать дальше. Препарат помогает обрести стойкость, упорство, устойчивость, активировать внутреннее ядро, уверенность и ясность намерений. 2. ПОКАЗАНИЯ: - для мягких людей, которым н","remedy_card","book_02","yes","yes","high","full_card","Silicea","silicea","message390","","Telegram Desktop/ChatExport_2026-09-04/messages.html","#message390"
"message-150","service","","no","","0","0","Психогомеопатия: Алхимия души.","e3b0c44298fc1c149afbf4c8996fb92427ae41e4649b934ca495991b7852b855","","service_history","service","no","no","high","none","","","","","Telegram Desktop/ChatExport_2026-09-04/messages.html","#message-150"
"message391","default","23.03.2025 01:14:25 UTC-05:00","no","photos/photo_247@23-03-2025_01-14-25.jpg","1","0","Психогомеопатия: Алхимия души.","c5aa4910250352a886c48883bee13c0008291c5627819a118a46e71e60e24a18","Любопытная версия. Состояние внутреннего ребенка врядли определяется богатством родителей. Но состояние вашего внутреннего ребенка точно влияет на количество внутренней энергии, и, соответственно, ваши успехи и богатство. Чем мне нравится подход Гомеопатия души, мы не теоретизируем на теме внутреннего ребенка, а можно точно измерить, по 8 шкалам ""этапов разв","theory_method","book_01","yes","yes","medium","none","","","","","Telegram Desktop/ChatExport_2026-09-04/messages.html","#message391"
"message-151","service","","no","","0","0","Психогомеопатия: Алхимия души.","e3b0c44298fc1c149afbf4c8996fb92427ae41e4649b934ca495991b7852b855","","service_history","service","no","no","high","none","","","","","Telegram Desktop/ChatExport_2026-09-04/messages.html","#message-151"
"message392","default","25.03.2025 02:57:21 UTC-05:00","no","","0","0","Психогомеопатия: Алхимия души.","1b905038e4963d5b24c77da12be5ad31e93b7ec135cecec65d5526429930562e","3 УРОВЕНЬ КУРС. ГЛУБИННАЯ ГОМЕОПАТИЯ. + АРХЕТИПИЧЕСКИЕ МАНДАЛЫ В рамках 3 уровня мы чередуем гомеопатию и архетипические мандалы: - Более смелые преобразования запускают препараты гомеопатии. - Мандалы дают доп поддержку и ресурс. ПЛАН РАБОТЫ: КУРС 8 ЭТАПОВ РАЗВИТИЯ ЛИЧНОСТИ. - 1 ступень (Опора): Мандала Матери, Мандала Отца. - 2 ступень (Близость): мандалы:","deep_alchemical","book_04","yes","yes","medium","none","","","","","Telegram Desktop/ChatExport_2026-09-04/messages.html","#message392"
"message393","default","25.03.2025 13:17:15 UTC-05:00","no","photos/photo_248@25-03-2025_13-17-15.jpg","1","0","Психогомеопатия: Алхимия души.","84bf0783a30d6acdfd46ae1040b7a7e3365519c4a1b9545ac6696fbfb28670ed","Ни одно дерево не может вырасти до небес, если его корни не достигают ада. Карл Густав Юнг __ Это как раз про работу над ""личной Преисподней"": страхами, блоками. Без прочного фундамента не может быть устойчивого роста.","other","out_of_scope","no","no","low","none","","","","","Telegram Desktop/ChatExport_2026-09-04/messages.html","#message393"
"message-152","service","","no","","0","0","Психогомеопатия: Алхимия души.","e3b0c44298fc1c149afbf4c8996fb92427ae41e4649b934ca495991b7852b855","","service_history","service","no","no","high","none","","","","","Telegram Desktop/ChatExport_2026-09-04/messages.html","#message-152"
"message394","default","26.03.2025 10:51:15 UTC-05:00","no","photos/photo_249@26-03-2025_10-51-15.jpg","1","0","Психогомеопатия: Алхимия души.","8601cb30dd5135aaea830398780bc4772ecc996878d633e598ef9863baf0cb61","АЛХИМИЯ И ПСИХОТЕРАПИЯ В глубинной терапии, алхимии и гомеопатии мы проходим четыре стадии трансформации . Каждая из них соответствует определённому этапу внутренней работы и определённому типу гомеопатической поддержки. #1. ЧЕРНАЯ ФАЗА — NIGREDO Задачи: – Признать боль – Восстановить ресурс – Дать стабилизацию и поддержку Методы: Поддерживающая терапия Гоме","deep_alchemical","book_04","yes","yes","medium","none","","","","","Telegram Desktop/ChatExport_2026-09-04/messages.html","#message394"
"message395","default","26.03.2025 18:26:41 UTC-05:00","no","","0","0","Психогомеопатия: Алхимия души.","aab7c8878db7bb6f4c3880232ebdd9ea781fb6dd5b4a3acbbcce1fca6027a4bf","Немного поясню схему. ФАЗА #1. НИГРЕДО. Если вас вдруг накрывают эмоции, стресс, тревога, злость и т.п.,значит вы в стадии Черноты (Нигредо). - Как выбираться? - Стабилизироваться: 1. Возвращать контакт с телом, с собой. 2. Принимать гомеопатию 1 уровня (низких потенций). Стабилизация будет быстрая Но нужно повторять время от времени. ФАЗА #2. АЛЬБЕДО. Когда","deep_alchemical","book_04","yes","yes","medium","none","","","","","Telegram Desktop/ChatExport_2026-09-04/messages.html","#message395"
"message-153","service","","no","","0","0","Психогомеопатия: Алхимия души.","e3b0c44298fc1c149afbf4c8996fb92427ae41e4649b934ca495991b7852b855","","service_history","service","no","no","high","none","","","","","Telegram Desktop/ChatExport_2026-09-04/messages.html","#message-153"
"message396","default","28.03.2025 13:55:02 UTC-05:00","no","photos/photo_250@28-03-2025_13-55-02.jpg","1","0","Психогомеопатия: Алхимия души.","6e82aee99dcf5d13fe6db390112348f30b81f951f581a9e5d8bdf76fb369d1f0","3 этап Алхимии Души: ФОРМИРУЮЩАЯ ТЕРАПИЯ (развитие личности). Это непростая задача. Напомню, - на 1м этапе терапии мы восстанавливаем ваш ресурс. - на 2м этапе терапии мы убираем ключевые травмы, которые съедают ресурс, активность, снижают личную эффективность; - на 3м этапе работы наша задача формировать, встраивать нужные кластеры психики: опора, близость,","deep_alchemical","book_04","yes","yes","medium","none","","","","","Telegram Desktop/ChatExport_2026-09-04/messages.html","#message396"
"message-154","service","","no","","0","0","Психогомеопатия: Алхимия души.","e3b0c44298fc1c149afbf4c8996fb92427ae41e4649b934ca495991b7852b855","","service_history","service","no","no","high","none","","","","","Telegram Desktop/ChatExport_2026-09-04/messages.html","#message-154"
"message397","default","29.03.2025 13:59:15 UTC-05:00","no","","0","0","Психогомеопатия: Алхимия души.","d30b10aabebbc9dc6edd9b1fb8a8a5fcae8262aa35aa4d29dbb44444613e2466","ПИТЬ ИЛИ НЕ ПИТЬ? (таблетки гомеопатии). Это зависит от уровня осознанности. #1. Обычно я предлагаю работать через фото/ мандалу, рассматривая препараты 3 раза в день. Этого достаточно. #2. Но для некоторых даже это сложная задача. Концентрировать свое внимание на фотографии 3 раза в день далеко не каждый пациент сможет. В этом случае препараты можно принима","deep_alchemical","book_04","yes","yes","medium","none","","","","","Telegram Desktop/ChatExport_2026-09-04/messages.html","#message397"
"message398","default","29.03.2025 16:07:52 UTC-05:00","no","photos/photo_251@29-03-2025_16-07-52.jpg","1","0","Психогомеопатия: Алхимия души.","ea5932b75c5e98f33ef95bd3af110c94c48eea6fe90c4c2785c0e9ec53e067a5","NATRUM CARBONICUM (сода) Это новый препарат в моей практике, но он проявил себя так эффективно, что я внес его в группу своих ключевых препаратов. Этот препарат быстро смягчает внутреннее напряжение и открывает человека к мягким, приятным связям. 1. ОСНОВА ПРЕПАРАТА Пищевая сода. Смягчает избыточную кислотность, в теле и душе. Сиягчает раздражение, боль. Мяг","remedy_card","book_02","yes","yes","high","full_card","Natrum Carbonicum","natrum-carbonicum","message398","","Telegram Desktop/ChatExport_2026-09-04/messages.html","#message398"
"message399","default","29.03.2025 18:17:44 UTC-05:00","no","photos/photo_252@29-03-2025_18-17-44.jpg","1","0","Психогомеопатия: Алхимия души.","a1cb6d8b6aed80efbaa638b359d8e8845285c1479add16e79fd3015c70983c38","ПСИХОСОМАТИКА ДИАБЕТА (Заметки с обучения) Заболевания поджелудочной часто связаны с глубинными внутренними конфликтами, которые могли возникать на разных этапах взросления. #1. ТРАВМА ОПОРЫ. Исключение мужской фигуры в семье (ее подавление, отрицание): - если человек не знал своего отца в родительской семье - не реализовал функцию отца в мире, - отрицание Б","theory_method","book_01","yes","yes","medium","none","","","","","Telegram Desktop/ChatExport_2026-09-04/messages.html","#message399"
"message-155","service","","no","","0","0","Психогомеопатия: Алхимия души.","e3b0c44298fc1c149afbf4c8996fb92427ae41e4649b934ca495991b7852b855","","service_history","service","no","no","high","none","","","","","Telegram Desktop/ChatExport_2026-09-04/messages.html","#message-155"
"message400","default","31.03.2025 18:35:53 UTC-05:00","no","","0","0","Психогомеопатия: Алхимия души.","a413eca184f5d3f523f219d6f1b419562b5ac7afdf4a980696c4976b9c7912d6","ЧТО ТАКОЕ БОЛЕЗНЬ? Это индикатор, сигнал организму, что что-то надо поменять. КАК ФОРМИРУЕТСЯ БОЛЕЗНЬ? #1. Возникает конфликт (окружающая среда, люди). #2. Конфликт подавляет/ нарушает наши потребности (безопасность, опора, принадлежность и т.д. - 8 осей). #3. Возникает стресс. #4. Только потом возникает болезнь. Если конфликт текущий, он быстро решается. А ","theory_method","book_01","yes","yes","medium","none","","","","","Telegram Desktop/ChatExport_2026-09-04/messages.html","#message400"
"message-156","service","","no","","0","0","Психогомеопатия: Алхимия души.","e3b0c44298fc1c149afbf4c8996fb92427ae41e4649b934ca495991b7852b855","","service_history","service","no","no","high","none","","","","","Telegram Desktop/ChatExport_2026-09-04/messages.html","#message-156"
"message402","default","01.04.2025 23:14:18 UTC-05:00","no","photos/photo_253@01-04-2025_23-14-18.jpg","1","0","Психогомеопатия: Алхимия души.","742c6cd1a32320c619604c392444e361241a4e8cb63e81cef821e3346e386937","Раньше я воспринимал терапию субличностей как нанизывание бусин на нить — одну проработал, взялся за следующую. Сейчас понимаю, что все сложнее. Психика личности скорее похожа на кольца дерева. На каждом кольце может быть и ресурс и травма. И мы можем нескольку раз ходить по кольцам вперед-назад, возрождая личный ресурс. Травма — это ржавый топор, вонзившийс","deep_alchemical","book_04","yes","yes","medium","none","","","","","Telegram Desktop/ChatExport_2026-09-04/messages.html","#message402"
"message403","default","01.04.2025 23:45:09 UTC-05:00","no","","0","0","Психогомеопатия: Алхимия души.","38e933ac09417c779d1a2637f6989e7ec346869bdd0d22e3d2890c453c7b188e","Чем отличается психо-гомеопатия от классической гомеопатии? В классической гомеопатии, мы детально изучаем симптом, и подбираем одно средство, максимально подобно по симптомам на текущий момент. Глубокое симптоматическое лечение. В психо-гомеопатии наша цель не столько решить одну проблему, сколько укрепить личность. И тогда ключевые проблемы решатся сами со","theory_method","book_01","yes","yes","medium","none","","","","","Telegram Desktop/ChatExport_2026-09-04/messages.html","#message403"
"message-157","service","","no","","0","0","Психогомеопатия: Алхимия души.","e3b0c44298fc1c149afbf4c8996fb92427ae41e4649b934ca495991b7852b855","","service_history","service","no","no","high","none","","","","","Telegram Desktop/ChatExport_2026-09-04/messages.html","#message-157"
"message404","default","02.04.2025 09:49:47 UTC-05:00","no","photos/photo_254@02-04-2025_09-49-47.jpg","1","0","Психогомеопатия: Алхимия души.","7560f18b5b7862e66da9e7979dba66cf19b8d0ab167731859aa57bff6bf2fb87","Гомеопатия за неделю-две трансформирует внутреннее состояние, образ. __ ОТЗЫВ: Привет. Ты знаешь, появились интересные состояния. Такого раньше не было внутренняя какая то спокойная уверенность, внутреннее чувство собственного достоинства. Сначала мне показалось что во мне зреет какой то железный стержень, который присущь мужчинам... Но мне нравится это сост","theory_method","book_01","yes","yes","medium","none","","","","","Telegram Desktop/ChatExport_2026-09-04/messages.html","#message404"
"message406","default","02.04.2025 17:59:46 UTC-05:00","no","photos/photo_255@02-04-2025_17-59-46.jpg","1","0","Психогомеопатия: Алхимия души.","da0480da23463a2fbc2fe51aea6d881d6e6675de596503707dc764d40b3fbf0e","Еще один кейс. Запрос про деньги. На первой сессии диагностика показала, что хочется вообще-то не денег,а любви. Деньги - это скорее символ защищенности, которую хочет получить забытая ранняя детская часть. Я назначил поддержку детской части через - Spongia Tosta - Silicea - Kali Phosphoricum На вторую сессию через 2 недели ко мне пришел уже другой человек -","theory_method","book_01","yes","yes","medium","mention_only","Spongia Tosta; Silicea","spongia-tosta; silicea; spongia-tosta; silicea","","","Telegram Desktop/ChatExport_2026-09-04/messages.html","#message406"
"message-158","service","","no","","0","0","Психогомеопатия: Алхимия души.","e3b0c44298fc1c149afbf4c8996fb92427ae41e4649b934ca495991b7852b855","","service_history","service","no","no","high","none","","","","","Telegram Desktop/ChatExport_2026-09-04/messages.html","#message-158"
"message407","default","03.04.2025 00:28:56 UTC-05:00","no","","0","0","Психогомеопатия: Алхимия души.","b8bb8eabd49be18a58449a8b48e602590dc3871261fefe25b3ffd51f91402ad6","СОХРАНЯЕТСЯ ЛИ ЭФФЕКТ ГОМЕОПАТИИ? (Другими словами, дает ли гомеопатия исцеление?) Это очень хороший вопрос. Но тут надо разобраться. Все зависит от того, ГДЕ находится причина симптома. 1. Если причина симптома в теле/ мире (стрессы, усталости, конфликты и т.п.), то убрать симптом быстрее. Мы работаем низкими потенциями (30) и они сразу дают эффект. 2. Если","theory_method","book_01","yes","yes","medium","none","","","","","Telegram Desktop/ChatExport_2026-09-04/messages.html","#message407"
"message-159","service","","no","","0","0","Психогомеопатия: Алхимия души.","e3b0c44298fc1c149afbf4c8996fb92427ae41e4649b934ca495991b7852b855","","service_history","service","no","no","high","none","","","","","Telegram Desktop/ChatExport_2026-09-04/messages.html","#message-159"
"message408","default","04.04.2025 23:30:17 UTC-05:00","no","photos/photo_256@04-04-2025_23-30-17.jpg","1","0","Психогомеопатия: Алхимия души.","0fcbc31193de58f37325bc1e860304b23ffe4c3d79fb3b98f5ecfc9d67b3571e","MAGNESIA PHOSPHORICA Еще один из моих любимых препаратов в вопросах любви. Он творит чудеса. Клиенты, принимая этот препарат расслабляются и начинает устанавливать мягкие, нежные контакты с другими. И получают любовь и признание в ответ. Мир наполняется любовью. ОСНОВА Фосфат магния: соединение, отвечающие за передачу энергии и расслаблении мышц. В гомеопати","remedy_card","book_02","yes","yes","high","full_card","Magnesia Phosphorica","magnesia-phosphorica","message408","","Telegram Desktop/ChatExport_2026-09-04/messages.html","#message408"
"message-160","service","","no","","0","0","Психогомеопатия: Алхимия души.","e3b0c44298fc1c149afbf4c8996fb92427ae41e4649b934ca495991b7852b855","","service_history","service","no","no","high","none","","","","","Telegram Desktop/ChatExport_2026-09-04/messages.html","#message-160"
"message409","default","05.04.2025 20:26:50 UTC-05:00","no","photos/photo_257@05-04-2025_20-26-50.jpg","1","0","Психогомеопатия: Алхимия души.","c6d978b975ce04e450ab53f22c09d9da3b1540b0dc2ac5c8af13c2d0a35f20b0","Гомеопатия - это разрешенное волшебство! Это заклинания Жизненной Силы, которые можно купить в аптеке. Это устойчивые вибрации ключевых граней нашего мира: - от туи до анаконды, - от мышьяка до золота. Кстати, сейчас я в рамках сессии еще для каждого разрабатываю свой ритуал трансформации. Так же обучаю, как создавать амулеты с гомеопатическими препаратами. ","theory_method","book_01","yes","yes","medium","none","","","","","Telegram Desktop/ChatExport_2026-09-04/messages.html","#message409"
"message-161","service","","no","","0","0","Психогомеопатия: Алхимия души.","e3b0c44298fc1c149afbf4c8996fb92427ae41e4649b934ca495991b7852b855","","service_history","service","no","no","high","none","","","","","Telegram Desktop/ChatExport_2026-09-04/messages.html","#message-161"
"message410","default","06.04.2025 10:56:11 UTC-05:00","no","photos/photo_258@06-04-2025_10-56-11.jpg","1","0","Психогомеопатия: Алхимия души.","85d8282bcca819d2f84a2589390824cf391a5594706b499fe260ae2cf565f701","ТРАВМА РОЖДЕНИЯ / Связь с Источником / Это очень ранняя и глубокая тема, с которой я сейчас работаю в психотерапии (травматерапии). У меня довольно много клиентов приходят в состоянии: ""меня нет"", ""я не знаю что я хочу"", ""я не такой, как другие"", ""я скорее в космосе, чем на земле"" и т.п. Это отражает раннюю травматизацию психики. А травма рождения как раз пр","deep_alchemical","book_04","yes","yes","medium","none","","","","","Telegram Desktop/ChatExport_2026-09-04/messages.html","#message410"
"message411","default","06.04.2025 14:20:43 UTC-05:00","no","photos/photo_259@06-04-2025_14-20-43.jpg","1","0","Психогомеопатия: Алхимия души.","af1c715ce96a985b6411a912e57f64dfbd4183e8a1551cb119bc730a21636a1f","СВЯЗЬ С ИСТОЧНИКОМ. Здесь я опишу редкие, сакральные препараты, которые используются в гомеопатии для исцеления этой травмы, восстановления глубинной связи с Источником и чувства принадлежности. 1. LAC HUMANUM (женское грудное молоко) - для работы с ранней утратой материнской любви, разлукой после рождения, тоска, потребность в принятии, одиночество и брошен","theory_method","book_01","yes","yes","medium","mention_only","Opium; Lac Humanum; Amniotic Fluid; Placenta; Lac Caninum","opium; lac-humanum; amniotic-fluid; placenta; lac-caninum","","","Telegram Desktop/ChatExport_2026-09-04/messages.html","#message411"
"message412","default","06.04.2025 15:12:22 UTC-05:00","no","photos/photo_260@06-04-2025_15-12-22.jpg","1","0","Психогомеопатия: Алхимия души.","d043661f1d614b0ebb2c0494a4b44322ef415609b2eb22a588244be3d511bf66","СВЯЗЬ С ИСТОЧНИКОМ Я возвращаюсь в Тепло Я возвращаюсь — не ногами, А сердцем, кожей, тишиной, Сквозь боль забвения и драмы В объятья Жизни — я с тобой. Ты — небо в утреннем дыханье, Ты — свет, что льется в мою грудь. Ты — моё первое звучанье, Когда я начал этот путь. Меня не слышали — прощаю. Меня не ждали — всё равно Я вновь и вновь себя рождаю Из глубины ","other","out_of_scope","no","no","low","none","","","","","Telegram Desktop/ChatExport_2026-09-04/messages.html","#message412"
"message413","default","06.04.2025 15:13:22 UTC-05:00","no","","0","0","Психогомеопатия: Алхимия души.","d633dd00f8ba6d4519ce437c9751185bbb9f7a39c670424a9dd0c5b0f382b982","ПРАКТИКА: Связь с Источником (При поддержке ИИ) ИИ предложил практику. Мне понравилось. Я чуть доработал и делюсь с вами. Пробуйте и пишите наблюдения! 1. Ставим музыку дельфинов: https://youtu.be/f2AmEcp9kg0?si=6M7nu0tvqlNiZZ1X 2. Базовая настройка: Опора. Концентрация: Муладхара (1) Дыхание: вдох через нос, и очень медленный выдох через рот. 3 раза. Настро","other","out_of_scope","no","no","low","none","","","","","Telegram Desktop/ChatExport_2026-09-04/messages.html","#message413"
"message414","default","06.04.2025 18:07:52 UTC-05:00","no","","0","0","Психогомеопатия: Алхимия души.","3201e0622992becb5796923cb6419ae8cdba41a6630bec3cfe085b0e21a0626b","СКОРОСТЬ ВОЗДЕЙСТВИЯ В ГОМЕОПАТИИ. Часто приходится сталкиваться с тем, что в начале нашей работы эффект наступает очень быстро. Чуть ли ни молниеносно. А потом скорость снижается. Это нормально? Да. Так как мы углубляемся в фундамент психики. 1. Первый цикл сессий у нас обычно симптоматические, про снятие страхов, усталости, напряжения и т.п. Эффект наступа","deep_alchemical","book_04","yes","yes","medium","none","","","","","Telegram Desktop/ChatExport_2026-09-04/messages.html","#message414"
"message-162","service","","no","","0","0","Психогомеопатия: Алхимия души.","e3b0c44298fc1c149afbf4c8996fb92427ae41e4649b934ca495991b7852b855","","service_history","service","no","no","high","none","","","","","Telegram Desktop/ChatExport_2026-09-04/messages.html","#message-162"
"message415","default","07.04.2025 14:21:06 UTC-05:00","no","photos/photo_261@07-04-2025_14-21-06.jpg","1","0","Психогомеопатия: Алхимия души.","91605606eb54a70956d48e16cca985b4a2d56bc0bdb4712575a857efb92f882e","ПСИХОТЕРАПИЯ - это, к сожалению, не таблетка. Это Путь. Путь развития внутреннего Сада Души. Я ранее слышал фразу, терапия - это стать родителем самому себе. И она мне совсем не нравилась. Звучала томно и безперспективно. Но по сути это так. Глубинное Я — это та часть души, куда мы почти никого не пускаем. А часто — и сами себя. Именно там скрываются самые с","subpersonality","book_03","yes","yes","medium","none","","","","","Telegram Desktop/ChatExport_2026-09-04/messages.html","#message415"
"message-163","service","","no","","0","0","Психогомеопатия: Алхимия души.","e3b0c44298fc1c149afbf4c8996fb92427ae41e4649b934ca495991b7852b855","","service_history","service","no","no","high","none","","","","","Telegram Desktop/ChatExport_2026-09-04/messages.html","#message-163"
"message417","default","08.04.2025 13:05:18 UTC-05:00","no","photos/photo_262@08-04-2025_13-05-18.jpg","1","0","Психогомеопатия: Алхимия души.","838761889644c21cc279bf7f0a23de39a7b5ad4a8f3e7f81eef6feb99b1a435a","BRYONIA Мистерия внутренней правды. Это любопытный препарат. Он дает укрепление внутреннего ядра, весомости, структуры. Дает чувство уверенности и силы. Я его использую на средних этапах терапии. ОСНОВА: Бриония, вьющееся ядовитое растение семейства тыквенных. Ее корень защищается, вызывая сухость и воспаления. В гомеопатии этот препарат укрепляет ваш ""личны","remedy_card","book_02","yes","yes","high","full_card","Bryonia","bryonia","message417","","Telegram Desktop/ChatExport_2026-09-04/messages.html","#message417"
"message418","default","08.04.2025 22:05:43 UTC-05:00","no","","0","0","Психогомеопатия: Алхимия души.","f9d503ef0736d60adfb9e68f453225a4ff206c2887e72aad14ec102188901f87","СИЛА НИЗКИХ ПОТЕНЦИЙ В последнее время мне нравится эффект работы с препаратами сверхнизкой потенции (5-7). Они подходят для новых клиентов, которые больше в теле и пока не готовы идти в психические истории. А так же подходят для старых клиентов, когда мы касаемся новой глубокой стрессовой темы, которая пока сложна для исследования. На удивление, в таких слу","theory_method","book_01","yes","yes","medium","none","","","","","Telegram Desktop/ChatExport_2026-09-04/messages.html","#message418"
"message-164","service","","no","","0","0","Психогомеопатия: Алхимия души.","e3b0c44298fc1c149afbf4c8996fb92427ae41e4649b934ca495991b7852b855","","service_history","service","no","no","high","none","","","","","Telegram Desktop/ChatExport_2026-09-04/messages.html","#message-164"
"message419","default","10.04.2025 18:30:56 UTC-05:00","no","photos/photo_263@10-04-2025_18-30-56.jpg","1","0","Психогомеопатия: Алхимия души.","beffd2954fc050dd8fa6d18f0e2f8431b5e4a0bc0170ce23bd0276a2b35f7cae","ARGENTUM NITRICUM (Нитрат серебра). Это ценный препарат, который мы применяем на средних стадиях терапии. Он актуален, когда у вас уже есть определенная уверенность в себе, но вы теряетесь перед лицом особых, ответственных событий. Препарат позволяет сохранить уверенность и самообладание в самых сложных ситуациях. 1. ОБОСНОВАНИЕ. 1) нитрат серебра — соединен","remedy_card","book_02","yes","yes","high","full_card","Argentum Nitricum","argentum-nitricum","message419","","Telegram Desktop/ChatExport_2026-09-04/messages.html","#message419"
"message420","default","10.04.2025 19:01:45 UTC-05:00","no","photos/photo_264@10-04-2025_19-01-45.jpg","1","0","Психогомеопатия: Алхимия души.","c5b4c331c083478a409bf9de782d002aebc89e7db7f7c7c84e4f975a588395c8","Argentum Nitricum — Пульс Мгновения Когда в груди дрожит тревога, И ум — как ветер в пустоте, Когда душа бежит от Бога, И страх как молния в мечте. Когда желанье обгоняет Все рубежи внутри себя И время тает, ускользая, Не оставляя якоря... Argentum — жар твоих стремлений, Вулкан, готовый всё снести. Он мир несёт и просветленье: Внутри свой ритм и цель найти.","remedy_mention","out_of_scope","no","no","low","mention_only","Argentum Nitricum","argentum-nitricum","","","Telegram Desktop/ChatExport_2026-09-04/messages.html","#message420"
"message422","default","10.04.2025 19:23:51 UTC-05:00","no","","0","0","Психогомеопатия: Алхимия души.","1870ce3592e5344d1467c8abbc16624b04972f6085f624f0bf4014a53b3ae74c","Ритуал, передающий суть Argentum Nitricum — исцеление от тревоги, поиск ясности, соединение с центром: РИТУАЛ «Пульс Мгновения» Посвящение свету ясности внутри хаоса Когда проводить: Когда тревога сковывает дыхание. Когда мысли бегут быстрее жизни. Когда ты теряешь ощущение цели, центра, присутствия. Когда мир кажется слишком быстрым, а ты — хрупким в нём. 1","deep_alchemical","book_04","yes","yes","medium","mention_only","Argentum Nitricum","argentum-nitricum","","","Telegram Desktop/ChatExport_2026-09-04/messages.html","#message422"
"message-165","service","","no","","0","0","Психогомеопатия: Алхимия души.","e3b0c44298fc1c149afbf4c8996fb92427ae41e4649b934ca495991b7852b855","","service_history","service","no","no","high","none","","","","","Telegram Desktop/ChatExport_2026-09-04/messages.html","#message-165"
"message423","default","11.04.2025 13:10:00 UTC-05:00","no","","0","0","Психогомеопатия: Алхимия души.","bc7623b520f6a386f4e7ac910f703a9edbe9b8c290daa7b95e8b789af5a09f2d","Получается, препарат в гомеопатии - это в первую очередь катализатор, запускающий внутренние трансформации. Задача при приеме препаратов - настроиться на ту волну, идею, архетип, которую транслируют эти препараты. Сместить свое сознание из одной модели мира в другую. Разрешить себе начать проявляться в другом сценарии (полном силы, любви). Энергия препарата ","subpersonality","book_03","yes","yes","medium","none","","","","","Telegram Desktop/ChatExport_2026-09-04/messages.html","#message423"
"message424","default","11.04.2025 21:33:46 UTC-05:00","no","","0","0","Психогомеопатия: Алхимия души.","ac67276538a949044d7f70a0e2facea2d3e6f0638faf6ee1860efc908d0ae093","Честно говоря, сегодня у меня уже немного другой взгляд на гомеопатию. Если ранее я рассматривал препараты как панацею, т.е. как комплект ценных качеств/ красок, усиливающих вас. (С этой точки зрения, чем больше препаратов, тем сильнее воздействие). То сейчас мне становится ближе Трансформационный подход в гомеопатии. Этот подход в работе больше похож на Пут","subpersonality","book_03","yes","yes","medium","none","","","","","Telegram Desktop/ChatExport_2026-09-04/messages.html","#message424"
"message-166","service","","no","","0","0","Психогомеопатия: Алхимия души.","e3b0c44298fc1c149afbf4c8996fb92427ae41e4649b934ca495991b7852b855","","service_history","service","no","no","high","none","","","","","Telegram Desktop/ChatExport_2026-09-04/messages.html","#message-166"
"message425","default","12.04.2025 17:43:15 UTC-05:00","no","photos/photo_265@12-04-2025_17-43-15.jpg","1","0","Психогомеопатия: Алхимия души.","aa3e954311647d5335d82a40657105aa7c1fc83138bd8e8e765ffc6591a3a951","RUTA GRAVEOLENS (Рута душистая) Интересный препарат, который улучшает отношения с деньгами и клиентами. Он возвращает жизнь в напряженные связи. Он актуален в ситуациях, когда вы чувствуете, что тяжело работаете, а вас не ценят, и дистанцируетесь. Препарат снимает усталость, закостенелость, добавляет легкости, увлеченности, азарта к людям и миру. ОБОСНОВАНИЕ","remedy_card","book_02","yes","yes","high","full_card","Ruta Graveolens","ruta-graveolens","message425","","Telegram Desktop/ChatExport_2026-09-04/messages.html","#message425"
"message426","default","12.04.2025 18:17:31 UTC-05:00","no","photos/photo_266@12-04-2025_18-17-31.jpg","1","0","Психогомеопатия: Алхимия души.","bebd567ed8dddba6f7d77a3f2febc6cffddfd79102ae098d72558ea98176b5e8","Ruta — Дыхание Силы Когда ты держишь небо в жилах, И каждый шаг — как груз веков, Где мир висит на силе тихой, А ты лишь терпишь все - без слов. Когда весь мир в твоих ладонях, И нету права на покой, Но тело шепчет: ""Хватит боли: Ты не обязан быть стеной"". Тогда приходит Ruta мягко, И шепчет: ""Можно отпускать."" Ты понимаешь: ты не пленник, Ты можешь просто о","other","out_of_scope","no","no","low","none","","","","","Telegram Desktop/ChatExport_2026-09-04/messages.html","#message426"
"message427","default","12.04.2025 21:33:53 UTC-05:00","no","photos/photo_267@12-04-2025_21-33-53.jpg","1","0","Психогомеопатия: Алхимия души.","2d7c23bc51c4c4a0d57b4232b2e2145149953b145883854ced5cc1d94dc352de","ГОМЕОПАТИЯ - ЭТО АЛХИМИЧЕСКИЙ РИТУАЛ ТРАНСФОРМАЦИИ. 1. Прием препарата — это ритуал перехода. Любой приём — будь то лекарство, пища, даже кальян — есть акт перехода из одного состояния в другое. Это ритуал изменения: из боли — в радость, из голода — в насыщение, из страха — в опору и т.д. 2. Каждый ритуал отражает свою модель трансформации. Алхимия - изменен","deep_alchemical","book_04","yes","yes","medium","mention_only","Aurum metallicum","aurum-metallicum","","","Telegram Desktop/ChatExport_2026-09-04/messages.html","#message427"
"message-167","service","","no","","0","0","Психогомеопатия: Алхимия души.","e3b0c44298fc1c149afbf4c8996fb92427ae41e4649b934ca495991b7852b855","","service_history","service","no","no","high","none","","","","","Telegram Desktop/ChatExport_2026-09-04/messages.html","#message-167"
"message428","default","13.04.2025 09:26:29 UTC-05:00","no","photos/photo_268@13-04-2025_09-26-29.jpg","1","0","Психогомеопатия: Алхимия души.","964ba42461d7ddf5ba667a1a36af7323761f5cb03ff227dedefc431dcf1d794e","Алхимия Осириса и Гомеопатия как Путь Возвращения Алхимический принцип четырёх этапов трансформации лежит в основе множества храмовых и мистериальных традиций. Гомеопатия, повторяет те же этапы, что и путь Осириса в египетской мистерии. Если брать Египетскую Модель Трансформации: 1. Осирис был повержен Сетом (силами хаоса, Нигредо) 2. Был отыскан по эталонны","deep_alchemical","book_04","yes","yes","medium","none","","","","","Telegram Desktop/ChatExport_2026-09-04/messages.html","#message428"
"message429","default","13.04.2025 16:29:13 UTC-05:00","no","photos/photo_269@13-04-2025_16-29-13.jpg","1","0","Психогомеопатия: Алхимия души.","5d2c975d2f8c116551886c7bfdd0d9b2fc6715f8c2e555e607614e4a7d203beb","CARSINOSINUM Особый препарат. Он возврашает жизнь. Начинают рассасываться спайки, блоки, ступоры. Это один из самых глубоких препапаратов, позволяющий высвободить внутреннее напряжение, подавленность и стыд, желание быть хорошим для других. ОБОСНОВАНИЕ. Препарат изготавливается из очищенной злокачественной опухоли. Опухоль - клетка, утратившая контакт с орга","remedy_card","book_02","yes","yes","high","full_card","Carcinosinum","carcinosinum","message429","","Telegram Desktop/ChatExport_2026-09-04/messages.html","#message429"
"message430","default","13.04.2025 16:57:35 UTC-05:00","no","photos/photo_270@13-04-2025_16-57-35.jpg","1","0","Психогомеопатия: Алхимия души.","f81f0ca482c406e775f9d20693d82207af75a86a444262ea9c7645f5e29b43b4","CARSINOSINUM — Танец без маски . Ты жил, как будто по заданью, Как будто в жизни — строгий суд. Скрывал и боль и ожиданья, Шёл, где не радость, не уют. Ты был послушным, мягким, точным, Ты жил по правилам без слов. Но сердце сдалось слишком прочно В кольцо из долга и оков. Ты знал, как надо быть примером, Ты гнал в себе каприз и боль. Но под фасадом - слишко","remedy_card_support","book_02","yes","yes","high","supporting_post","Carcinosinum","carcinosinum","message429","","Telegram Desktop/ChatExport_2026-09-04/messages.html","#message430"
"message431","default","13.04.2025 17:02:14 UTC-05:00","no","photos/photo_271@13-04-2025_17-02-14.jpg","1","0","Психогомеопатия: Алхимия души.","3346dd0662d75111309e6c8a302cd869a46077e085659105ababc8845664547a","РИТУАЛ ""СБРОСИТЬ МАСКУ. ВОЗВРАТИТЬ СЕБЯ"" (для CARSINOSIN) Цель: мягко освободиться от образа «идеального», отпустить внутренний контроль и снова почувствовать, кто ты есть на самом деле — без масок и напряжения. 1. Подготовка пространства Найди тихое место. Зажги свечу. Поставь перед собой зеркало. Рядом положи маску (можно нарисовать её на бумаге или исполь","other","out_of_scope","no","no","low","none","","","","","Telegram Desktop/ChatExport_2026-09-04/messages.html","#message431"
"message432","default","13.04.2025 17:24:07 UTC-05:00","no","","0","0","Психогомеопатия: Алхимия души.","6c4f6c4e8fe4614917f0f63bb7756400dfa9f03a1e85346f92aa513b9fdc439e","Как работает Carsinosin? 1. Первая фаза: Сначала он активизирует внутренние напряжения, стыд, смущение. Это любопытно. Сначала он может выступать катализатором, находить и усиливать спящие внутренние напряжения. 2. На второй фазе: к тем темам, где раньше был стыд, смущение, возникает ровное, спокойное отношение. Человек обретает обратно свой ресурс. Использо","theory_method","book_01","yes","yes","medium","none","","","","","Telegram Desktop/ChatExport_2026-09-04/messages.html","#message432"
"message433","default","13.04.2025 21:25:55 UTC-05:00","no","photos/photo_272@13-04-2025_21-25-55.jpg","1","0","Психогомеопатия: Алхимия души.","3585566edf04fec6c34b1078fa82a099e1d12586d9598359925ce1c7ba877983","3-Й УРОВЕНЬ ГОМЕОПАТИИ. Мандалы-Звезды. Пример работы с тревожностью . В последнее время ко мне обратились сразу несколько человек с запросом на работу с тревожностью . Это сложная, но важная тема, которую можно рассмотреть через разные уровни гомеопатии. Вариант 1: Ситуативная тревожность Проявляется в конкретных ситуациях — перед начальником, клиентом, про","deep_alchemical","book_04","yes","yes","medium","none","","","","","Telegram Desktop/ChatExport_2026-09-04/messages.html","#message433"
"message-168","service","","no","","0","0","Психогомеопатия: Алхимия души.","e3b0c44298fc1c149afbf4c8996fb92427ae41e4649b934ca495991b7852b855","","service_history","service","no","no","high","none","","","","","Telegram Desktop/ChatExport_2026-09-04/messages.html","#message-168"
"message434","default","14.04.2025 23:09:55 UTC-05:00","no","","0","0","Психогомеопатия: Алхимия души.","7eb2782e804db6b1b4ab085c568847cb69674eb5807703e6588ca71c246bed69","Интересно, на 3м уровне пришлось поменять подход к работе. - На 1м уровне мы подкачиваем человека - На 2м уровне мы подкачиваем части души (субличности) - На 3м уровне оказывается, эффективно подкачивать не человека, а ментальные конструкции. Препараты на 3м уровне мы берем мощные. Качать самого человека и субличности это может быть очень мощно. Но вполне мо","subpersonality","book_03","yes","yes","medium","none","","","","","Telegram Desktop/ChatExport_2026-09-04/messages.html","#message434"
"message-169","service","","no","","0","0","Психогомеопатия: Алхимия души.","e3b0c44298fc1c149afbf4c8996fb92427ae41e4649b934ca495991b7852b855","","service_history","service","no","no","high","none","","","","","Telegram Desktop/ChatExport_2026-09-04/messages.html","#message-169"
"message435","default","16.04.2025 09:04:11 UTC-05:00","no","","0","0","Психогомеопатия: Алхимия души.","340e43909db941f511c12d01ac95f925a53cfc3449351fdc465420ebe74308f9","Новый апгрейд: На 3м уровне сейчас мы не просто выделяем сферы жизни для коррекции (мир, отношения, опора, реализация), но начинаем более прицельно выделять конкретные программы -установки в этих сферах — например: «Я не заслуживаю любви» «Я всегда один» «Мне нельзя проявляться» и т.п. Такая настройка дает возможность провести более точную и быструю коррекци","subpersonality","book_03","yes","yes","medium","none","","","","","Telegram Desktop/ChatExport_2026-09-04/messages.html","#message435"
"message436","default","16.04.2025 10:58:04 UTC-05:00","no","","0","0","Психогомеопатия: Алхимия души.","0d4e257ff3a79571de150f18f156660c5f00b4b29c499cd0f30b7841098eebac","Для работы на 3м уровне я использую препараты с потенциями 1к, 10к. Даже препараты с потенцией 200 не так хорошо работают. Это очень мощные препараты для тела, а вот для ментальных конструкций, как оказалось, они работают хорошо. - Зачем работать на 3м уровне? - Это актуально, когда причина проблемы лежит на уровне глубинных ментальных установок. Например, -","theory_method","book_01","yes","yes","medium","none","","","","","Telegram Desktop/ChatExport_2026-09-04/messages.html","#message436"
"message438","default","16.04.2025 13:41:35 UTC-05:00","no","photos/photo_273@16-04-2025_13-41-35.jpg","1","0","Психогомеопатия: Алхимия души.","34660025ef1daf2e4ed429153ede998c4b5d3b6923e7cbedb4031b99448d56f9","ФУНДАМЕНТ ПСИХОТЕРАПИИ. ОПД-2. Опять вернусь к этой теме. Опишу ключевые оси-критерии, по которому психотерапевты определяют уровень гармонии личности (отсутствие перегибов). Вы можете сами оценить себя, по 10 баллам: #1. БЛИЗОСТЬ-ДИСТАНЦИЯ: - зависимость (от других/ контакта), - независимость (избегание близости). #2. ЗАБОТА-АВТОНОМНОСТЬ - потребность в пом","theory_method","book_01","yes","yes","medium","none","","","","","Telegram Desktop/ChatExport_2026-09-04/messages.html","#message438"
"message439","default","16.04.2025 17:05:49 UTC-05:00","no","photos/photo_274@16-04-2025_17-05-49.jpg","1","0","Психогомеопатия: Алхимия души.","552f7605d77ab6d2ffbd07de77e3e25c85cfe7dac1feef718c404e9e717943ac","КЕЙС. Пример работы. Гомеопатия работает довольно быстро. За 2 сессии удается выйти из сложных состояний, когда есть чувство, что мир подавляет, раздражает, ничего не хочется делать, полная аппатия. Состояние стабилизируется. Возникает чувство спокойности, уверенности. Возвращается жизнь! 😊 __ Как работали: - на первой сессии сначала препаратами сверх-низко","theory_method","book_01","yes","yes","medium","mention_only","Aconitum","aconitum","","","Telegram Desktop/ChatExport_2026-09-04/messages.html","#message439"
"message-170","service","","no","","0","0","Психогомеопатия: Алхимия души.","e3b0c44298fc1c149afbf4c8996fb92427ae41e4649b934ca495991b7852b855","","service_history","service","no","no","high","none","","","","","Telegram Desktop/ChatExport_2026-09-04/messages.html","#message-170"
"message441","default","17.04.2025 12:14:56 UTC-05:00","no","photos/photo_275@17-04-2025_12-14-56.jpg","1","0","Психогомеопатия: Алхимия души.","8f618a6433b7e102318d83861cd5264c6ce6a9399ee3db1401dc8d1bb72d6728","РАБОТА СО СТЫДОМ. Сейчас я начинаю работать с более глубокими темами. Например, работа с ранним чувством стыда. При ранней травме человек в стрессе замирает, диссоциируется от мира, у него исчезает чувство опоры на себя и вообще адекватная связь с миром. Конечно, в случае глубоких травм мы работаем с препаратами потенциях 1000. Но здесь интересно, как разные","theory_method","book_01","yes","yes","medium","mention_only","Opium; Staphysagria; Hydrogenium","opium; staphysagria; hydrogenium; staphysagria; hydrogenium","","","Telegram Desktop/ChatExport_2026-09-04/messages.html","#message441"
"message442","default","17.04.2025 20:31:38 UTC-05:00","no","photos/photo_276@17-04-2025_20-31-38.jpg","1","0","Психогомеопатия: Алхимия души.","3a989bf9ce032764e53a4f5548c1df057de8c0abbf74e8a7947b2a59bebd06a7","РАБОТА С РАННИМИ ЧАСТЯМИ ДУШИ. У меня новость: в моем арсенале появились редкие препараты, которые позволяют работать с травмами рождения и до рождения. Я проверил как работают эти препараты. Расскажу вам наблюдения: 1. Placentum (плацента) Дает состояние, будто ты часть большого океана, и мир заботливо тебя несёт. Уходят тревоги, появляется доверие. Отлично","subpersonality","book_03","yes","yes","medium","mention_only","Lac Humanum; Hydrogenium; Saccharum Officinale","lac-humanum; hydrogenium; saccharum-officinale; hydrogenium; saccharum-officinale","","","Telegram Desktop/ChatExport_2026-09-04/messages.html","#message442"
"message443","default","17.04.2025 21:52:14 UTC-05:00","no","photos/photo_277@17-04-2025_21-52-14.jpg","1","0","Психогомеопатия: Алхимия души.","cc06132d0ba009b0ec2717f8410d0e552bdd9f9165d4fe1be081860df26991f8","РАБОТА С ПРОШЛЫМИ ВОПЛОЩЕНИЯМИ через гомеопатию. Когда я понял, что в гомеопатии можно работать с частями души до рождения, у меня сразу возник вопрос, а можно ли работать со своими прошлыми воплощениями? По идее там тоже могут быть свое дефициты! Травмы рождения и т.п. Решил разобраться! И эффект меня поразил. Как оказалось: 1. Во-первых, воздействовать мож","subpersonality","book_03","yes","yes","medium","none","","","","","Telegram Desktop/ChatExport_2026-09-04/messages.html","#message443"
"message-171","service","","no","","0","0","Психогомеопатия: Алхимия души.","e3b0c44298fc1c149afbf4c8996fb92427ae41e4649b934ca495991b7852b855","","service_history","service","no","no","high","none","","","","","Telegram Desktop/ChatExport_2026-09-04/messages.html","#message-171"
"message445","default","18.04.2025 14:36:23 UTC-05:00","no","photos/photo_278@18-04-2025_14-36-23.jpg","1","0","Психогомеопатия: Алхимия души.","cd2aa70c3be1fe68c4b0d2f9752cd3fda877f288b684271a72d3f1b5a3c9e8c6","ТЕРАПИЯ ДУХА. Недавно я начал использовать новый препарат — Hydrogene. Hydrogene способен проникнуть туда, куда не доходят другие препараты — в тончайшие слои травм Духа, запечатанных до рождения, в высоких слоях сознания. Высокие потенции (1K+) выдают один мощный заряд, как из пушки, а потом наступает пауза на пару дней. Возможно, организм перестраивается. ","theory_method","book_01","yes","yes","medium","none","","","","","Telegram Desktop/ChatExport_2026-09-04/messages.html","#message445"
"message446","default","18.04.2025 18:31:58 UTC-05:00","no","photos/photo_279@18-04-2025_18-31-58.jpg","1","0","Психогомеопатия: Алхимия души.","2eab495bbccab41a4a8b9350294b7cf40a1377d9fe2472b7fdd75fd77dc5bae6","КОД БОЛЕЗНИ Работая на более высоких уровнях гомеопатии приходится учиться подбирать ""код болезни"", как пароль от сейфа. Это непростая задача. Здесь уже не подойдет ""набор отмычек""- препаратов, как мы работали на базовом уровне. Источник сложного заболевания обычно находится сразу на группе тонких тел. И нам приходится исследовать разные тонкие тела и подбир","theory_method","book_01","yes","yes","medium","none","","","","","Telegram Desktop/ChatExport_2026-09-04/messages.html","#message446"
"message447","default","18.04.2025 20:29:58 UTC-05:00","no","","0","0","Психогомеопатия: Алхимия души.","aff387186a5ec79dcec783625866b4d3eb711d616d0be884f975dd7c829eed50","https://youtu.be/I5fANb5ETMk?si=FOTFOTvH-V8ab5ER","other","out_of_scope","no","no","low","none","","","","","Telegram Desktop/ChatExport_2026-09-04/messages.html","#message447"
"message-172","service","","no","","0","0","Психогомеопатия: Алхимия души.","e3b0c44298fc1c149afbf4c8996fb92427ae41e4649b934ca495991b7852b855","","service_history","service","no","no","high","none","","","","","Telegram Desktop/ChatExport_2026-09-04/messages.html","#message-172"
"message448","default","19.04.2025 08:43:52 UTC-05:00","no","photos/photo_280@19-04-2025_08-43-52.jpg","1","0","Психогомеопатия: Алхимия души.","e17647b0158a435df6ed2ad899fbc5eaf2d2a671b2aeb1bd2bc0e008dc142e52","CAUSTICUM Еще один глубокий препарат, который возвращает чувство правды и достоинства, даже если вас не ценят и кажется, что весь мир против вас. Препарат помогает выстоять в агрессивной среде и укрепить Силу Духа, Силу Личности. ОСНОВА. Гашенная известь, соединенная с серной кислотой. Это едкое прожигаюшее вещество. В гомеопатии помогает выстоять против едк","remedy_card","book_02","yes","yes","high","full_card","Causticum","causticum","message448","","Telegram Desktop/ChatExport_2026-09-04/messages.html","#message448"
"message449","default","19.04.2025 22:15:21 UTC-05:00","no","photos/photo_281@19-04-2025_22-15-21.jpg","1","0","Психогомеопатия: Алхимия души.","f9c31cb7c9f03e2f16e1e493c72ba8b57770367e133b5f2e04dd355a066a9f22","NATRUM SULFURICUM (Сульфат натрия, глауберова соль). Сильный препарат, который собирает человека. Он восстанавливает внутреннюю ось, структуру, ясность, четкость. Он ставит человека на ноги. Возвращает веру в себя и силу жить. ОСНОВА Сульфат натрия, легкое слабительное, которое применяется для выведения из организма ядов, шлаков, восстановления водно-солевог","remedy_card","book_02","yes","yes","high","full_card","Natrum Sulfuricum","natrum-sulfuricum","message449","","Telegram Desktop/ChatExport_2026-09-04/messages.html","#message449"
"message-173","service","","no","","0","0","Психогомеопатия: Алхимия души.","e3b0c44298fc1c149afbf4c8996fb92427ae41e4649b934ca495991b7852b855","","service_history","service","no","no","high","none","","","","","Telegram Desktop/ChatExport_2026-09-04/messages.html","#message-173"
"message450","default","20.04.2025 09:47:39 UTC-05:00","no","photos/photo_282@20-04-2025_09-47-39.jpg","1","0","Психогомеопатия: Алхимия души.","1f4123afd261ee338389c91cf5ad716e455c09d165a45128ba2c7dbc0f23b368","ALUMINA (Оксид алюминия) Это особый препарат. Он возвращает человеку Мир. Выводит из тумана хаоса, стрессов и отчуждений. Развеивает мрак непонимания, кто я и зачем. Дает ясность и открытость к миру. Он прямо выводит человека из дальних уголков пещеры внутреннего мира, возвращает возможность взаимодействия с другими. ОСНОВА Оскид алюминия - белое тугоплавкое","remedy_card","book_02","yes","yes","high","full_card","Alumina","alumina","message450","","Telegram Desktop/ChatExport_2026-09-04/messages.html","#message450"
"message-174","service","","no","","0","0","Психогомеопатия: Алхимия души.","e3b0c44298fc1c149afbf4c8996fb92427ae41e4649b934ca495991b7852b855","","service_history","service","no","no","high","none","","","","","Telegram Desktop/ChatExport_2026-09-04/messages.html","#message-174"
"message451","default","21.04.2025 11:00:15 UTC-05:00","no","photos/photo_283@21-04-2025_11-00-15.jpg","1","0","Психогомеопатия: Алхимия души.","600fdc7f357ec632777b27c19147c6ad81c2ac4f35f92a5d008748a89aad33fa","ДУХОВНАЯ ГОМЕОПАТИЯ. В последнее время, для сложных кейсов, я проверяю, на каком уровне находится источник проблемы: - тело, - душа, - дух, - прошлые жизни, - Род, - Бог. Сложно работать, если источник проблемы находится на уровне Духа (базовые установки о себе). В таких случаях мы проводим коррекцию препаратами мощных потенций, 1к и 10к. Но этого может быть","theory_method","book_01","yes","yes","medium","none","","","","","Telegram Desktop/ChatExport_2026-09-04/messages.html","#message451"
"message452","default","21.04.2025 16:19:15 UTC-05:00","no","photos/photo_284@21-04-2025_16-19-15.jpg","1","0","Психогомеопатия: Алхимия души.","2a8e37c01ff276a8963cf19054fac87c1622017c036d94f56a09341519e29347","THUJA (Туя западная). Это препарат, который возвращает смелость быть собой. Он дает силы выйти из лабиринтов стыда и страданий, и прямо встретить то, что важно. Thuja очень мягко и бережно проникает в самую суть души, где ты настоящий, в самую боль. Дает присутствие, мягкий контакт и ты наконец начинаешь чувствовать: Моя маска успеха - это не совсем я. Я ест","remedy_card","book_02","yes","yes","high","full_card","Thuja","thuja","message452","","Telegram Desktop/ChatExport_2026-09-04/messages.html","#message452"
"message453","default","21.04.2025 18:30:43 UTC-05:00","no","photos/photo_273@16-04-2025_13-41-35.jpg; photos/photo_273@16-04-2025_13-41-35_thumb (1).jpg","2","0","Психогомеопатия: Алхимия души.","0f1d867614a9b730174b76e5076b332c76431791ee00358b6995fd569ae6109f","КАРТА СТЫДА. Стыд довольно глубокая тема, затрагивающая разные сферы жизни. И требующая разных подходов коррекции. Мы можем сделать Карту Стыда, проверив в каких кластерах есть основные напряжения для прицельной работы. В рамках КАРТЫ СТЫДА Мы будем исследовать следующие параметры: 1. Стыд рождения (экзистенциальный) 2. Стыд близости и контакта 3. Стыд хотет","deep_alchemical","book_04","yes","yes","medium","none","","","","","Telegram Desktop/ChatExport_2026-09-04/messages.html","#message453"
"message454","default","21.04.2025 22:31:57 UTC-05:00","no","","0","0","Психогомеопатия: Алхимия души.","e030f7a59e86f8d49ed83ba48256bba072cd070d415185290c80ecc6d99538ec","ФОРМАТ СЕССИЙ __ С мая будет 2 формата на выбор: Формат А. 2 сессии в месяц, + 4 недели сопровождения / -30%/ 1 уровень, базовая : 50€ / сессия. 1 уровень + кристаллы: 70€ 2 уровень, психогомеопатия с кристаллами и мандалами поддержки субличности: 100€ Формат Б. 1 сессия в месяц + 4 недели сопровождения: - 1 уровень, базовый: 70€ - 1 уровень+ кристаллы: 100€","deep_alchemical","book_04","yes","yes","medium","none","","","","","Telegram Desktop/ChatExport_2026-09-04/messages.html","#message454"
"message-175","service","","no","","0","0","Психогомеопатия: Алхимия души.","e3b0c44298fc1c149afbf4c8996fb92427ae41e4649b934ca495991b7852b855","","service_history","service","no","no","high","none","","","","","Telegram Desktop/ChatExport_2026-09-04/messages.html","#message-175"
"message455","default","22.04.2025 19:08:38 UTC-05:00","no","photos/photo_286@22-04-2025_19-08-38.jpg","1","0","Психогомеопатия: Алхимия души.","8d852ecd719dfad06f3bb797f8c388b90ab1d2988f8cc3d21c7f01e8e62acb3a","КЕЙС. ОТ ЖЕРТВЫ К ЖЕНСТВЕННОСТИ. Ко мне обратилась клиент с запросом на деньги и отношения. Сессия 1. - Выяснилось, что внутреннего ресурса недостаточно на эти цели. - Я назначил препараты на выход из состояния жертвы, укрепления внутренней опоры и достоинства. Сессия 2. - Через 2 недели клиента не узнать. Вместо чувства потерянности, жесткости и бессилия ко","theory_method","book_01","yes","yes","medium","none","","","","","Telegram Desktop/ChatExport_2026-09-04/messages.html","#message455"
"message-176","service","","no","","0","0","Психогомеопатия: Алхимия души.","e3b0c44298fc1c149afbf4c8996fb92427ae41e4649b934ca495991b7852b855","","service_history","service","no","no","high","none","","","","","Telegram Desktop/ChatExport_2026-09-04/messages.html","#message-176"
"message456","default","23.04.2025 09:03:52 UTC-05:00","no","photos/photo_287@23-04-2025_09-03-52.jpg","1","0","Психогомеопатия: Алхимия души.","996da970fde91a4ac82137dbb5265d0c548509347fe79cda12ca1ea67bf764c8","MEZEREUM (Вольчье лыко, кустарник). Препарат обожженного сердца. Ты когда-нибудь чувствовал, что под кожей — крик? Что боль так глубока, что её даже стыдно показывать? Mezereum помогает при застывшей, непрожитой боли, особенно после отвержения, унижения и насилия. Он выводит из шока, обиды и изоляции. Помогает ощутить свою силу и достоинство. ОСНОВА Ядовитый","remedy_card","book_02","yes","yes","high","full_card","Mezereum","mezereum","message456","","Telegram Desktop/ChatExport_2026-09-04/messages.html","#message456"
"message457","default","23.04.2025 22:14:19 UTC-05:00","no","photos/photo_288@23-04-2025_22-14-19.jpg","1","0","Психогомеопатия: Алхимия души.","01e196a577074a7c482eb8a056fd34dfa20849d575de973268c2232cdcd215a5","Настоящему льву не нужна прическа. Можно себе делать образы, стили, прически - а можно попробовать взрастить внутреннего льва. __ Пробуждение зверя - это про психотерапию и гомеопатию. Если мягко. А если жестко - про стрессы, про войну.","theory_method","book_01","yes","yes","medium","none","","","","","Telegram Desktop/ChatExport_2026-09-04/messages.html","#message457"
"message-177","service","","no","","0","0","Психогомеопатия: Алхимия души.","e3b0c44298fc1c149afbf4c8996fb92427ae41e4649b934ca495991b7852b855","","service_history","service","no","no","high","none","","","","","Telegram Desktop/ChatExport_2026-09-04/messages.html","#message-177"
"message458","default","24.04.2025 21:18:09 UTC-05:00","no","photos/photo_289@24-04-2025_21-18-09.jpg","1","0","Психогомеопатия: Алхимия души.","b5ea20a6751e3c7c68589b0f63b3efa66bb62646b9fa1529c86291554c3129bf","ПСИХОГОМЕОПАТИЯ И ПСИХОТЕРАПИЯ Как мы комбинируем оба метода в работе. Личность человека - как дерево. Для роста дерева нужны ресурсы (земля-опора, вода, солнце). Психотерапевт и гомеопат - это садовники психики. Они, лечат больные ветви, напитывают ресурсами систему. Гомеопатия: - предоставляют психике человека архетипические ресурсы, модели поведения. Осно","subpersonality","book_03","yes","yes","medium","none","","","","","Telegram Desktop/ChatExport_2026-09-04/messages.html","#message458"
"message459","default","24.04.2025 23:21:39 UTC-05:00","no","","0","0","Психогомеопатия: Алхимия души.","48edd2ae888914baa4620d069f7c2e2e392d2740356f09384d6be9d3f76e0857","Небольшое исследование, как работают препараты разной потенции в психогомеопатии. Возьмем, например, тему ""СТЫД"". Я провел ряд замеров, чтобы выделить корреляции. Получилась следующая модель: 1. УРОВЕНЬ ТРАВМЫ /отщепленные части души - субличности/ - Уровень симптомов тела - Фигуры: субличность - Макс эффективны: 7, 9 (сверх-низкая потенция) - Так же эффекти","deep_alchemical","book_04","yes","yes","medium","none","","","","","Telegram Desktop/ChatExport_2026-09-04/messages.html","#message459"
"message-178","service","","no","","0","0","Психогомеопатия: Алхимия души.","e3b0c44298fc1c149afbf4c8996fb92427ae41e4649b934ca495991b7852b855","","service_history","service","no","no","high","none","","","","","Telegram Desktop/ChatExport_2026-09-04/messages.html","#message-178"
"message460","default","25.04.2025 08:22:34 UTC-05:00","no","","0","0","Психогомеопатия: Алхимия души.","2c4de7d650a189f0916a7c97dd21dbd5ee0c3d4cad7ab7400326f70b94266186","Заметил, что модель в предыдущем посте напоминает уровни работы в психотерапии и коучинге: 3 УРОВНЯ РАБОТЫ: #1. Работа с травмой (психотерапия). #2. Работа с проблемой (консультирование). #3. Работа с целью (коучинг). Решил проверить, препаратами какого уровня эффективнее всего работать с целями, желаниями. Оказалось, цели цепляют препараты d30, но наиболее ","theory_method","book_01","yes","yes","medium","none","","","","","Telegram Desktop/ChatExport_2026-09-04/messages.html","#message460"
"message461","default","25.04.2025 09:39:03 UTC-05:00","no","photos/photo_290@25-04-2025_09-39-03.jpg","1","0","Психогомеопатия: Алхимия души.","7363d5c2b28659b2437d396504f2f22e58452a45d9de8a9e2a8ee32dbecd5add","ПСИХОГОМЕОПАТИЯ и КОУЧИНГ (Модель Роберта Дилтса). Как оказалось, эти подходы хорошо сочетаются друг с другом. Проведя серию замеров, я обнаружил корреляцию между уровнем проблемы по Дилтсу и эффективной потенцией гомеопатических препаратов. Это позволило создать модель: МОДЕЛЬ ДИЛТСА В ПСИХОГОМЕОПАТИИ. #1. Окружение. Сюда отнесится симптомы, обстоятельства,","theory_method","book_01","yes","yes","medium","none","","","","","Telegram Desktop/ChatExport_2026-09-04/messages.html","#message461"
"message462","default","25.04.2025 11:58:38 UTC-05:00","no","photos/photo_291@25-04-2025_11-58-38.jpg","1","0","Психогомеопатия: Алхимия души.","ad50660f1b2d4af71f2231813b0e8800c7a743fb8bcb975cd271b52d9d89c778","ГОМЕОПАТИЯ 3 УРОВЕНЬ - ФОРМАТ ЦИФЕРБЛАТ. Мультиуровневая работа с глубокими ситуациями. Недавно начал новый формат работы. Он создан для коррекции сложных запросов, где одного фркуса приложения недостаточно. ОСОБЕННОСТЬ: - интенсивность: постановка препаратов не раз в неделю, а каждый день, - многогранность: за неделю мы прорабатываем 6-7 граней ситуации - м","theory_method","book_01","yes","yes","medium","none","","","","","Telegram Desktop/ChatExport_2026-09-04/messages.html","#message462"
"message-179","service","","no","","0","0","Психогомеопатия: Алхимия души.","e3b0c44298fc1c149afbf4c8996fb92427ae41e4649b934ca495991b7852b855","","service_history","service","no","no","high","none","","","","","Telegram Desktop/ChatExport_2026-09-04/messages.html","#message-179"
"message463","default","26.04.2025 09:37:23 UTC-05:00","no","","0","0","Психогомеопатия: Алхимия души.","bed3067a5fc0523526758b5a6b0ce13532cc1f5144444fbd9f5f33939852ee0e","КЛАСТЕРЫ ЦИФЕРБЛАТА Формат работы ""Циферблат"" показал себя довольно хорошо для работы с глубокими застрявшими состояниями: - стыд - страх - вина - одиночество и т.д. У некоторых случаях эти состояния настолько сильны, что они начинают встраиваться в саму структуру личности, как камень фундамента. И эти эмоции уже не реакция на стрессовую ситуацию в прошлом, ","other","out_of_scope","no","no","low","none","","","","","Telegram Desktop/ChatExport_2026-09-04/messages.html","#message463"
"message464","default","26.04.2025 11:14:29 UTC-05:00","no","","0","0","Психогомеопатия: Алхимия души.","c6f417a439ac491c36d21f61e3bf5e87104d670a80827fa123f2b2c69b308874","№2. ПРОГРАММЫ СТРАХА НЕСПРАВИТЬСЯ (оплошать, подвести). Предлагаю список Программ Страха по 8 этапам развития человека. Вы можете посмотреть, какие из этих программ вам отзываются, оценить их по 10-бальной шкале. Этап №1. Страх не иметь права быть. - Структура существования, 0 лет - Корень: ошибусь = не должен существовать - Основа: меня не должно быть, если","theory_method","book_01","yes","yes","medium","none","","","","","Telegram Desktop/ChatExport_2026-09-04/messages.html","#message464"
"message465","default","26.04.2025 11:30:40 UTC-05:00","no","photos/photo_292@26-04-2025_11-30-40.jpg","1","0","Психогомеопатия: Алхимия души.","9194da8e9989d400d4151e57181d315cad5f7bd6cfd7c6b47c980a6195e0094a","КЕЙС. Психогомеопатия меняет личность человека и его связи. Работал с запросом по бизнесу с новым клиентом. Провел одну сессию. Первоначальное состояние было: у клиента было смущение перед заказчиками, как будто ""я хочу, но недостойна их внимания"". А от заказиков была снисходительность. Назначил препараты на увеличение уверенности. Уже через 2 недели состоян","theory_method","book_01","yes","yes","medium","none","","","","","Telegram Desktop/ChatExport_2026-09-04/messages.html","#message465"
"message466","default","26.04.2025 16:16:02 UTC-05:00","no","","0","0","Психогомеопатия: Алхимия души.","031b44aefe69e6bfdfa73344d8b47d18c58424467a27ddb311cdb96392dc2c82","ЧТО ТАКОЕ ПСИХО-ГОМЕОПАТИЯ? - это направление в гомеопатии, фокусирующееся на лечении внутренних психологических конфликтов, стрессов, травм, архетипических структур личности через индивидуально подобранные гомеопатические препараты. ОСОБЕННОСТЬ - Мы работаем не только с проблемами тела и души, но и с целями, задачами, к которым хочется приблизиться; - Мы см","subpersonality","book_03","yes","yes","medium","none","","","","","Telegram Desktop/ChatExport_2026-09-04/messages.html","#message466"
"message467","default","26.04.2025 16:17:05 UTC-05:00","no","","0","0","Психогомеопатия: Алхимия души.","c70d5e1837a2c78141dbabeda55c022aca103d81fa42d612c4c3a202095ba816","КЛЮЧЕВЫЕ ИДЕИ основателей психо-гомеопатии. Психо-гомеопатия - сравнительно молодой метод, но его принципы были заложены великими мастерами задолго до его систематизации. 1) Самуэль Ганеман (основатель гомеопатии). - Болезнь - это нарушение жизненной силы. Наша задача не столько вылечить болезнь, сколько восстановить внутреннюю силу, баланс организма. 2) Дже","subpersonality","book_03","yes","yes","medium","none","","","","","Telegram Desktop/ChatExport_2026-09-04/messages.html","#message467"
"message-180","service","","no","","0","0","Психогомеопатия: Алхимия души.","e3b0c44298fc1c149afbf4c8996fb92427ae41e4649b934ca495991b7852b855","","service_history","service","no","no","high","none","","","","","Telegram Desktop/ChatExport_2026-09-04/messages.html","#message-180"
"message469","default","27.04.2025 09:06:01 UTC-05:00","no","photos/photo_293@27-04-2025_09-06-01.jpg","1","0","Психогомеопатия: Алхимия души.","cb655637fbc094a445d5aefe2d55766f2077ecd72b4572971a7869ef4a06e721","СХЕМА ПРОРАБОТКИ КОНФЛИКТА БЛИЗОСТЬ-ДИСТАНЦИЯ (Гомеопатия 3 уровень). 1. ПРОГРАММА: Страх контакта, близости (из-за страха боли, унижения). 2. КОГДА ФОРМИРУЕТСЯ: - 0.1-1.5 года, этап ""право на контакт/ близость (по бодинамике). 3. ГРАНИ И ЭТАПЫ формирования конфликта (гомеопатия позволяет корректировать грани): * КРАТКО: - Жажда близости - Жажда принятия - Я","theory_method","book_01","yes","yes","medium","none","","","","","Telegram Desktop/ChatExport_2026-09-04/messages.html","#message469"
"message470","default","27.04.2025 12:33:31 UTC-05:00","no","photos/photo_294@27-04-2025_12-33-31.jpg","1","0","Психогомеопатия: Алхимия души.","a82bdf5b38c4e8983f8e76152d5cd7bdfd5a784425b1e6b8ceac768077840f99","PSORINUM Препарат, который возвращает радость контакта, желание близости и интереса к людям. Он отпускает чувство ненужности, отвержения. Возвращает желание жить. ВЕДЕНИЕ Ты когда-нибудь ощущал, будто вся твоя суть — ошибка? Что мир отвернулся, а сама жизнь забыла о тебе? Psorinum дает поддержку, когда человек потерял веру в свою ценность, а стыд парализует.","remedy_card","book_02","yes","yes","high","full_card","Psorinum","psorinum","message470","","Telegram Desktop/ChatExport_2026-09-04/messages.html","#message470"
"message471","default","27.04.2025 14:08:13 UTC-05:00","no","photos/photo_295@27-04-2025_14-08-13.jpg","1","0","Психогомеопатия: Алхимия души.","1e3a39f5a55a6ea3b83687c13b70dba685065789c8ad71ffa046a4f68967ade6","СХЕМА ПРОРАБОТКИ КОНФЛИКТА САМООЦЕНКИ (НАРЦИССИЗМ) (ОПД-2) 1. ВНУТРЕННЯЯ ПРОГРАММА: - Страх быть ничтожным (попытка быть значимым через внешние достижения, признание, маски). - Страх разоблачения (колебания между величием и ничтожностью). 2. ПЕРИОД ФОРМИРОВАНИЯ (по бодинамике): 0.1- 8 лет: этапы принятия, автономии, воли и самооценки. 3. ГРАНИ И ЭТАПЫ КОНФЛИ","other","out_of_scope","no","no","low","none","","","","","Telegram Desktop/ChatExport_2026-09-04/messages.html","#message471"
"message-181","service","","no","","0","0","Психогомеопатия: Алхимия души.","e3b0c44298fc1c149afbf4c8996fb92427ae41e4649b934ca495991b7852b855","","service_history","service","no","no","high","none","","","","","Telegram Desktop/ChatExport_2026-09-04/messages.html","#message-181"
"message472","default","28.04.2025 09:18:03 UTC-05:00","no","photos/photo_296@28-04-2025_09-18-03.jpg","1","0","Психогомеопатия: Алхимия души.","6e12f8d09f49580913e2f325c9f4bef6bdda0ff4ce5e7e9a9e78d7eb7d0b7c7b","ИСТОРИЯ про ФОРМАТЫ СЕССИЙ. - Обычно в сессиях 1, 2 уровня мы используем 3-4 препарата одной потенции. - А в сессиях 3го уровня, наоборот: один препарат, но сразу 4х потенций. Расскажу, как я пришел к такому формату. ПОИСК КЛЮЧЕВОГО ПРЕПАРАТА 1. Во-первых, мэтры современной гомеопатии акцентируют внимание на том, что желательно выйти именно на один ключевой ","subpersonality","book_03","yes","yes","medium","none","","","","","Telegram Desktop/ChatExport_2026-09-04/messages.html","#message472"
"message473","default","28.04.2025 18:24:27 UTC-05:00","no","photos/photo_297@28-04-2025_18-24-27.jpg","1","0","Психогомеопатия: Алхимия души.","3b2ab35d4a0150f5afb8e5d3c39f7f5bc37a29c344c0d587abb54846504f5dec","СХЕМА КОРРЕКЦИИ программы ""НИЧТОЖНОСТЬ"". Это одна из самых ранних и глубоких внутренних программ. Она лежит в основе нарушений привязанности, воли и действий, самоценности и идентичности. Мы работаем с этой программой обычно через препараты Psorinum и Carsinosinum Эта программа проходит ряд этапов формирования и включает несколько граней (по модели бодинамик","theory_method","book_01","yes","yes","medium","mention_only","Carcinosinum; Psorinum","carcinosinum; psorinum; psorinum; carcinosinum","","","Telegram Desktop/ChatExport_2026-09-04/messages.html","#message473"
"message474","default","28.04.2025 19:01:36 UTC-05:00","no","photos/photo_298@28-04-2025_19-01-36.jpg","1","0","Психогомеопатия: Алхимия души.","ff71173eb4a4aac8d5cf5ccb883ee44d712c359f18d38ec1a3ae7c4bbd304847","КЕЙС. Ко мне обратился новый клиент с запросом на понимание себя и гармонию в отношениях. ДИАГНОСТИКА Анализ показал, что за стремлением к любви скрывается страх и чувство незащищенности. Что выливается в потребность к слиянию с партнером. Но при этом идет потеря себя, личных желаний и границ. А внутри чувство потерянности и желание заботы. КОРРЕКЦИЯ Я назна","theory_method","book_01","yes","yes","medium","none","","","","","Telegram Desktop/ChatExport_2026-09-04/messages.html","#message474"
"message475","default","28.04.2025 23:19:13 UTC-05:00","no","","0","0","Психогомеопатия: Алхимия души.","2b1066047062d5cf1b5106278e98ccd2bd67039abec723895da33c249f97e255","САМООЦЕНКА - Это одна из самых базовых глубоких тем, граничащая с идентичностью. Расскажу, какими препаратами я работаю с этой темой в гомеопатии. #1. CARCINOSINUM Препарат хорошо работает с темой ничтожности, это про базовый стыд себя и всех своих проявлений, относительно идеалов. #2. PSORINUM Подходит, когда стыд больше относительно других людей, чувство о","theory_method","book_01","yes","yes","medium","mention_only","Baryta Carbonica; Staphysagria; Carcinosinum; Psorinum","baryta-carbonica; staphysagria; carcinosinum; psorinum; staphysagria; psorinum; carcinosinum","","","Telegram Desktop/ChatExport_2026-09-04/messages.html","#message475"
"message-182","service","","no","","0","0","Психогомеопатия: Алхимия души.","e3b0c44298fc1c149afbf4c8996fb92427ae41e4649b934ca495991b7852b855","","service_history","service","no","no","high","none","","","","","Telegram Desktop/ChatExport_2026-09-04/messages.html","#message-182"
"message477","default","29.04.2025 14:07:55 UTC-05:00","no","photos/photo_299@29-04-2025_14-07-55.jpg","1","0","Психогомеопатия: Алхимия души.","e3b0c44298fc1c149afbf4c8996fb92427ae41e4649b934ca495991b7852b855","","empty_or_media","empty_or_media","no","no","medium","none","","","","","Telegram Desktop/ChatExport_2026-09-04/messages.html","#message477"
"message480","default","29.04.2025 16:59:18 UTC-05:00","no","photos/photo_300@29-04-2025_16-59-18.jpg","1","0","Психогомеопатия: Алхимия души.","545b4a29d21c68b9707a1cba10540b6b3130f7d102b9d68ebae9c75f8d82d7f9","СХЕМА КОРРЕКЦИИ программы Я НЕДОСТАТОЧНО ХОРОШ (Стыд, смущение, страх несоответствовать, избегание ответственных задач). Особенность: эта программа лежит в основе стыда, она отражает детскую позицию, страх несправиться с вызовами, замирание, отстранение. Программе соответствует: - обесценивание себя при идеализации других, - сбой идентичности ""я никто"", - не","theory_method","book_01","yes","yes","medium","mention_only","Baryta Carbonica","baryta-carbonica","","","Telegram Desktop/ChatExport_2026-09-04/messages.html","#message480"
"message481","default","29.04.2025 17:23:46 UTC-05:00","no","photos/photo_301@29-04-2025_17-23-46.jpg","1","0","Психогомеопатия: Алхимия души.","2f62862b66471d282aaf61340b88a750e85c8d8e6dc79a417dfc414320b85a20","BARYTA CARBONICA препарат работает с чувством бессилия и беспомощности. Он дает опору, когда кажется что все рушится и хочется спрятаться. Он возвращает выдержку в стрессе. ВВЕДЕНИЕ Ты когда-нибудь чувствовал, что мир — слишком большой, а ты — слишком маленький? Что ты еще не готов к жизни. И лучше остаться в тени, не высовываться? Baryta carbonica — это стр","remedy_card_support","book_02","yes","yes","high","supporting_post","Baryta Carbonica","baryta-carbonica","message114","","Telegram Desktop/ChatExport_2026-09-04/messages.html","#message481"
"message482","default","29.04.2025 19:32:42 UTC-05:00","no","photos/photo_302@29-04-2025_19-32-42.jpg","1","0","Психогомеопатия: Алхимия души.","7546c0493ac453883607d14a9621581aa3b7e7cefe326c86ff99bb0d4d3ef922","5 УРОВНЕЙ СТЫДА. Предложу схему из 5ти уровней погружения в травму стыда. Вы можете выбрать, какой этап вам ближе. ЭТАП 1. Стыд. Возникает смущение когда меня увидели /осудили или если я сам себя осудил. Желание отвернуться. ЭТАП 2. Страх ненужности. ""Со мной что-то не так - значит меня могут отвергнут"": страх потери контакта. Сжатие в груди-животе. ЭТАП 3. ","theory_method","book_01","yes","yes","medium","mention_only","Natrum Muriaticum; Opium; Gelsemium; Pulsatilla; Causticum; Lac Humanum; Aurum metallicum; Staphysagria; Silicea; Carcinosinum; Alumina; Thuja; Psorinum; Hydrogenium; Lac Caninum; Anacardium","natrum-muriaticum; opium; gelsemium; pulsatilla; causticum; lac-humanum; aurum-metallicum; staphysagria; silicea; carcinosinum; alumina; thuja; psorinum; hydrogenium; staphysagria; silicea; alumina; thuja; psorinum; hydrogenium; aurum-metallicum; carcinosinum; lac-caninum; anacardium","","","Telegram Desktop/ChatExport_2026-09-04/messages.html","#message482"
"message-183","service","","no","","0","0","Психогомеопатия: Алхимия души.","e3b0c44298fc1c149afbf4c8996fb92427ae41e4649b934ca495991b7852b855","","service_history","service","no","no","high","none","","","","","Telegram Desktop/ChatExport_2026-09-04/messages.html","#message-183"
"message483","default","30.04.2025 22:51:37 UTC-05:00","no","photos/photo_303@30-04-2025_22-51-37.jpg","1","0","Психогомеопатия: Алхимия души.","ef89b536e76a441da2eb6e223ed33d5f5e913b00b00aecd9c5242e58bebae17d","СХЕМА КОРРЕКЦИИ программы НЕНУЖНОСТЬ. Это тема, которая двигает миром, любовью и великими свершениями. В основе ее часто лежит травма покинутости или отверженности. Есть несколько уровней глубины этой программы. Определите свой уровень: Уровень 1. - Поиск кого-то. Грусть, одиночество, тоска как состояние. Это реакция на то что я один, вне потока. - Фиксация:","subpersonality","book_03","yes","yes","medium","mention_only","Natrum Muriaticum; Pulsatilla; Lac Humanum; Aurum metallicum; Sepia; Staphysagria; Silicea; Carcinosinum; Hydrogenium","natrum-muriaticum; pulsatilla; lac-humanum; aurum-metallicum; sepia; staphysagria; silicea; carcinosinum; hydrogenium; sepia; staphysagria; silicea; hydrogenium; aurum-metallicum; carcinosinum","","","Telegram Desktop/ChatExport_2026-09-04/messages.html","#message483"
"message-184","service","","no","","0","0","Психогомеопатия: Алхимия души.","e3b0c44298fc1c149afbf4c8996fb92427ae41e4649b934ca495991b7852b855","","service_history","service","no","no","high","none","","","","","Telegram Desktop/ChatExport_2026-09-04/messages.html","#message-184"
"message484","default","01.05.2025 08:37:36 UTC-05:00","no","photos/photo_304@01-05-2025_08-37-36.jpg","1","0","Психогомеопатия: Алхимия души.","ca675cf872f023712a94ea86c1166e44d254e6681032536c2f8f6d4e6d2d257c","ПЛАН КОРРЕКЦИИ программы НЕНУЖНОСТЬ. На 3м уровне гомеопатии (работа с убеждениями) мы не убираем отдельный стресс, а корректируем целую линию из 8ми стрессовых убеждений, которые формируют программу ненужности и усиливают друг друга. - В начале работы мы отслеживаем уровень напряжения по каждой грани программы (от 0 до 10). - В процессе коррекции, через 2 н","theory_method","book_01","yes","yes","medium","none","","","","","Telegram Desktop/ChatExport_2026-09-04/messages.html","#message484"
"message486","default","01.05.2025 15:31:16 UTC-05:00","no","photos/photo_305@01-05-2025_15-31-16.jpg","1","0","Психогомеопатия: Алхимия души.","82f0e064717bfb4954b32c359b632c67bd1eaa98da5a539bba1b04baaeb9fc33","ПОДАРОК: экспресс-диагностика. Гомеопатия - это как ""морской бой"". В рамках сессии нам нужно точно найти: - суть проблемы, - ее первопричину, - подобрать нужный препарат - и выбрать потенцию (дозу), чтобы ракета лечения четко достигла цель. Если чуть где-то не та потенция или не тот препарат - эффект будет нулевой! А если выбор сделан верный - тогда происход","theory_method","book_01","yes","yes","medium","none","","","","","Telegram Desktop/ChatExport_2026-09-04/messages.html","#message486"
"message487","default","01.05.2025 22:44:19 UTC-05:00","no","photos/photo_306@01-05-2025_22-44-19.jpg","1","0","Психогомеопатия: Алхимия души.","505aad10eb2b3e915e565a3bf1eedca3834c477a6149de52436758c971c07d5b","MAGNESIUM MURIATICUM Чудесный препарат. Его воздействие - как мягкое прикосновение кошки. Нежное, робкое, аккуратное, мурлыкающее. Он добавляет чувство приятной близости в груди, выводит из печали одиночества. Возвращает аккуратную мягкость и интерес взаимодействовать с миром. Препарат актуален, когда внутри есть мечта о тихом, надежном принятии, но сердце з","remedy_card","book_02","yes","yes","high","full_card","Magnesium Muriaticum","magnesium-muriaticum","message487","","Telegram Desktop/ChatExport_2026-09-04/messages.html","#message487"
"message-185","service","","no","","0","0","Психогомеопатия: Алхимия души.","e3b0c44298fc1c149afbf4c8996fb92427ae41e4649b934ca495991b7852b855","","service_history","service","no","no","high","none","","","","","Telegram Desktop/ChatExport_2026-09-04/messages.html","#message-185"
"message488","default","02.05.2025 11:33:44 UTC-05:00","no","photos/photo_307@02-05-2025_11-33-44.jpg","1","0","Психогомеопатия: Алхимия души.","93f1dd219e0e3584c43003f3a429f535f234ceff6d10f457a25b802141dc3fdb","ПОБОЧНЫЕ (ЛЕЧЕБНЫЕ) ЭФФЕКТЫ гомеопатии. При точном подборе гомео-препарата может происходить временная активизация симптомов. Может повышаться температура, быть воспаления по телу, усиливаться эмоциональность и т.д. Не пугайтесь - это нормальная и ожидаемая реакция. Это говорит о том, что гомеопатия точно попала в цель! Это отражает глубокое очищение организ","theory_method","book_01","yes","yes","medium","mention_only","Coffea Cruda","coffea-cruda","","","Telegram Desktop/ChatExport_2026-09-04/messages.html","#message488"
"message489","service","","no","","0","0","Психогомеопатия: Алхимия души.","e3b0c44298fc1c149afbf4c8996fb92427ae41e4649b934ca495991b7852b855","","service_history","service","no","no","high","none","","","","","Telegram Desktop/ChatExport_2026-09-04/messages.html","#message489"
"message-186","service","","no","","0","0","Психогомеопатия: Алхимия души.","e3b0c44298fc1c149afbf4c8996fb92427ae41e4649b934ca495991b7852b855","","service_history","service","no","no","high","none","","","","","Telegram Desktop/ChatExport_2026-09-04/messages.html","#message-186"
"message490","default","03.05.2025 06:12:45 UTC-05:00","no","photos/photo_308@03-05-2025_06-12-45.jpg","1","0","Психогомеопатия: Алхимия души.","a725efb8504d62d0bba108b4fcbc0c172bbf200fdcab00fa541c85df60b048c9","ПРИНЦИПЫ И ПОДХОДЫ к психо-гомеопатии от Мэтров (часть 2). Ч1: t.me/psychic_alchemy/467 Это цикл заметок, которые раскрывают методологическую базу нашей работы (для специалистов). 7. RAJAN SANKARAN - источник проблем - внутренняя базовое состояние человека: его код, вибрация, ""архетипическое ощущение"". - это ""ощущение"" глубже эмоций и мыслей, но отражается в","deep_alchemical","book_04","yes","yes","medium","none","","","","","Telegram Desktop/ChatExport_2026-09-04/messages.html","#message490"
"message491","default","03.05.2025 11:07:19 UTC-05:00","no","photos/photo_300@29-04-2025_16-59-18.jpg; photos/photo_300@29-04-2025_16-59-18_thumb (1).jpg","2","0","Психогомеопатия: Алхимия души.","29f9bc7ea7a6f57ea8cc272a8e846b2866f831d38a86d8b6edcc736c19b55e40","КАК ПРОХОДИТ РАЗВИТИЕ ЛИЧНОСТИ В ГОМЕОПАТИИ? Что интересно, в гомеопатии препараты имеют разную глубину работы. #1. Есть мягкие препараты, которы излечивают душевную боль, дают поддержку, но не меняют сценарии личности. #2. А есть глубокие конституциональные препараты, которые меняют модели поведения и базовый архетип личности. КАК ПРОИСХОДИТ КОРРЕКЦИЯ? А. П","subpersonality","book_03","yes","yes","medium","none","","","","","Telegram Desktop/ChatExport_2026-09-04/messages.html","#message491"
"message492","default","03.05.2025 15:14:40 UTC-05:00","no","","0","0","Психогомеопатия: Алхимия души.","15165b28b2667de5a5d3aa75093fd05036a7f234d91a3bdb623b9d02205c700e","КАК ПРЕПАРАТЫ МЕНЯЮТ ВНУТРЕННИЕ СЦЕНАРИИ (3й уровень гомеопатии). ПРИМЕРЫ СЦЕНАРИЕВ : #1. CARSINOSINUM - ДО: ""Хороший малый"" Я должен быть хорошим, соответствовать ожиданиям, чтобы меня любили. Если я ошибусь, любовь исчезнет. Перфекционизм. Жить для других. - ПОСЛЕ: Взрослый. Я могу быть собой. Я выбираю честный контакт, а не удобный. - Поведение: свобода б","theory_method","book_01","yes","yes","medium","mention_only","Carcinosinum; Psorinum","carcinosinum; psorinum; psorinum; carcinosinum","","","Telegram Desktop/ChatExport_2026-09-04/messages.html","#message492"
"message-187","service","","no","","0","0","Психогомеопатия: Алхимия души.","e3b0c44298fc1c149afbf4c8996fb92427ae41e4649b934ca495991b7852b855","","service_history","service","no","no","high","none","","","","","Telegram Desktop/ChatExport_2026-09-04/messages.html","#message-187"
"message494","default","04.05.2025 08:27:44 UTC-05:00","no","photos/photo_310@04-05-2025_08-27-44.jpg","1","0","Психогомеопатия: Алхимия души.","5f9ce0c6b607d537cb75b9755337d4b49fd686d980f53ceb6f2b39c739395003","Я задался себе вопросом: Как понять, в каком именно направлении препарат должен менять личный сценарий человека? На противоположный? Оказалось, нет. Личная стратегия не ломается, а расширяется. А вот вектор расширения разные школы гомеопатии видят по-своему! Сравнив подходы разных школ мне удалось найти закономерность! Школы определяют вектор трансформации и","subpersonality","book_03","yes","yes","medium","none","","","","","Telegram Desktop/ChatExport_2026-09-04/messages.html","#message494"
"message495","default","04.05.2025 12:14:43 UTC-05:00","no","photos/photo_311@04-05-2025_12-14-43.jpg","1","0","Психогомеопатия: Алхимия души.","ec464c5f47144226407068a4318f8a40f12fed0e1fa39c1c2c55aee869c8ac32","ФАЗЫ ТРАНСФОРМАЦИИ. Часто у меня спрашивают, а когда пройдут симптомы? Зависит от глубины ситуации. - Простые симптомы проходят в течении 3х дней. - Более сложные ситуации, где идет смена сценария жизни могут занять время. Изменение Сценария обычно проходит 5ть этапов: 1. ФАЗА АКТИВАЦИИ: 1-3 день. Начало приема препаратов. Психика реагирует, но симптомов нет","subpersonality","book_03","yes","yes","medium","none","","","","","Telegram Desktop/ChatExport_2026-09-04/messages.html","#message495"
"message496","default","04.05.2025 15:55:49 UTC-05:00","no","photos/photo_312@04-05-2025_15-55-49.jpg","1","0","Психогомеопатия: Алхимия души.","2e1b74e78a5d313c35cf5828e5202e3d992e6a559cf46d9f420ea5f3e9a0d9fa","BORAX Интересный препарат. Он добавляет смелости! Он выводит из страха контакта, страха отвержения. Поднимает решительность. Функция: Убирает испуг от близости, дрожь, страх, что тебя оттолкнут, осудят, обидят. Даёт: мягкость, доверие. ОСНОВА: - натриевая соль борной кислоты, традиционно использовалась как антисептик при раздражении кожи и слизистых, - это х","remedy_card","book_02","yes","yes","high","full_card","Borax","borax","message496","","Telegram Desktop/ChatExport_2026-09-04/messages.html","#message496"
"message-188","service","","no","","0","0","Психогомеопатия: Алхимия души.","e3b0c44298fc1c149afbf4c8996fb92427ae41e4649b934ca495991b7852b855","","service_history","service","no","no","high","none","","","","","Telegram Desktop/ChatExport_2026-09-04/messages.html","#message-188"
"message497","default","05.05.2025 08:43:05 UTC-05:00","no","photos/photo_313@05-05-2025_08-43-05.jpg","1","0","Психогомеопатия: Алхимия души.","947c059f935afab6224a84d614394098b3ae91cd515d428e0c205d23026ec458","ФИЗИКА ГОМЕОПАТИИ - Мне было важно найти физическое обоснование работы препапатов. Т.е. откуда препарат берет и запускает именно эту модель перемен. Ответ оказался - в природе самого вещества. ПРИНЦИП Все системы и процессы в мире стремятся к балансу. Любое раздражение успокаивается. Каждое вещество в природе несет модель стабилизации. А каждый препарат несе","theory_method","book_01","yes","yes","medium","mention_only","Gelsemium; Psorinum","gelsemium; psorinum; psorinum","","","Telegram Desktop/ChatExport_2026-09-04/messages.html","#message497"
"message498","default","05.05.2025 12:17:59 UTC-05:00","no","photos/photo_314@05-05-2025_12-17-59.jpg","1","0","Психогомеопатия: Алхимия души.","2173d2861abcd31029f928f88d495aa2adc017c1706e5a5f0111389fe4f99fc5","СХЕМА РАБОТЫ ПО СМЕНЕ СЦЕНАРИЯ ЖИЗНИ. Авторы разных Школ гомеопатии (Витулкас, Шанкаран, Шолтен) описывают похожую схему коррекции. Она проходит через 4 фазы: - Неделя 1. Активация сценариев/ симптомов. - Неделя 2. Маятник. Проба альтернативных моделей реакций. - Неделя 3-4. Стабилизация. Закрепление новой стратегии. - Неделя 5-8. Интеграция. Формирования но","subpersonality","book_03","yes","yes","medium","none","","","","","Telegram Desktop/ChatExport_2026-09-04/messages.html","#message498"
"message499","default","05.05.2025 14:32:21 UTC-05:00","no","photos/photo_315@05-05-2025_14-32-21.jpg","1","0","Психогомеопатия: Алхимия души.","edceb53d6976e4f2f2176836650239b2e675dc58c9afabde218bd2a746e62b50","СХЕМА ЛИЧНОЙ РАБОТЫ по смене сценария (Рекомендации для моих клиентов в терапии). ФАЗА 0. СБОР РЕСУРСОВ. ""Путешествие Деметры"" - На этом этапе мы выходим из стресса и бессилия. Это может занять несколько сессий, пока не появится возможность идти глубже. - Вы выполняете ДЗ. Ваш ресурс растет. ФАЗА 1. АКТИВАЦИЯ СЦЕНАРИЯ (1 неделя). ""Погружение в Царство Аида"",","deep_alchemical","book_04","yes","yes","medium","none","","","","","Telegram Desktop/ChatExport_2026-09-04/messages.html","#message499"
"message-189","service","","no","","0","0","Психогомеопатия: Алхимия души.","e3b0c44298fc1c149afbf4c8996fb92427ae41e4649b934ca495991b7852b855","","service_history","service","no","no","high","none","","","","","Telegram Desktop/ChatExport_2026-09-04/messages.html","#message-189"
"message500","default","06.05.2025 08:26:50 UTC-05:00","no","photos/photo_316@06-05-2025_08-26-50.jpg","1","0","Психогомеопатия: Алхимия души.","8e8c1263d4934daf0d477b112894ef9f74dc0b09c8f180eb7aedc0db341d1926","ГОМЕОПАТИЯ 3 УРОВЕНЬ: Этап 1. АЛХИМИЯ ТЬМЫ ВЫХОД ИЗ СЦЕНАРИЯ. Это самый сложный этап. Человек начинает контактировать со своей болью, темнотой, Nigredo. - А есть ли подсказки в алхимии как пройти Nigredo? - Есть! Ключевое - активация Проводника - Меркурия. Это Наблюдатель. Проводник между мирами сознания и бессознательного. Символ сознания. - Меркурий символ","deep_alchemical","book_04","yes","yes","medium","none","","","","","Telegram Desktop/ChatExport_2026-09-04/messages.html","#message500"
"message501","default","06.05.2025 09:59:35 UTC-05:00","no","photos/photo_317@06-05-2025_09-59-35.jpg","1","0","Психогомеопатия: Алхимия души.","d75c12a5db0e4ec70c0a26fd6ee92e492145439f0f13c1e5e16290094a383c51","ЗАДАЧИ 1 ЭТАПА. Первые 2 недели наша задача - активировать симптом и следовать за ним. Это проходит в 2 фазы: * 1 неделя: АКТИВАЦИЯ препараты гомеопатии активируют текущий сценарий/ симптом. Он становится заметен . * 2 неделя: РАСТВОРЕНИЕ. Препарат гомеопатии удерживает вектор смены сценария. Начинаются колебания между старой моделью поведения и первыми альт","theory_method","book_01","yes","yes","medium","none","","","","","Telegram Desktop/ChatExport_2026-09-04/messages.html","#message501"
"message502","default","06.05.2025 14:16:39 UTC-05:00","no","photos/photo_318@06-05-2025_14-16-39.jpg","1","0","Психогомеопатия: Алхимия души.","fb25d1a50aed962ef5407cfd298ecd25c8657a0aedb810cad079d7c911c61a39","АКТИВАЦИЯ СОЗНАНИЯ (Алхимические формулы - Призывы Меркурия) Коррекция сценария жизни символически: - мы встречаем свою Тьму (боль) - и идем к Свету (новое качество себя, новый сценарий). 1) Проводником в этом пути является препарат гомеопатии. Он погрузит в Nigredo и выведет из него. 2) Так же желательно еще укрепить Внутреннего Наблюдателя: это позволит за","deep_alchemical","book_04","yes","yes","medium","mention_only","Aurum metallicum","aurum-metallicum","","","Telegram Desktop/ChatExport_2026-09-04/messages.html","#message502"
"message503","default","06.05.2025 15:45:07 UTC-05:00","no","photos/photo_319@06-05-2025_15-45-07.jpg","1","0","Психогомеопатия: Алхимия души.","4bb788f21f99feba4399b8855dba4e3c219e81ff416c4746bfaeaf8d2aa62fb8","ДНЕВНИК для самонаблюдений (1 неделя коррекции): Задача этапа - активировать сценарий, но при этом сформировать внутри ""Паузу Выбора"", чтобы выйти из автоматизма. Для этого рекомендуется ответить на вопросы: #1. СИТУАЦИЯ Описать моменты, когда возникает симптом. #2. СИМПТОМ: - реакция тела - эмоции - поведение #3. СЦЕНАРИЙ - раздражитель - мысли/ убеждения -","other","out_of_scope","no","no","low","none","","","","","Telegram Desktop/ChatExport_2026-09-04/messages.html","#message503"
"message504","default","06.05.2025 22:22:37 UTC-05:00","no","","0","0","Психогомеопатия: Алхимия души.","c47fe190ad19065dee6dbaeb6fa8382b0bc35cffcb4bce98cf99d4854720ea52","- Почему я уделяю столько внимания первым двум неделям 3 уровня гомеопатии? - Скажу честно, это не легко. Если сценарий глубоко сидит, то его активация будет пробуждать кучу симптомов. Например, я взял в проработку сразу 2 своих сценария - и на неделю почти выпал из жизни. Проявились симптомы, о которых давно забыл. Но они четко соответствовали препарату и с","theory_method","book_01","yes","yes","medium","none","","","","","Telegram Desktop/ChatExport_2026-09-04/messages.html","#message504"
"message-190","service","","no","","0","0","Психогомеопатия: Алхимия души.","e3b0c44298fc1c149afbf4c8996fb92427ae41e4649b934ca495991b7852b855","","service_history","service","no","no","high","none","","","","","Telegram Desktop/ChatExport_2026-09-04/messages.html","#message-190"
"message505","default","07.05.2025 07:10:33 UTC-05:00","no","photos/photo_320@07-05-2025_07-10-33.jpg","1","0","Психогомеопатия: Алхимия души.","14b9f86364c671e459863e463291d7796034f99b30f191829386d3f2deda9ac9","ДНЕВНИК ВСТРЕЧИ С СОБОЙ (2 неделя: Маятник): ЗАДАЧА: - замечать колебания между старым сценарием и новыми реакциями. Укрепить Наблюдателя ВОПРОСЫ ДЛЯ НАБЛЮДЕНИЯ: #1. СИТУАЦИЯ: Когда проявляется симптом? #2. СИМПТОМ: - эмоции - тело - поведение #3. СЦЕНАРИЙ - раздражитель - мысли / убеждения - реакции #4. АРХЕТИП образ симптома/сценария #5. НОВЫЕ ОБРАЗЫ Как м","subpersonality","book_03","yes","yes","medium","none","","","","","Telegram Desktop/ChatExport_2026-09-04/messages.html","#message505"
"message506","default","07.05.2025 08:29:19 UTC-05:00","no","photos/photo_321@07-05-2025_08-29-19.jpg","1","0","Психогомеопатия: Алхимия души.","4d86f937e03b6526d291c58f974f1d0bcb6f112eab3cb2637b88242bf880ddf2","КЕЙС. ОТ ЖЕРТВЫ К ЖЕНСТВЕННОСТИ (продолжение). Меня радуют трансформации клиентов. Например, недавно пришел заказчик. - На 1й сессии: клиентка, бизнес-тренер, с мужской моделью поведения пришла с запросом на ресурс. Я дал поддержку. Она позволила себе получать поддержку. Внутри вернулась жизнь. Глаза стали сиять. - После 2й сессии мы проработали страх контак","other","out_of_scope","no","no","low","none","","","","","Telegram Desktop/ChatExport_2026-09-04/messages.html","#message506"
"message507","default","07.05.2025 11:00:58 UTC-05:00","no","photos/photo_322@07-05-2025_11-00-58.jpg","1","0","Психогомеопатия: Алхимия души.","148f621bf34fc345aea1ed8433d57e1c6c5211edc3a63346f34604320c9a14e4","ЭТАПЫ ТРАНСФОРМАЦИИ ЛИЧНОСТИ (1-8 неделя). Программа изменения Сценария жизни (гомеопатия 3 уровня). Принципы и сроки трансформации глубинных травм описывали мэтры гомеопатии (Шолтен, Шанкаран, Галле). Моя модель более подробная, включает элементы алхимии и структурирована по неделям, для гарантии результата. Этот курс позволяет за 2 месяца исцелить глубинны","deep_alchemical","book_04","yes","yes","medium","none","","","","","Telegram Desktop/ChatExport_2026-09-04/messages.html","#message507"
"message508","default","07.05.2025 20:22:17 UTC-05:00","no","photos/photo_323@07-05-2025_20-22-17.jpg","1","0","Психогомеопатия: Алхимия души.","0e41f91f2b2ec454b0bdde3bbb668c5e2ca70038ca0aa173e118f50dbed018bf","КАК МЕНЯЕТСЯ СЦЕНАРИЙ? Зрелость Препарата. - Мне стало интересно, как именно препараты гомеопатии формируют новые модели поведения. НАБЛЮДЕНИЕ ИЗ ПРАКТИКИ - Если на сценарий человека одновременно воздействуют два препарата высокой потенций (1000), новую модель поведения человеку задает не самый симптоматически актуальный препарат, а самый ""зрелый"". ПРИМЕР (м","subpersonality","book_03","yes","yes","medium","none","","","","","Telegram Desktop/ChatExport_2026-09-04/messages.html","#message508"
"message509","default","07.05.2025 20:55:10 UTC-05:00","no","","0","0","Психогомеопатия: Алхимия души.","2a610376b7dbea4d556d71dfbcc18a45215b2c4c264844e942039d429865d316","ЗАЧЕМ РАБОТАТЬ СО СЦЕНАРИЕМ? Есть 3 уровня глубины работы: #1 УРОВЕНЬ. СИМПТОМ. На первом этапе люди часто обращаются с симптомами или целями (любовь, деньги, здоровье). Здесь можно подобрать верные препараты, от которых уходят страхи, стрессы, растет активность, сила, уверенность и любовь. Но это влияет на конкретную ситуацию. Отработали одну ситуацию, пере","subpersonality","book_03","yes","yes","medium","none","","","","","Telegram Desktop/ChatExport_2026-09-04/messages.html","#message509"
"message-191","service","","no","","0","0","Психогомеопатия: Алхимия души.","e3b0c44298fc1c149afbf4c8996fb92427ae41e4649b934ca495991b7852b855","","service_history","service","no","no","high","none","","","","","Telegram Desktop/ChatExport_2026-09-04/messages.html","#message-191"
"message510","default","08.05.2025 12:32:12 UTC-05:00","no","photos/photo_324@08-05-2025_12-32-12.jpg","1","0","Психогомеопатия: Алхимия души.","f767e2cc166b008e7a3eea5a23464e83cf6561ce7277364efe60036365fa3465","МЕТОДОЛОГИЯ психо-гомеопатии. Часть 3. 3.1. ЖАН БЕНУА ШВАРЦ. Современный француский гомеопат, автор подхода ""зрелости архетипа"". Субличность - психическая часть с определенной травмой и психическим сценарием. Таких субличностей у человека может быть несколько - на разных стадиях зрелости личности. Архетип субличности может быть - Незрелый: застрявший в травм","subpersonality","book_03","yes","yes","medium","none","","","","","Telegram Desktop/ChatExport_2026-09-04/messages.html","#message510"
"message511","default","08.05.2025 15:59:24 UTC-05:00","no","photos/photo_325@08-05-2025_15-59-24.jpg","1","0","Психогомеопатия: Алхимия души.","161accea568ce3a6b1ae056ebf3926ca92173f194e64ff95a68e73a096b83d8c","2й этап Трансформации - ВСТРЕЧА С АИДОМ И ПЕРСЕФОНОЙ (3-4 неделя). Чтобы запустить обновление, необходимо пройти через Кризис. - В греческих мистериях: Погружение Деметры к Аиду. - В алхимии: Погружение в Тьму / Nigredo - В психотерапии: конфронтация с травмой бессознательного. - В гомеопатия: активация симптома/ сценария При этом сохранить Свет Сознания и о","deep_alchemical","book_04","yes","yes","medium","none","","","","","Telegram Desktop/ChatExport_2026-09-04/messages.html","#message511"
"message512","default","08.05.2025 17:39:59 UTC-05:00","no","photos/photo_326@08-05-2025_17-39-59.jpg","1","0","Психогомеопатия: Алхимия души.","f9343817aa375778779f372fb13c335a76120efdc124e17c7e1d6d0379f8a097","ДНЕВНИК Этап 2. Встреча с Аидом. ЦЕЛЬ: Заполнение дневника поможет: - активировать внутреннего Наблюдателя, - глубже осознать старый сценарий - выйти из автоматизма в диалог и начать формировать новые способы реагирования ВОПРОСЫ ДЛЯ АНАЛИЗА: 1. ВРАТА В АД / ситуации - в каких ситуациях активируется реакция/ симптом. 2. ЦЕРБЕР / защиты, симптом - какие эмоци","theory_method","book_01","yes","yes","medium","none","","","","","Telegram Desktop/ChatExport_2026-09-04/messages.html","#message512"
"message513","default","08.05.2025 22:39:15 UTC-05:00","no","photos/photo_327@08-05-2025_22-39-15.jpg","1","0","Психогомеопатия: Алхимия души.","d8a888dfdd7de88e36a993aea94151b11330b34c949c13d82b517d75ac2978af","СКИТАНИЯ ДЕМЕТРЫ: СЦЕНАРИЙ ПРОЖИВАНИЯ ТРАВМЫ. Элевсинские Мистерии - это мощный инструмент разгрузки психики. Что оказалось любопытным, этапы Мифа Деметры отражают то, какие процессы у нас происходят внутри при Запуске трансформации сценария через гомеопатию. СТРУКТУРА МИФА Каждый шаг мифа отражает то, что происходит внутри после приема препаратов. 1 день. П","theory_method","book_01","yes","yes","medium","none","","","","","Telegram Desktop/ChatExport_2026-09-04/messages.html","#message513"
"message-192","service","","no","","0","0","Психогомеопатия: Алхимия души.","e3b0c44298fc1c149afbf4c8996fb92427ae41e4649b934ca495991b7852b855","","service_history","service","no","no","high","none","","","","","Telegram Desktop/ChatExport_2026-09-04/messages.html","#message-192"
"message514","default","09.05.2025 12:16:39 UTC-05:00","no","photos/photo_328@09-05-2025_12-16-39.jpg","1","0","Психогомеопатия: Алхимия души.","aed175e75b464cff493b6fd6857d4534050d5de6c5a140478585c3a61f91c6cf","Я все больше углубляюсь в динамику коррекции сценариев Это очень интересно! И так все и происходит (опробовал на себе). Этап 1. Первые 2 недели трансформации сценария описаны в Элевсинских Мистериях. Это скитания Деметры во тьме. Зима. Завершается все на 14 день ""Приходом Гермеса"" - ростом света осознанности. Этап 2. Вторые 2 недели - это осознанный спуск к ","theory_method","book_01","yes","yes","medium","none","","","","","Telegram Desktop/ChatExport_2026-09-04/messages.html","#message514"
"message515","default","09.05.2025 12:36:31 UTC-05:00","no","photos/photo_329@09-05-2025_12-36-31.jpg","1","0","Психогомеопатия: Алхимия души.","eac66a7d3f5eac6dff032093853381bb6c5473251f1bc2d5361d9f533108828f","Для клиентов Курса Трансформации Тест: МИСТЕРИЯ ДЕМЕТРЫ На каком этапе ты находишься? Тест помогает определить на каком ты этапе в процессе трансформации: - Nigredo (тьма, симптом) - Albedo (очищение, выход) - Rubedo (трансформация). 1. ТЕЛО Когда ты входишь в контакт с другими (близкие, работа, конфликты), твоё тело: а) остаётся в лёгком напряжении, но дыши","other","out_of_scope","no","no","low","none","","","","","Telegram Desktop/ChatExport_2026-09-04/messages.html","#message515"
"message516","default","09.05.2025 15:15:56 UTC-05:00","no","photos/photo_330@09-05-2025_15-15-56.jpg","1","0","Психогомеопатия: Алхимия души.","5ce2d834e9ae58f46af83bc38ea1ccc3dc9a45f7458eab53ef75654cbb6aab3d","ДНЕВНИК САМОАНАЛИЗА Этап 1. СКИТАНИЯ ДЕМЕТРЫ (1-2 неделя Гомеопатия 3 ур: Трансформация Сценария) ЗАДАЧА ЭТАПА - Увидеть и зафиксировать текущий сценарий. - Признать реакции, боль, защиты - Активировать Наблюдателя. - Отмечать, в какие моменты Я теряется (""Персефона уходит""). - Восстановить контакт с утраченной частью себя. ВОПРОСЫ ДЛЯ АНАЛИЗА #1. СИТУАЦИЯ (","subpersonality","book_03","yes","yes","medium","none","","","","","Telegram Desktop/ChatExport_2026-09-04/messages.html","#message516"
"message517","default","09.05.2025 16:25:36 UTC-05:00","no","photos/photo_331@09-05-2025_16-25-36.jpg","1","0","Психогомеопатия: Алхимия души.","33cbf96288a52aec77b3a7b08252c56d8dfc6d8c7a85a9b0b26a43348510acdd","Если честно, у нас это почти как живой стрим. Я сам сейчас прохожу Программу Трансформации сценария (3 уровень). И некоторые мои клиенты то же. Так что это наблюдения из первых уст ;) - Первая неделя, конечно, стремно. Это ощущение как среди ясного неба вдруг чернеют тучи и под ногами падает земля. Без перебора. Все под контролем, но скорость процессов ошело","other","out_of_scope","no","no","low","none","","","","","Telegram Desktop/ChatExport_2026-09-04/messages.html","#message517"
"message518","default","09.05.2025 16:36:37 UTC-05:00","no","photos/photo_332@09-05-2025_16-36-37.jpg","1","0","Психогомеопатия: Алхимия души.","ef1d774026ca6a64e5b726872fdd8f3f947faa89a331fa5dd2567d85a3260180","Вот пример как описывает один из моих клиентов процесс Принятия, который запускается на 1м этапе программы Трансформации Сценария.","other","out_of_scope","no","no","low","none","","","","","Telegram Desktop/ChatExport_2026-09-04/messages.html","#message518"
"message-193","service","","no","","0","0","Психогомеопатия: Алхимия души.","e3b0c44298fc1c149afbf4c8996fb92427ae41e4649b934ca495991b7852b855","","service_history","service","no","no","high","none","","","","","Telegram Desktop/ChatExport_2026-09-04/messages.html","#message-193"
"message520","default","10.05.2025 09:24:27 UTC-05:00","no","photos/photo_333@10-05-2025_09-24-27.jpg","1","0","Психогомеопатия: Алхимия души.","41dba3376d389784610eb19be7f97ffaa2864710582a55b145cab9438303e096","КУРС: СМЕНА СЦЕНАРИЯ ЯДРА ДУШИ. 1 этап. ВЫХОД ИЗ ТЬМЫ Вызов: Пройти сквозь ночь души, во тьме боли, бессилия, стыда зажечь свет осознанности и принятия. Решения : - увидеть симптом как ключ к травме, защиту, а не поломку, - не бороться, а принимать, наблюдать, что симптом хочет сказать, - развить Наблюдателя, научиться делать паузы, выходить из автоматизма, ","theory_method","book_01","yes","yes","medium","none","","","","","Telegram Desktop/ChatExport_2026-09-04/messages.html","#message520"
"message521","default","10.05.2025 09:24:58 UTC-05:00","no","photos/photo_334@10-05-2025_09-24-58.jpg","1","0","Психогомеопатия: Алхимия души.","4b502bc06fe25cd50811c506d8b549b2a9fd83fda863a410af662ef5fd1d0b50","КУРС: СМЕНА СЦЕНАРИЯ ЯДРА ДУШИ. 2 этап. РАЗГОВОР С АИДОМ . Вызов : мы спустимся в Мир Аида, найдем свой Контракт. Это Сценарий Души: соглашение жить через страдание. Разорвем его. Сделаем новый. Что поможет: В пути из врагов, страхов и теней мы создадим помощников, укрепим силу. - Неделя 3: Встретиться с Тенью и не сбежать. Всплывает все, что было вытеснено.","other","out_of_scope","no","no","low","none","","","","","Telegram Desktop/ChatExport_2026-09-04/messages.html","#message521"
"message522","default","10.05.2025 09:47:01 UTC-05:00","no","photos/photo_335@10-05-2025_09-47-01.jpg","1","0","Психогомеопатия: Алхимия души.","6bbd08f508347135ca9800f1d9e3139785e9f4d7feabfd0470276543b1371a67","Курс Коррекции Сценария. 15 день. Контакт с Цербером. - Состояние: Симптом стабилен, напряжение снижается. Появляется возможность легче отслеживать свои защиты и быть с ними в контакте. - Задача: мягко наблюдать свои защиты, не бороться. - Упражнение: Подойти к Вратам подземного мира. Встретить у входа Цербера. Поблагодарить его. Покормить. Рассмотреть все 3","other","out_of_scope","no","no","low","none","","","","","Telegram Desktop/ChatExport_2026-09-04/messages.html","#message522"
"message523","default","10.05.2025 10:15:59 UTC-05:00","no","photos/photo_336@10-05-2025_10-15-59.jpg","1","0","Психогомеопатия: Алхимия души.","591f7a51bf4ef8f673670d1121f876224a3d7e6f2561fff618913e17965962be","Курс Коррекции Сценария. 16 День. Зов Персефоны. Голос Души. - Состояние: Внутри — замедление, ясность. Тело может захотеть отдыха, тишины. Сила сознания растет. Начинаешь четче отслежичать свои желания и реакции до наступления автоматизма. - Задача: Успевать отслеживать, внутреннюю реакцию и еще до возникновения внешней/ симптома. Какой триггер. Какие стары","subpersonality","book_03","yes","yes","medium","none","","","","","Telegram Desktop/ChatExport_2026-09-04/messages.html","#message523"
"message524","default","10.05.2025 11:58:34 UTC-05:00","no","photos/photo_337@10-05-2025_11-58-34.jpg","1","0","Психогомеопатия: Алхимия души.","0ae21e47b56c509cf2433f3db41aa5bcabc9bacaa35bd35b46015a44ff41d317","Программа Смены Сценария. Дневник Пути. День 1. (Начало приема препаратов гомеопатии 3го уровня). - Состояние: Всё выглядит спокойно, привычно. Но внутри — лёгкое напряжение, неуловимое предчувствие. Симптом может проявиться слабо — как тень, зевота, раздражение, бессилие. Это приглашение. - Задача: Остановиться. Не убегать в дела и объяснения. Услышать, зов","theory_method","book_01","yes","yes","medium","none","","","","","Telegram Desktop/ChatExport_2026-09-04/messages.html","#message524"
"message525","default","10.05.2025 17:51:32 UTC-05:00","no","","0","0","Психогомеопатия: Алхимия души.","f3b57af471e398004fd16d722496c1ac16eb6e94b8b9079a76e4219755ff9369","ПОЧЕМУ В ПРОГРАММЕ ИСПОЛЬЗУЮТСЯ ОБРАЗЫ МИСТЕРИЙ? Образ под каждый день программы 3 уровня выбран не случайно и не интуитивно. Каждый Архетип Дня отражает реальные внутренние процессы, которые проходят у клиентов на определенном этапе трансформации. Этот подход основан на 3х опорах: #1. Проверенная модель. Я опирался на описание фаз трансформации, описанных м","subpersonality","book_03","yes","yes","medium","none","","","","","Telegram Desktop/ChatExport_2026-09-04/messages.html","#message525"
"message-194","service","","no","","0","0","Психогомеопатия: Алхимия души.","e3b0c44298fc1c149afbf4c8996fb92427ae41e4649b934ca495991b7852b855","","service_history","service","no","no","high","none","","","","","Telegram Desktop/ChatExport_2026-09-04/messages.html","#message-194"
"message528","default","11.05.2025 08:24:53 UTC-05:00","yes","photos/photo_338@11-05-2025_08-24-53.jpg","1","0","Психогомеопатия: Алхимия души.","471e896adade604f2f8401d2e68b4fe82e72c397ad68239591b1988073d75781","НОВЫЙ МАРАФОН СИЛА ДЕНЕГ. После перерыва. СУТЬ Мы начинаем мощный проект - активации денежного потока через работу с эгрегорами крупнейших финансовых столиц: Лондон, Нью-Йорк, Торонто и др. ЧТО ВАС ЖДЕТ: #1. Личная сонастройка и чистка блоков в энергиях крупнейших городов мира. Снятие ступоров к бизнесу, деньгам, продажам, проявлению. #2. Обучение в группе н","deep_alchemical","book_04","yes","yes","medium","none","","","","","Telegram Desktop/ChatExport_2026-09-04/messages.html","#message528"
"message529","default","11.05.2025 13:26:43 UTC-05:00","no","photos/photo_339@11-05-2025_13-26-43.jpg","1","0","Психогомеопатия: Алхимия души.","aa321122e1b7094aec368d0aa9c35de8a7c5be766101d4fd34f2acb6619386dd","Курс коррекции сценария. 17 день Пути: Стражи Аида. Проход в Бездну. Первая встреча с обнаженной болью, пик бессилия, невыносимость себя, желание спрятаться. * СОСТОЯНИЕ: Энергии дня: серо-металлические, колючие, жесткие. После пары дней наблюдений, наступает первая волна отката . - Чувства: раздражения, сомнения, усталость, ирония, отстраненность. - Мысли: ","theory_method","book_01","yes","yes","medium","none","","","","","Telegram Desktop/ChatExport_2026-09-04/messages.html","#message529"
"message530","default","11.05.2025 14:19:00 UTC-05:00","no","photos/photo_340@11-05-2025_14-19-00.jpg","1","0","Психогомеопатия: Алхимия души.","5498dc240a60c8f7d34631a3d96cab24d0e4f1ae7808f86cae10c78417faca29","Курс Коррекция Сценария. Неделя 3. Освобождение. День 18 . Призраки мертвых. Вскрытие травмы Контакт с Ядром Травмы, но без слияния. Вскрытие архивов памяти. Встреча с детской частью. - СОСТОЯНИЕ: Начинают усиливаться эмоции, вытесненные чувства, страхи. Ты слышишь те части себя, что ранее были спрятаны. Может усилиться симптом, тяжесть, память тела. Ты в яд","theory_method","book_01","yes","yes","medium","none","","","","","Telegram Desktop/ChatExport_2026-09-04/messages.html","#message530"
"message531","default","11.05.2025 20:13:23 UTC-05:00","no","photos/photo_341@11-05-2025_20-13-23.jpg","1","0","Психогомеопатия: Алхимия души.","0cdbb638c0a6cb2bc695e7858ae4136a6b4a2536b85a4418fae62d0310f3b033","Курс Коррекции Сценария !!!ВАЖНО!!! Идти в процесс глубинного погружения, смены сценариев можно только при достаточно устойчивом психическом уровне. Сейчас я рассказываю о том, как проходит процесс при запуске психо-гомеопатия 3го уровня. Большинству людей до того, как переходить к работе на 3м уровне (сценариев), желательно для начала укрепить свой личный р","theory_method","book_01","yes","yes","medium","none","","","","","Telegram Desktop/ChatExport_2026-09-04/messages.html","#message531"
"message-195","service","","no","","0","0","Психогомеопатия: Алхимия души.","e3b0c44298fc1c149afbf4c8996fb92427ae41e4649b934ca495991b7852b855","","service_history","service","no","no","high","none","","","","","Telegram Desktop/ChatExport_2026-09-04/messages.html","#message-195"
"message532","default","12.05.2025 08:19:03 UTC-05:00","no","photos/photo_342@12-05-2025_08-19-03.jpg","1","0","Психогомеопатия: Алхимия души.","c79304f206058fead50ed29659fb6de52c89798e5ecc7ae6574f3f30b3bc1880","КЕЙС. ВОЗВРАЩЕНИЕ К ЖИЗНИ (гомеопатия 2й уровень). Клиент: Обратилась девушка в не очень стабильном состоянии, с ощущением бессмысленности жизни, отсутствием чувства связи с миром. СЕССИЯ #1. У клиента было состояние, что мир приглашает, но от него хочется оторваться, раствориться, нет понимания зачем быть в этом мире, хочется спрятаться. - Я работал препара","deep_alchemical","book_04","yes","yes","medium","mention_only","Ignatia Amara; Calcarea Carbonica; Arnica; Sepia; Alumina; Thuja","ignatia-amara; calcarea-carbonica; arnica; sepia; alumina; thuja; arnica; sepia; alumina; thuja","","","Telegram Desktop/ChatExport_2026-09-04/messages.html","#message532"
"message533","default","12.05.2025 21:56:18 UTC-05:00","no","photos/photo_343@12-05-2025_21-56-18.jpg","1","0","Психогомеопатия: Алхимия души.","3f76482759a13668d1f159dcc6ab6dc9f935f536b214d25447ed67b9cee4ee2f","КУРС КОРРЕКЦИИ СЦЕНАРИЯ Неделя 3: Освобождение. День 19. Миры Аида (Сады Асмодела ). Эмоциональное обнуление травмы. Обнуление смыслов, целей, ориентаций. Встреча ребенка, выходящего из пещеры. - Состояние. Это особый день, когда отлетают не только маски, чувства, но даже старые смыслы. Это может ощущаться как пустота, бессмысленность и иногда опустошенность","theory_method","book_01","yes","yes","medium","none","","","","","Telegram Desktop/ChatExport_2026-09-04/messages.html","#message533"
"message-196","service","","no","","0","0","Психогомеопатия: Алхимия души.","e3b0c44298fc1c149afbf4c8996fb92427ae41e4649b934ca495991b7852b855","","service_history","service","no","no","high","none","","","","","Telegram Desktop/ChatExport_2026-09-04/messages.html","#message-196"
"message534","default","13.05.2025 16:57:55 UTC-05:00","no","photos/photo_344@13-05-2025_16-57-55.jpg","1","0","Психогомеопатия: Алхимия души.","5c7d793d16629d49b38dfd43d5c1baae76539d9a611dd2198ea89b526f67c73a","LAC HUMANUM Препарат, который создается на основе материнского молока. Очень особый препарат. Препарат актуален в ситуациях, когда внутри человека зияет дыра непринадлежности. Отсутствовал или прерывался контакт с материнской фигурой в раннем детстве. Или не было достаточно принятия и поддержки. Когда внутри пустота, оставленность, потеря сил. Препарат быстр","remedy_card","book_02","yes","yes","high","full_card","Lac Humanum","lac-humanum","message534","","Telegram Desktop/ChatExport_2026-09-04/messages.html","#message534"
"message-197","service","","no","","0","0","Психогомеопатия: Алхимия души.","e3b0c44298fc1c149afbf4c8996fb92427ae41e4649b934ca495991b7852b855","","service_history","service","no","no","high","none","","","","","Telegram Desktop/ChatExport_2026-09-04/messages.html","#message-197"
"message535","default","14.05.2025 08:18:19 UTC-05:00","no","photos/photo_345@14-05-2025_08-18-19.jpg","1","0","Психогомеопатия: Алхимия души.","cc1673de2aa91406f14c21845a7efdb64c18a659efc4f41b2122763c14b38dd0","Курс Коррекции Сценария (Гомеопатия 3 уровень) 3 неделя: Освобождение. 20 день - Звучание Пустоты. Взращивание ""Я есть"". Обнуление и перезагрузка первичного образа Я. Восстановление Ядра Личности. Обретение Себя. Тема: Я есть. Перезагрузка. - СОСТОЯНИЕ: Рассвет после долгой ночи. Поле после грозы. Рассвет еще туманный. А тело уставшее, как после шторма. Но в","theory_method","book_01","yes","yes","medium","none","","","","","Telegram Desktop/ChatExport_2026-09-04/messages.html","#message535"
"message537","default","14.05.2025 09:29:29 UTC-05:00","no","photos/photo_346@14-05-2025_09-29-29.jpg","1","0","Психогомеопатия: Алхимия души.","5d46dc05848306128e48bc3c41611912c1b983d5f94e87cf70c4764209473d81","Почему я провожу мистериальную работу по смене жизненных сценариев? Это соответствует моему профессиональному пути и внутреннему призванию. Меня зовут Андрей Литвинов . Я помогаю людям проходить глубинные трансформации — мягко, бережно и с опорой на древние и современные знания: СФЕРЫ МОЕЙ СПЕЦИАЛИЗАЦИИ: #1. Гомеопатия и расстановки (15 лет) Гомеопатия для м","subpersonality","book_03","yes","yes","medium","none","","","","","Telegram Desktop/ChatExport_2026-09-04/messages.html","#message537"
"message538","default","14.05.2025 18:16:08 UTC-05:00","no","","0","0","Психогомеопатия: Алхимия души.","2ae31a2879de257ea01a4f53d9fd6a85762c91b4767290a81f4e443d6486526a","СХЕМА КОРРЕКЦИИ СЦЕНАРИЯ (Трансформация Ядра Личности. Гомеопатия. Уровень 3) Это не просто лечение. Это путь трансформации. 8-недельная программа глубинной работы с внутренними сценариями, травматическим ядром личности и механизмами защиты. Она совмещает высокий потенциал гомеопатических препаратов и точную работу с подсознанием через образы, чувства и стру","subpersonality","book_03","yes","yes","medium","none","","","","","Telegram Desktop/ChatExport_2026-09-04/messages.html","#message538"
"message539","default","14.05.2025 19:47:28 UTC-05:00","no","photos/photo_347@14-05-2025_19-47-28.jpg","1","0","Психогомеопатия: Алхимия души.","76ba7525214ee3ff090578a02463d89ddfd745e04ed8447e8c12042b4eee7698","МЕСЯЦ 1. НЕДЕЛЯ 1. НАЧАЛО ПУТИ Активация Сценария. Когда мы запускаем процесс, ты вступаешь на путь трансформации и начинаешь видеть как через тело, события, отношения оживает и начинает звучать твой текущий сценарий. Но ты его уже не боишься. Ты его начинаешь наблюдать и записывать. Ключевая мысль: ""Симптом - не поломка, это послание"". НЕДЕЛЯ 2. ПРОБУЖДЕНИЕ","subpersonality","book_03","yes","yes","medium","none","","","","","Telegram Desktop/ChatExport_2026-09-04/messages.html","#message539"
"message540","default","14.05.2025 20:20:34 UTC-05:00","no","photos/photo_348@14-05-2025_20-20-34.jpg","1","0","Психогомеопатия: Алхимия души.","f38e0f6e756273f5fbb07fc8ff2d79fa73ae1d31542143e4644afa67b24cecbf","3 НЕДЕЛЯ ТРАНСФОРМАЦИИ Тема: Смелость и сила встречи с собой, какой ты есть, без масок, ложных целей и защит. Суть: Ты находишь свою силу просто в ""Я есть"". Разделяешь Боль, Роль и ""Я есть"". Не пытаешься быть кем-то. А возвращаешься к себе. ЭТАПЫ ПРОХОЖДЕНИЯ: День 15. Дружба с Цербером. Снятие автоматизма защит. День 16. Плач Персефоны. Контакт с ранней боль","other","out_of_scope","no","no","low","none","","","","","Telegram Desktop/ChatExport_2026-09-04/messages.html","#message540"
"message541","default","14.05.2025 20:45:30 UTC-05:00","no","","0","0","Психогомеопатия: Алхимия души.","9e718d266accc804fb1ddbe4e29b9da40ed98f4f33fb309f16fefde9a5c2d997","ВСПОМОГАТЕЛЬНЫЕ УПРАЖНЕНИЯ ДЛЯ ОТРАБОТКИ ПЕРЕХОДА 3й недели 15 день - Подружись и покорми Цербера 16 день. Плач Персефоны - Услышь откуда плач. Приблизься. Просто побудь рядом. 17 день. Стражи Аида - Посмотреть в лицо каждому сопротивлению, Тени-стражу, что она хочет сказать. - Лестница вглубь. Сверху есть свет, можно вернуться. Ты делаешь шаг вперед. День 1","other","out_of_scope","no","no","low","none","","","","","Telegram Desktop/ChatExport_2026-09-04/messages.html","#message541"
"message-198","service","","no","","0","0","Психогомеопатия: Алхимия души.","e3b0c44298fc1c149afbf4c8996fb92427ae41e4649b934ca495991b7852b855","","service_history","service","no","no","high","none","","","","","Telegram Desktop/ChatExport_2026-09-04/messages.html","#message-198"
"message542","default","15.05.2025 09:11:54 UTC-05:00","no","photos/photo_349@15-05-2025_09-11-54.jpg","1","0","Психогомеопатия: Алхимия души.","61f5975398a6694b6bcde9b1099ec27d0c76b9046049913fa676312e761c0202","КУРС КОРРЕКЦИИ СЦЕНАРИЯ (УРОВЕНЬ 3) Неделя 3. Переход. День 21 — Суд внутри. Тема: Освобождение от вины. Персефона обретает власть. Персефона еще в мире Аида, но принимает свою тень. Она уже не жертва - а царица. - СОСТОЯНИЕ: После 3х дней глубокой тьмы Njgredo, наступает рассвет. Это как утро после глубокой зимы, когда снег ещё не растаял, но в воздухе уже ","theory_method","book_01","yes","yes","medium","none","","","","","Telegram Desktop/ChatExport_2026-09-04/messages.html","#message542"
"message-199","service","","no","","0","0","Психогомеопатия: Алхимия души.","e3b0c44298fc1c149afbf4c8996fb92427ae41e4649b934ca495991b7852b855","","service_history","service","no","no","high","none","","","","","Telegram Desktop/ChatExport_2026-09-04/messages.html","#message-199"
"message543","default","16.05.2025 08:38:32 UTC-05:00","no","photos/photo_350@16-05-2025_08-38-32.jpg","1","0","Психогомеопатия: Алхимия души.","130522087d989fe4d30db9a63f6d8a0442dc202ff862e8a7c84578b3ea3b1c2f","Курс Коррекции Сценария 4 неделя: Смена сценария. День 22 — Фурии отступают Тема: Освобождение от стыда - СОСТОЯНИЕ: Наконец-то приходит мягкость, расслабление. Как будто таят сосульки весной. Приходят ангелы-помощники. Твой взгляд уже прямее. После напряжённого суда (21 день) еще может остаться внутри вибрация вины, злости, самобичевания. Фурии, Богини мест","other","out_of_scope","no","no","low","none","","","","","Telegram Desktop/ChatExport_2026-09-04/messages.html","#message543"
"message-200","service","","no","","0","0","Психогомеопатия: Алхимия души.","e3b0c44298fc1c149afbf4c8996fb92427ae41e4649b934ca495991b7852b855","","service_history","service","no","no","high","none","","","","","Telegram Desktop/ChatExport_2026-09-04/messages.html","#message-200"
"message544","default","17.05.2025 08:20:51 UTC-05:00","no","photos/photo_351@17-05-2025_08-20-51.jpg","1","0","Психогомеопатия: Алхимия души.","68c5ab8ab57507a54cc326e7986c26a4b555d088298701be3c5a4f726bf85500","Курс Коррекции Сценария. День 23. У берега Стикса. Лодка Харона. Перекресток Пути. Выход из Лабиринта. Тема: возможность отказа; свобода выбора. - Состояние Тишина после шторма. Ты аккуратно проверяешь старые реакции, модели Что норм, а от чего можно отказаться. Проходит разгрузка и очистка глубин памяти, которые задавали автоматизмы. Ты как бы отпускаешь уз","other","out_of_scope","no","no","low","none","","","","","Telegram Desktop/ChatExport_2026-09-04/messages.html","#message544"
"message545","default","17.05.2025 08:29:59 UTC-05:00","no","","0","0","Психогомеопатия: Алхимия души.","7997aed3261488a2289b5599a753b7b33c3371914d8bda382bbd0330cfa9ae89","КОРРЕКЦИЯ СЦЕНАРИЯ: Трансформация за 2 месяца! Изменения сценария жизни - это сложная, глубокая задача. В классической психотерапии, травмотерапии только на осознание и принятие сценария, травмы может уйти годы. Но! Архетипическая гомеопатия 3 уровня позволяет запустить перепрошивку сценария не за 2-3 года, а за 2 месяца! На бессознательном и телесном уровне","subpersonality","book_03","yes","yes","medium","none","","","","","Telegram Desktop/ChatExport_2026-09-04/messages.html","#message545"
"message546","default","17.05.2025 20:04:17 UTC-05:00","no","","0","0","Психогомеопатия: Алхимия души.","bf4e80eb61aff96dfdce78bd302a4d668cf4c3b007abe046e2447f70ca54c083","Я сожалею, что я сейчас основное внимания уделяю именно Курсу Трансформации Сценария, описывая его по дням (56 дней). Обьяснюсь. Этот процесс требует внимания. Это очень непростой процесс. В течении первого месяца участники ""проходят сквозь свою тьму"". У человека поднимаются его скрытые страхи, боли. Тело и ситуации начинают отражать то, что скрыто внутри. П","other","out_of_scope","no","no","low","none","","","","","Telegram Desktop/ChatExport_2026-09-04/messages.html","#message546"
"message-201","service","","no","","0","0","Психогомеопатия: Алхимия души.","e3b0c44298fc1c149afbf4c8996fb92427ae41e4649b934ca495991b7852b855","","service_history","service","no","no","high","none","","","","","Telegram Desktop/ChatExport_2026-09-04/messages.html","#message-201"
"message547","default","18.05.2025 09:13:09 UTC-05:00","no","photos/photo_352@18-05-2025_09-13-09.jpg","1","0","Психогомеопатия: Алхимия души.","86710d2acc1aeaa7771dc772bdc87059323256302c67367b9ed33858825717d7","МИСТЕРИИ ГРЕЦИИ Курс Корреции Сценария 24 день — Я есть Я. Я в мире и без маски. Возврашение Силы. Тема: Возвращение права быть собой среди других людей. Возвращение подлинного я в социальное пространство. - СОСТОЯНИЕ: Наконец-то возвращается четкость, смелость и сила. Приходит ясность, не эмоциональная, а структурная. Ты чувствуешь свои границы. Замечаешь м","other","out_of_scope","no","no","low","none","","","","","Telegram Desktop/ChatExport_2026-09-04/messages.html","#message547"
"message548","default","18.05.2025 11:42:35 UTC-05:00","no","photos/photo_353@18-05-2025_11-42-35.jpg","1","0","Психогомеопатия: Алхимия души.","1bf92fd298f921589ce539e395ba00decb7e260f793fd1617bcde43c9b75f321","МИСТЕРИИ ГРЕЦИИ Курс Коррекции Сценария 24 день - Я есть Я. Дополнительные образы/ упражнения для наработки качеств дня. #1. Упражнение «Мастерская Гефеста» Представь: ты в своей мастерской — глубоко под землёй или внутри сердца. Вокруг — инструменты, металл, огонь. Ты создаёшь предмет, отражающий твою подлинную суть — кривую, странную, упрямую, живую. К теб","other","out_of_scope","no","no","low","none","","","","","Telegram Desktop/ChatExport_2026-09-04/messages.html","#message548"
"message-202","service","","no","","0","0","Психогомеопатия: Алхимия души.","e3b0c44298fc1c149afbf4c8996fb92427ae41e4649b934ca495991b7852b855","","service_history","service","no","no","high","none","","","","","Telegram Desktop/ChatExport_2026-09-04/messages.html","#message-202"
"message549","default","19.05.2025 00:37:19 UTC-05:00","no","","0","0","Психогомеопатия: Алхимия души.","f6c4b4e4f3957c18593114580004409c8deb3530c37e338cd7594b6ef7273756","Курс АЛХИМИЯ ДУШИ: Это комплексная программа восстановления потенциалов личности и достижения целей. Оно проходит 3 этапа: * Ступень 1. Базовая гомеопатия. - Восстановление личных ресурсов и потенциалов, сил, здоровья, душевного равновесия, ускорение движения к целям. - Тело и психика человека обретает необходимую поддержку и начинает легче проявляться в дел","deep_alchemical","book_04","yes","yes","medium","none","","","","","Telegram Desktop/ChatExport_2026-09-04/messages.html","#message549"
"message550","default","19.05.2025 10:08:47 UTC-05:00","no","photos/photo_354@19-05-2025_10-08-47.jpg","1","0","Психогомеопатия: Алхимия души.","813c90c17a2d3b8afd56f8ab8ec22498d7636f4c29b1043c32074ab88a518154","Курс Коррекции Сценария: 4 неделя: Возвращение себя. ДЕНЬ 25 — Мост через Стикс . Тема: Выход из подземного мира. Ты уже другой. Утверждение своей Правды, силы в социуме. Внутреннее «нет». Готовность отпустить старую стратегию жизни. Возвращается не та Персефона, которая была. Возвращается Женщина, Царица прошедшая сквозь Тьму. СОСТОЯНИЕ: Чувство ""между мира","other","out_of_scope","no","no","low","none","","","","","Telegram Desktop/ChatExport_2026-09-04/messages.html","#message550"
"message551","default","19.05.2025 10:14:06 UTC-05:00","no","photos/photo_354@19-05-2025_10-08-47.jpg; photos/photo_354@19-05-2025_10-08-47_thumb (1).jpg","2","0","Психогомеопатия: Алхимия души.","c08a447334e1af1e551f9b87ebe0375785f85fd3f048661299821a9f97c9087b","Курс Коррекции Сценария: 4 неделя: Возвращение себя. ДЕНЬ 25 — Врата Жизни Мост через Стикс . Выход из Чистилища. Остановка Контракта. Тема: Выход из подземного мира. Возвращается не та Персефона, которая была. Возвращается Женщина, Царица прошедшая сквозь Тьму. Ты уже другой. Утверждение своей Правды, силы в социуме. - СОСТОЯНИЕ: Чувство ""между мирами"": вро","other","out_of_scope","no","no","low","none","","","","","Telegram Desktop/ChatExport_2026-09-04/messages.html","#message551"
"message552","default","19.05.2025 17:01:35 UTC-05:00","no","photos/photo_356@19-05-2025_17-01-35.jpg","1","0","Психогомеопатия: Алхимия души.","bcfee6af7a5bb3ed65557b54cef4ea9878bfaac9d55ed0bf80c7e357138985bd","LAC ASINUM (Lac ac.) Ослиное молоко. Недавно я начал работать ослиным молоком. Этот чудный препарат возвращает открытость к жизни! Он выводит из чувства жертвы и бессилия. ПОКАЗАНИЯ Препарат актуален для тех людей, которые мягкие, стараются быть удобными, добрыми, чтобы быть нужными, чтобы их любили. Но внутри накапливается усталость, обида и тоска. Препарат","remedy_card","book_02","yes","yes","high","full_card","Lac Asinum","lac-asinum","message552","","Telegram Desktop/ChatExport_2026-09-04/messages.html","#message552"
"message553","default","19.05.2025 18:58:54 UTC-05:00","no","","0","0","Психогомеопатия: Алхимия души.","59f7eca739831836e456e18ab4993618e87019fc2465fb2f1c9d17fa246f2b67","Дистанционная коррекция в гомеопатии. Прием гомеопатии внутрь - это подход классической школы гомеопатии. Современные школы используют альтернативные подходы. Опишу. #1. Воздействие на человека препаратами гомеопатии и натуропатии через его имя, волосы и т.п. проводят с помощью приборов биорезонанса, 30-60 мин /Tree of Life Acupuncture (Нью-Йорк, США) www.ne","deep_alchemical","book_04","yes","yes","medium","none","","","","","Telegram Desktop/ChatExport_2026-09-04/messages.html","#message553"
"message554","default","19.05.2025 20:01:25 UTC-05:00","no","","0","0","Психогомеопатия: Алхимия души.","7f3c354b5ea98b3ee1396f7cc65a0213354c16c4309e35724aaa32811d694c64","- В ЧЕМ ОСОБЕННОСТЬ препаратов высокой потенции d1000+? - Это вскрывающие препараты! Приведу пример: Staphysagria, препарат, который помогает отстоять свои границы. Препарат можно активировать в нескольких потенциях: - d6: снижает воспаления мочеполовой системы, кожи; - d9: дает внутреннюю стабилизацию, опору; - d30: дает смелость заявить о себе, отстоять гр","subpersonality","book_03","yes","yes","medium","mention_only","Staphysagria","staphysagria; staphysagria","","","Telegram Desktop/ChatExport_2026-09-04/messages.html","#message554"
"message-203","service","","no","","0","0","Психогомеопатия: Алхимия души.","e3b0c44298fc1c149afbf4c8996fb92427ae41e4649b934ca495991b7852b855","","service_history","service","no","no","high","none","","","","","Telegram Desktop/ChatExport_2026-09-04/messages.html","#message-203"
"message556","default","20.05.2025 10:01:01 UTC-05:00","no","photos/photo_357@20-05-2025_10-01-01.jpg","1","0","Психогомеопатия: Алхимия души.","37505ba23203825e1ca15cdd5304cc940858b3ce31ee8ad7edb53158df6e64c4","Курс Коррекции Сценария 4 неделя 26 день — Возвращение. Персефона выходит из Тени. Первый шаг Новой жизни. Тема: Рождение нового “Я”. Первая живая попытка быть иначе. СОСТОЯНИЕ: После перехода через Стикс (25 день) сегодня все звучит иначе, более ярко и непривычно. Уже есть желание проявить свое новое Я, но пока еще не очень ясно как. Возможна лёгкая пустота","other","out_of_scope","no","no","low","none","","","","","Telegram Desktop/ChatExport_2026-09-04/messages.html","#message556"
"message-204","service","","no","","0","0","Психогомеопатия: Алхимия души.","e3b0c44298fc1c149afbf4c8996fb92427ae41e4649b934ca495991b7852b855","","service_history","service","no","no","high","none","","","","","Telegram Desktop/ChatExport_2026-09-04/messages.html","#message-204"
"message557","default","21.05.2025 10:24:30 UTC-05:00","no","photos/photo_358@21-05-2025_10-24-30.jpg","1","0","Психогомеопатия: Алхимия души.","acfbc2f64a564d6c0f480206d0a9e704709968c572df9ef1980cb9f28ff10a15","Курс Коррекции Сценария 4 неделя: Освобождение. День 27. Разрыв контракта. Начало нового. Первый запах мечты. Тема: Освобождение от старого. Я знаю, кем я стал. Я не спешу. СОСТОЯНИЕ: Сегодня ты уже чувствуешь: “ Я не принадлежу прошлому.” Есть внутренняя тишина и решимость. Это ритуальный момент зрелости. Ты чувствуешь себя свободным — даже если ещё не знае","other","out_of_scope","no","no","low","none","","","","","Telegram Desktop/ChatExport_2026-09-04/messages.html","#message557"
"message559","default","21.05.2025 16:56:11 UTC-05:00","no","photos/photo_359@21-05-2025_16-56-11.jpg","1","0","Психогомеопатия: Алхимия души.","f8155cb823332d9940083bce02bfd933c3a6de8777a20fe0bad0e362b70a9b9f","ОСОБЕННОСТЬ ПРЕПАРАТОВ ВЫСОКОЙ ПОТЕНЦИИ (d1000). Они не поддерживают, а вскрывают. #1. Препараты низких потенций снимают напряжение души и тела, восполняют ресурс, мягко поддерживают человека к его целям. #2. Препараты высоких потенций снимают маски, защиты, сценарии. Человек ощущает себя, как есть. И начинает заново создавать модель своей жизни. КАК ПРЕПАРА","theory_method","book_01","yes","yes","medium","none","","","","","Telegram Desktop/ChatExport_2026-09-04/messages.html","#message559"
"message560","default","21.05.2025 18:33:38 UTC-05:00","no","","0","0","Психогомеопатия: Алхимия души.","ee042de48986824a8cedff71e27a517bda7a94047c3bd8e1d2a18e5ea10387f0","ПРОСТРАНСТВО ТРАНСФОРМАЦИИ (Пространство Защиты). Где-то к 25 дню трансформации слетают прежние маски. Ты уже не хочешь играть прошлые роли. Старый образ уже уходит, а новый еще не проявился. И здесь важно наработать личные ОПОРЫ. КАК НАРАБОТАТЬ ОПОРЫ? Есть несколько сфер: #1. Телесная опора (контакт с телом, опора на себя) - перемещение веса - медленная пох","subpersonality","book_03","yes","yes","medium","none","","","","","Telegram Desktop/ChatExport_2026-09-04/messages.html","#message560"
"message561","default","21.05.2025 22:01:16 UTC-05:00","no","","0","0","Психогомеопатия: Алхимия души.","2910d48615589ee69b423dfca7dc2c5c5f886b464d58de18cbec3e40aee08f89","По сути Гомеопатия 3 уровня (Коррекция Сценария) - это глубинная коррекция самой слабой, травмированной субличности, которая создала много защит: сценарий жизни. Мы проходим сквозь саркофаг защит, находим в нем свою душу (Персефону в подземелье Аида), даем ей поддержку и интегрируем свою тень (свой вытесненный ресурс). Но для такой глубокой работы, желательн","subpersonality","book_03","yes","yes","medium","none","","","","","Telegram Desktop/ChatExport_2026-09-04/messages.html","#message561"
"message562","default","21.05.2025 22:42:10 UTC-05:00","no","","0","0","Психогомеопатия: Алхимия души.","ac3dcc0e98a2d7d79247cbdb6eb5153a88f84c4f3910686d9f872f141f90a894","Что происходит с Базовой травмированной субличностью (сценарием) в рамках Курса трансформации: МЕСЯЦ 1. - 1 неделя: Субличность и ее страдание проявляется из под маски привычного сценария. Симптом активируется. - 2 неделя: Крик субличности. Признание глубины ее боли и проявления. Симптом реагирует на эмоции. - 3 неделя: Разговор с субличностью и ее первое об","subpersonality","book_03","yes","yes","medium","none","","","","","Telegram Desktop/ChatExport_2026-09-04/messages.html","#message562"
"message-205","service","","no","","0","0","Психогомеопатия: Алхимия души.","e3b0c44298fc1c149afbf4c8996fb92427ae41e4649b934ca495991b7852b855","","service_history","service","no","no","high","none","","","","","Telegram Desktop/ChatExport_2026-09-04/messages.html","#message-205"
"message563","default","22.05.2025 09:20:28 UTC-05:00","no","photos/photo_360@22-05-2025_09-20-28.jpg","1","0","Психогомеопатия: Алхимия души.","2fcafb75abd3ed46a27789a2933d6fa4bb69e196b70855026dc02fc287e2a2b2","Курс «Коррекции Сценария»: Неделя 4. ДЕНЬ 28 — Возвращение к свету Тема: Я вышел. Я другой. Я стою в свете — с собой. СОСТОЯНИЕ: Значительно больше решительности, уверенности, опоры на себя. Ты завершил глубинный путь. Ты не борешься, не защищаешься, не ищешь — ты присутствуешь. Это новое качество тишины : не пустота, а наполненность . Ты не ждёшь доказатель","other","out_of_scope","no","no","low","none","","","","","Telegram Desktop/ChatExport_2026-09-04/messages.html","#message563"
"message-206","service","","no","","0","0","Психогомеопатия: Алхимия души.","e3b0c44298fc1c149afbf4c8996fb92427ae41e4649b934ca495991b7852b855","","service_history","service","no","no","high","none","","","","","Telegram Desktop/ChatExport_2026-09-04/messages.html","#message-206"
"message564","default","23.05.2025 10:39:59 UTC-05:00","no","photos/photo_361@23-05-2025_10-39-59.jpg","1","0","Психогомеопатия: Алхимия души.","27d4674bab3b9279ba3fea677d52b50dd91f52c82cddc74563fd9e1f0371f9c4","Курс Коррекции Сценария. Неделя 5. День 29. Посадка семени. Первый выбор. Тема: Ты не должен — ты выбираешь. Новое поведение без усилия. Я проявляюсь не чтобы понравиться. Я учусь быть собой среди других. СОСТОЯНИЕ: Возможно легкая робость или азарт. После 28 дня тишины и внутреннего укоренения, внутри появляется импульс к действию . Приходит желание сделать","other","out_of_scope","no","no","low","none","","","","","Telegram Desktop/ChatExport_2026-09-04/messages.html","#message564"
"message565","default","23.05.2025 18:05:35 UTC-05:00","no","photos/photo_362@23-05-2025_18-05-35.jpg","1","0","Психогомеопатия: Алхимия души.","d118a293db763063d83fcdf6b05e5ce2783f25ba1341c91dc5948eca722388fa","CINCHONA (хинна) Чудесный препарат, который возвращает разорванные связи. Если вы избегаете кого-то, стыдитесь, разочаровались, боитесь предательства - этот препарат опять запускает волну жизни в ваши отношения. В отношения с миром и собой. Мягко зажигается надежда на близость и огоньки чувств. ПОКАЗАНИЯ: - препарат подходит когда жизнь кажется потеряла радо","remedy_card","book_02","yes","yes","high","full_card","Cinchona","cinchona","message565","","Telegram Desktop/ChatExport_2026-09-04/messages.html","#message565"
"message566","default","23.05.2025 18:29:58 UTC-05:00","no","photos/photo_363@23-05-2025_18-29-58.jpg","1","0","Психогомеопатия: Алхимия души.","9cbd72eebd0fb9a2e90fdfce478788854879274dfae0248e9791196b1158ec9c","CINCHONA — возвращение света Я отдавал себя без счёта — в заботу, в близость, в яркий смех. И вдруг остался без чего-то, что называл себе — «я есть». Я был как чаша, что пустела, с улыбкой — даже в серой мгле. Я душу прятал за весельем, чтоб не просить: «а дайте мне…» Но ночь упала. И в паденье Я вдруг услышал: «ты живой». И с этой болью — откровенье: ты мож","remedy_card_support","book_02","yes","yes","high","supporting_post","Cinchona","cinchona","message565","","Telegram Desktop/ChatExport_2026-09-04/messages.html","#message566"
"message567","default","23.05.2025 21:05:23 UTC-05:00","no","","0","0","Психогомеопатия: Алхимия души.","db94e22147363a30ac64d7e45a08908609d1c8d8aaaff95560549aa60c26f217","КОРРЕКЦИЯ СЦЕНАРИЯ. - Зачем я описываю процесс как каждый день идет развитие сценария на 3м уровне гомеопатии? - Есть нюанс: 1) смена сценария происходит на 50% благодаря препаратам гомеопатии (травма перерабатывается и ты уже не так прячешься за старые сценарии-защиты), 2) а на вторые 50% смена сценария происходит благодаря осознанию того, что происходит вн","theory_method","book_01","yes","yes","medium","none","","","","","Telegram Desktop/ChatExport_2026-09-04/messages.html","#message567"
"message-207","service","","no","","0","0","Психогомеопатия: Алхимия души.","e3b0c44298fc1c149afbf4c8996fb92427ae41e4649b934ca495991b7852b855","","service_history","service","no","no","high","none","","","","","Telegram Desktop/ChatExport_2026-09-04/messages.html","#message-207"
"message569","default","24.05.2025 14:02:31 UTC-05:00","no","photos/photo_364@24-05-2025_14-02-31.jpg","1","0","Психогомеопатия: Алхимия души.","ad3b5d26b3be1dcd44628db604a1e95b3d059b5c2b94d949ff99a6c8b9fc241c","Коррекция Сценария 5 неделя: возрождение. 30 день. Право быть собой. Новая модель в действии. Возвращение героя с даром. Возвращение в свой дом/ храм. Тема: Ты уже живёшь иначе. Это видно. Это реально. СОСТОЯНИЕ: 30 день — это первая фиксация нового сценария . Ты уже не просто чувствуешь себя иначе ты действуешь иначе. Реагируешь спокойнее, не молчишь, когда","other","out_of_scope","no","no","low","none","","","","","Telegram Desktop/ChatExport_2026-09-04/messages.html","#message569"
"message570","default","24.05.2025 22:06:42 UTC-05:00","no","photos/photo_365@24-05-2025_22-06-42.jpg","1","0","Психогомеопатия: Алхимия души.","4e50c25ee8f5a1fa0a70e02d29858a00c8152ef219c7a353c4b345b2e59f8801","MERCURIOUS SOLUBILIS (ртуть). Удивительный препарат, который помогает найти свой огонь в хаосе тьмы (NIGREDO) и выбраться к свету. Препарат стабилизирует и поддерживает, когда ты во мраке. И, как Меркурий, проводит сквозь хаос к твоему внутреннему сиянию. ПРЕПАРАТ АКТУАЛЕН : при ранних травмах развития: - когда родители агрессивны и манипулятивны (ядовиты) -","remedy_card","book_02","yes","yes","high","full_card","Mercurius solubilis","mercurius-solubilis","message570","","Telegram Desktop/ChatExport_2026-09-04/messages.html","#message570"
"message-208","service","","no","","0","0","Психогомеопатия: Алхимия души.","e3b0c44298fc1c149afbf4c8996fb92427ae41e4649b934ca495991b7852b855","","service_history","service","no","no","high","none","","","","","Telegram Desktop/ChatExport_2026-09-04/messages.html","#message-208"
"message571","default","25.05.2025 09:30:38 UTC-05:00","no","photos/photo_366@25-05-2025_09-30-38.jpg","1","0","Психогомеопатия: Алхимия души.","fa1d2fe6c7a788c04cfb191011fd457723e686d39360c5cf7b322901ea2b5e2c","Курс Коррекции Сценария. 5 неделя. Возвращение. 31 день: Одиссей - хозяин Итаки. Закрепление себя в своем мире Тема: Я могу быть собой — не иногда, а устойчиво. Мир начинает перестраиваться под мою правду. СОСТОЯНИЕ: Это день приятного импульса жить дальше. Если 30 день - уякоренение в своей правде, 31 день - свое проявление, просто потому что хочется. Мир у","other","out_of_scope","no","no","low","none","","","","","Telegram Desktop/ChatExport_2026-09-04/messages.html","#message571"
"message572","default","25.05.2025 16:08:44 UTC-05:00","no","","0","0","Психогомеопатия: Алхимия души.","f949f46a49696a8f16a12e314380491aa398dd4ee1da92a35c988b12ce4ffc8a","Я стал все больше интересоваться препаратом Mercurius Solubilis. У него очень интересные свойства. Он как кот, может мягко пройти и поддерживать ранние субличности. Этот поток не навязывает ничего, не подталкивает, а просто дает ощущение: ""Я есть"". ""Я здесь"". Он не требует реакции, а значит легко проходит защиты. Он как Меркурий, проникакт в удаленные грани ","subpersonality","book_03","yes","yes","medium","mention_only","Mercurius solubilis","mercurius-solubilis; mercurius-solubilis","","","Telegram Desktop/ChatExport_2026-09-04/messages.html","#message572"
"message-209","service","","no","","0","0","Психогомеопатия: Алхимия души.","e3b0c44298fc1c149afbf4c8996fb92427ae41e4649b934ca495991b7852b855","","service_history","service","no","no","high","none","","","","","Telegram Desktop/ChatExport_2026-09-04/messages.html","#message-209"
"message573","default","26.05.2025 13:42:58 UTC-05:00","no","photos/photo_367@26-05-2025_13-42-58.jpg","1","0","Психогомеопатия: Алхимия души.","0da549f51df0dba2578abd7952c1945ae3e62e55fd85a43901cecd51efd851e5","Коррекция сценария 5 неделя. Возвращение 32 день — Импульс к Жизни. Первая в стреча с Пенелопой. Выход из укрытия. Тема: Я могу быть с другими, оставаясь собой. СОСТОЯНИЕ: Стабильность с элементами нежности. Появляется интерес смотреть наружу, в мир, но с осторожностью. Может появитьчя легкая грусть, как оттепель. Это день пробы контакта. Приближения к друго","other","out_of_scope","no","no","low","none","","","","","Telegram Desktop/ChatExport_2026-09-04/messages.html","#message573"
"message574","default","26.05.2025 16:00:01 UTC-05:00","no","photos/photo_368@26-05-2025_16-00-01.jpg","1","0","Психогомеопатия: Алхимия души.","343ad51dbde9752e269f16ef8b10e765de26ecfd8a80febedf57f85b4437542f","АРХЕТИПИЧЕСКАЯ ГОМЕОПАТИЯ И ЕГИПЕТСКАЯ МАГИЯ Поддежка здоровья в тонких состояниях. Я открыл новый вектор в своей практике — поддержка ослабленного организма в сложных и пограничных состояниях. Это требует предельной точности: важны не только препарат и потенция, но даже время коррекции, направление воздействия и длительность паузы. В процессе исследований я","subpersonality","book_03","yes","yes","medium","mention_only","Carbo vegetabilis","carbo-vegetabilis; carbo-vegetabilis","","","Telegram Desktop/ChatExport_2026-09-04/messages.html","#message574"
"message575","default","26.05.2025 21:01:52 UTC-05:00","no","photos/photo_369@26-05-2025_21-01-52.jpg","1","0","Психогомеопатия: Алхимия души.","ed82e7223d55761157be43fcf0d9d38477f311497a83e5d827fd8b0e59c1e7ea","PHYTOLACCA DECANDRA (Фитолакка) Препарат невыраженной глубинной боли. Он помогает получить выдержку и опору в сложных ситуациях. Распустить узел боли. Препарат выводит человека из архетипа ""подавленной агрессии"", ""замершего крика"". Выводит из темноты страха и никчемности. Помогает перейти границу от изоляции к робкому интересу и попытке контакта. Ключевое: р","remedy_card","book_02","yes","yes","high","full_card","Phytolacca Decandra","phytolacca-decandra","message575","","Telegram Desktop/ChatExport_2026-09-04/messages.html","#message575"
"message-210","service","","no","","0","0","Психогомеопатия: Алхимия души.","e3b0c44298fc1c149afbf4c8996fb92427ae41e4649b934ca495991b7852b855","","service_history","service","no","no","high","none","","","","","Telegram Desktop/ChatExport_2026-09-04/messages.html","#message-210"
"message576","default","27.05.2025 12:42:30 UTC-05:00","no","photos/photo_370@27-05-2025_12-42-30.jpg","1","0","Психогомеопатия: Алхимия души.","3c0d6c1cfde33fa77abed60efce5f808dc69e16cce26d24a2b24866105264ef3","Коррекция Сценария 5 неделя 33 день — Узнавание. Точка «да» Тема: Я вижу тебя. И остаюсь собой. Теперь мы можем быть рядом по-новому. СОСТОЯНИЕ: Появляется внутренняя тишина и собранность. Это время проявления, простых реальных шагов к мечте. Ты стоишь — в своей правде, в своём ритме. И теперь наступает момент, когда другой смотрит — и узнаёт тебя. Это не вс","subpersonality","book_03","yes","yes","medium","none","","","","","Telegram Desktop/ChatExport_2026-09-04/messages.html","#message576"
"message-211","service","","no","","0","0","Психогомеопатия: Алхимия души.","e3b0c44298fc1c149afbf4c8996fb92427ae41e4649b934ca495991b7852b855","","service_history","service","no","no","high","none","","","","","Telegram Desktop/ChatExport_2026-09-04/messages.html","#message-211"
"message578","default","28.05.2025 17:00:22 UTC-05:00","no","photos/photo_371@28-05-2025_17-00-22.jpg","1","0","Психогомеопатия: Алхимия души.","d6c9e11f312cc5c8badc6e5a57ac22416de6ccee2910d0ad1e8d69a0c83b115e","Коррекция Сценария 5 неделя. 5.7. 34 день. Зрелость встречи. Слияние близости и свободы. Признание любви, отпускание зависимости. Врата к Зрелости Духа. Тема: Я могу быть в “мы” — не теряя “я”. СОСТОЯНИЕ: - Внутреннее спокойствие с элементами готовности. - Пробуждение зрелой правды: ты знаешь, что тебе нужно, что подходит, а что — больше нет. - Возможна лёгк","other","out_of_scope","no","no","low","none","","","","","Telegram Desktop/ChatExport_2026-09-04/messages.html","#message578"
"message579","default","28.05.2025 18:59:44 UTC-05:00","no","photos/photo_372@28-05-2025_18-59-44.jpg","1","0","Психогомеопатия: Алхимия души.","3e90bcc4fc59923c8134d1738abf9da89b2d4e34ba3c2fa3161a52ee62f3f207","АРХЕТИПИЧЕСКАЯ ТЕРАПИЯ + психогомеопатия. Сейчас в работе с целями и травмами души мы в работе объединяем 3 подхода: #1. ОБРАЗНАЯ ТЕРАПИЯ (МИСТЕРИИ). Мы находим ранние травмированные части души через образы, расстановки и даем им ресурс через образы из сказок и мифов. Коллективное бессознательное помогает исцелить ранние травмы. - Это как песчинка, которая, ","subpersonality","book_03","yes","yes","medium","none","","","","","Telegram Desktop/ChatExport_2026-09-04/messages.html","#message579"
"message580","default","28.05.2025 19:27:40 UTC-05:00","no","photos/photo_373@28-05-2025_19-27-40.jpg","1","0","Психогомеопатия: Алхимия души.","c73516c12d526eddaa9476382e9868418203a27f6bbf0e4d348a049f9edd351d","КАК ПРОХОДИТ АРХЕТИПИЧЕСКАЯ ТЕРАПИЯ (Приведу пример) В терапии у клиента выявился конфликт субличностей, который проявился в образе Волка и Красной Шапочки. Причем, - волк как раз хотел внимания и любви, - а красная шапочка его презирала и избегала. По факту это две субличности, каждая из которых несёт в себе травму: страх отвержения, нехватку признания и т.","deep_alchemical","book_04","yes","yes","medium","mention_only","Mercurius solubilis","mercurius-solubilis; mercurius-solubilis","","","Telegram Desktop/ChatExport_2026-09-04/messages.html","#message580"
"message581","default","28.05.2025 20:03:23 UTC-05:00","no","photos/photo_374@28-05-2025_20-03-23.jpg","1","0","Психогомеопатия: Алхимия души.","23aaa3530aa2161157de1224ccb009af78890d69aa9f981b1555bdd3143be6d4","✨ АРТЕФАКТЫ И МЕСТА СИЛЫ В АРХЕТИПИЧЕСКОЙ ТЕРАПИИ (Пример: Волк и Красная Шапочка) Это дополнительный инструмент, который может повлиять на расстановку внутренних образов. Если взять тот же кейс, с Волком и Красной шапочкой, терапия и гомеопатия запускают трансформацию. Но если процесс идет медленно, можно его ускорить через артефакты. Расскажу, как работают","subpersonality","book_03","yes","yes","medium","none","","","","","Telegram Desktop/ChatExport_2026-09-04/messages.html","#message581"
"message-212","service","","no","","0","0","Психогомеопатия: Алхимия души.","e3b0c44298fc1c149afbf4c8996fb92427ae41e4649b934ca495991b7852b855","","service_history","service","no","no","high","none","","","","","Telegram Desktop/ChatExport_2026-09-04/messages.html","#message-212"
"message582","default","29.05.2025 10:32:38 UTC-05:00","yes","photos/photo_375@29-05-2025_10-32-38.jpg","1","0","Психогомеопатия: Алхимия души.","397bdb5686b2c3be62ab46528436d223d9fcbcc9c759ef6b81e533c34155d2e3","АКЦИЯ — ДАОССКОЕ ГАДАНИЕ И ПОДСКАЗКИ ИЦЗИН Первым 3 участникам — бесплатно! Я нарабатываю новые методы работы с Даосским Пантеоном и ИЦзином — древней системой предсказаний. В рамках этой практики я предлагаю каждому по одному вопросу в подарок ! Как проходит работа: 1. Напишите мне в личные сообщения: t.me/AndyTherapist , кратко опишите ваш вопрос или ситуа","deep_alchemical","book_04","yes","yes","medium","none","","","","","Telegram Desktop/ChatExport_2026-09-04/messages.html","#message582"
"message583","default","29.05.2025 10:58:41 UTC-05:00","no","","0","0","Психогомеопатия: Алхимия души.","b9e47f0c22a3749008d1313700d6e5a1ed4592c9188b3610e9da7e9b4e761211","АРХЕТИПИЧЕСКАЯ ТЕРАПИЯ + психогомеопатия ФОРМАТЫ РАБОТЫ : #1. Экспресс-диагностика: Расстановка, анализ ситуации, решения: БЕСПЛАТНО. #2. Расширенная диагностика Анализ ситуации + подсказки и рекомендации от Даосской Традиции: ДОНЕЙШН. Детали: t.me/psychic_alchemy/582 #3. Краткая сесся 1 уровня (Разбор ситуации + препараты гомеопатии ): 50€. #4. Расширенная ","deep_alchemical","book_04","yes","yes","medium","none","","","","","Telegram Desktop/ChatExport_2026-09-04/messages.html","#message583"
"message584","default","29.05.2025 12:46:57 UTC-05:00","no","photos/photo_376@29-05-2025_12-46-57.jpg","1","0","Психогомеопатия: Алхимия души.","36eba1d65397ed6e1f70051e03e390fc10a7dfe0fb0a7183180f8400e24c25c4","ОБНОВЛЕНИЕ Раньше в психогомеопатии я работал восновном с одним интроектом (образом) - это Я, в мире. Мы через препараты взращивали Я, оно становилось более смелое, любимое, яркое и т.д. Но сейчас я прихожу к пониманию, что Мир - это ведь тоже интроект (внутренний образ). И реальная реакция мира (поддержка или отвержение), обычно соответствует тому сценарию,","theory_method","book_01","yes","yes","medium","none","","","","","Telegram Desktop/ChatExport_2026-09-04/messages.html","#message584"
"message585","default","29.05.2025 17:30:15 UTC-05:00","no","photos/photo_377@29-05-2025_17-30-15.jpg","1","0","Психогомеопатия: Алхимия души.","f3259ac0d6f274ba8eb9865665c2d000afcbd55849a5c9de7a4cfa85ac2fb176","ПРИМЕР РАБОТЫ С внутренними образами (интроектами). Работаю с клиентом. Страх ряда событий в мире у клиента связывается с образом Кая во дворце Снежной Королевы. В терапии, что любопытно, мы работаем и с образом Кая, и с образом Снежной Королевы. Они отражают сценарий клиента с разных сторон: * Снежная королева - сценарий ""все контролировать"". Корень - нет у","theory_method","book_01","yes","yes","medium","mention_only","Ignatia Amara","ignatia-amara","","","Telegram Desktop/ChatExport_2026-09-04/messages.html","#message585"
"message586","default","29.05.2025 19:34:38 UTC-05:00","no","photos/photo_378@29-05-2025_19-34-38.jpg","1","0","Психогомеопатия: Алхимия души.","8df6e3b88c000c3ee360debdebef36ead7887e6f9d1e02a7556dc0aa7598205c","Коррекция сценария 5 неделя. 5.7 35 день — Начало Пути. Выход в Мир с новым ""Я"". Это не выход из миров Аида, не выход из укрытия - это начало созидания нового листа своей жизни. Тема дня: ""Я готов идти. В мир. В путь. Мне нет нужды спрятаться. Нет страха потерять себя."" Состояние: Появляется ощущение: я имею право жить, говорить, хотеть, чувствовать. Растет ","other","out_of_scope","no","no","low","none","","","","","Telegram Desktop/ChatExport_2026-09-04/messages.html","#message586"
"message-213","service","","no","","0","0","Психогомеопатия: Алхимия души.","e3b0c44298fc1c149afbf4c8996fb92427ae41e4649b934ca495991b7852b855","","service_history","service","no","no","high","none","","","","","Telegram Desktop/ChatExport_2026-09-04/messages.html","#message-213"
"message587","default","30.05.2025 08:13:12 UTC-05:00","no","photos/photo_379@30-05-2025_08-13-12.jpg","1","0","Психогомеопатия: Алхимия души.","5cf5e69341b159f73ef8c3fbeabd442e1dc29cc0600add9395a4a157f1e55ebe","КАКОЙ ВЫБРАТЬ КУРС в психогомеопатии? 1. Курс 1го уровня ""Освобождение"" направлен на снятие стрессов, ступоров к симптомам, отношениям, деньгам. Эта программа очень мягко поддерживает личность, чтобы у человека появилось больше энергии, свободы и уверенности действовать в тех сферах, которые ему актуальны. Длительность: 4 сессии. 2. Курс 2го уровня ""Сборка Я","deep_alchemical","book_04","yes","yes","medium","none","","","","","Telegram Desktop/ChatExport_2026-09-04/messages.html","#message587"
"message588","default","30.05.2025 08:14:41 UTC-05:00","yes","","0","0","Психогомеопатия: Алхимия души.","c43537011e6c2de419dc1b04483554a3047552bdb8b7e6fb7ed2f84212f573b1","Все началось с моего запроса: ступор перед амбициозными проектами. Я рассчитывал на точечное решение ступора гомеопатией и ожидал, что меня за недельку отпустит заме но и я возьмусь решать проект, с которым у меня возникли трудности из серии ""хочу, но трудные чувства и вместо действия - ступор и апатия"". Андрей предложил 8 фраз и ""уровней"" на которых проявля","theory_method","book_01","yes","yes","medium","none","","","","","Telegram Desktop/ChatExport_2026-09-04/messages.html","#message588"
"message589","default","30.05.2025 19:24:06 UTC-05:00","no","photos/photo_380@30-05-2025_19-24-06.jpg","1","0","Психогомеопатия: Алхимия души.","b3a9a562b95c5b945f50834ee53f4364a07eacafab3754b7521edfa0710cdec4","Курс Коррекции Сценария 6 неделя. 6.1. 36 день — Отправление корабля Арго . Тема: Начало плавания. Первые шаги в новый мир из своей ценности. Аргонавты отправляются в путь. Состояние . Волнительно, но без паники. Внутри есть готовность к действию, предвкушение перемен. Смесь воодушевления и лёгкой тревоги («Смогу ли я?»). Появляется интерес к людям и ситуаци","other","out_of_scope","no","no","low","none","","","","","Telegram Desktop/ChatExport_2026-09-04/messages.html","#message589"
"message-214","service","","no","","0","0","Психогомеопатия: Алхимия души.","e3b0c44298fc1c149afbf4c8996fb92427ae41e4649b934ca495991b7852b855","","service_history","service","no","no","high","none","","","","","Telegram Desktop/ChatExport_2026-09-04/messages.html","#message-214"
"message590","default","31.05.2025 14:03:45 UTC-05:00","no","photos/photo_381@31-05-2025_14-03-45.jpg","1","0","Психогомеопатия: Алхимия души.","9df0421c871a492d89ab54e186c47d88e6f5fca39a19e7f776bccedf6089ff7a","МНОЖЕСТВЕННАЯ ЛИЧНОСТЬ Основной принцип здоровья в современной психологии: наличие единой, целостной личности. Но психогомеопатия показывает, что личность скорее похожа на капусту и состоит из разных слоев. Причем эти слои могут очень отличаться от друга, иметь разные желания, разные травмы и потребности. И с каждым годом, с новым стрессом человек получает н","subpersonality","book_03","yes","yes","medium","none","","","","","Telegram Desktop/ChatExport_2026-09-04/messages.html","#message590"
"message591","default","31.05.2025 14:08:18 UTC-05:00","no","photos/photo_382@31-05-2025_14-08-18.jpg","1","0","Психогомеопатия: Алхимия души.","007f6f6341716256fe29c3b9d95a1f8fc0c466447cc5acf71c4f29237e9c6927","ОБНОВЛЕНИЯ. РАННИЕ ФОТО. В последнее время я начал сравнивать эффект воздействия по фотографиям разного возраста. Это удивительно, но именно через фото очень раннего возраста можно найти контакт с очень ранними травмами и сценариями человека. На сессиях расширенной гомеопатии мы это делаем через мандалы и рисунки. Но ваши ранние фото так же могут быть полезн","deep_alchemical","book_04","yes","yes","medium","none","","","","","Telegram Desktop/ChatExport_2026-09-04/messages.html","#message591"
"message592","default","31.05.2025 20:37:48 UTC-05:00","no","photos/photo_383@31-05-2025_20-37-48.jpg","1","0","Психогомеопатия: Алхимия души.","8844f54af333076870f573c2027a7520b212813166790fb91362ea8a605a0e8b","Коррекция Сценария Жизни 6 неделя 6.2. 📅 37 день — Отплытие. Отпускание берег а. Проба мира. 🌊 Тема: Начало пути. Мягкое отпускание старого сценария, ""береговой линии"" (прежние роли, страхи, зависимости). Состояние: Больше спокойствия. Усталость но любопытство к новому. Интерес, но настороженность. Тёплая благодарность к старому опыту. Лёгкая тревога: «А с","other","out_of_scope","no","no","low","none","","","","","Telegram Desktop/ChatExport_2026-09-04/messages.html","#message592"
"message593","default","31.05.2025 21:23:17 UTC-05:00","no","photos/photo_384@31-05-2025_21-23-17.jpg","1","0","Психогомеопатия: Алхимия души.","772b65f842585f22260c9b83784eca6715c2276fa0e8a18db54ec4a392d9d0e8","АРХЕТИПИЧЕСКАЯ ГОМЕОПАТИЯ + Подкачка Цели Новый формат . Очень часто (примерно в половине случаев) запросы ко мне связаны с увеличением доходов. #1. Обычный способ решения этой задачи в гомеопатии это: — укрепление субличностей, — повышение личной уверенности, — смена жизненного сценария. Это приводит к новому качеству отношений и росту доходов. 2. Но есть и","subpersonality","book_03","yes","yes","medium","none","","","","","Telegram Desktop/ChatExport_2026-09-04/messages.html","#message593"
"message594","default","31.05.2025 22:02:52 UTC-05:00","no","photos/photo_385@31-05-2025_22-02-52.jpg","1","0","Психогомеопатия: Алхимия души.","f4dc0005d5aa0984e7f35a96584ab684ff1490f811f963b9f5573599bd54d5c7","ВАРИАНТЫ МОИХ РАСШИРЕННЫХ СЕССИЙ Каждая расширенная сессия — это путешествие вглубь себя, где мы исследуем внутренние источники силы и запускаем импульс перемен к лучшему. Эти сессии значимо меняют человека и его жизнь. Каждая сессия включает: 🔍 Анализ/разбор ситуации 💊 Поддержку через гомеопатию. 🎯 Плюс Специальную коррекцию. Подходящий формат спец корре","deep_alchemical","book_04","yes","yes","medium","none","","","","","Telegram Desktop/ChatExport_2026-09-04/messages.html","#message594"
"message-215","service","","no","","0","0","Психогомеопатия: Алхимия души.","e3b0c44298fc1c149afbf4c8996fb92427ae41e4649b934ca495991b7852b855","","service_history","service","no","no","high","none","","","","","Telegram Desktop/ChatExport_2026-09-04/messages.html","#message-215"
"message596","default","01.06.2025 12:05:28 UTC-05:00","no","","0","0","Психогомеопатия: Алхимия души.","079f10c330181f509c96caf5188d6e044b8642c4b53d92b2d45b0abc507e5b90","ВОПРОСЫ ЗАЩИТЫ - в магии - и в гомеопатии. 1) В гомеопатии мы считаем, что внутреннее чувство угрозы связано с ранней травмой потери безопасности. Потому мы находим раннюю субличность в стрессе и укрепляем ее. Для этого используются препараты на основе кремния, железа и т.п. 2) В магии мы часто укрепляем человека в целом через архетипические образы (щит, меч","subpersonality","book_03","yes","yes","medium","none","","","","","Telegram Desktop/ChatExport_2026-09-04/messages.html","#message596"
"message598","default","01.06.2025 22:32:42 UTC-05:00","no","photos/photo_386@01-06-2025_22-32-42.jpg","1","0","Психогомеопатия: Алхимия души.","d87793b121842710092cc77e9b72e64645f8f3684d448cfaf450c16c88d9d3a0","🌊 38 день — Первые Волны. Проверка пути . Реальные испытания. Укрепление опоры. Взросление в уже новом сценарии. 🌊 Тема: Первые «волны»: эмоциональные качели и испытания. Проверка решимости. 1️⃣ Состояние: Эмоциональные колебания: вдохновение чередуется с лёгким страхом. Интерес к новому сценарию, но и страх вернуться в старое. Появляется стремление «верну","theory_method","book_01","yes","yes","medium","none","","","","","Telegram Desktop/ChatExport_2026-09-04/messages.html","#message598"
"message-216","service","","no","","0","0","Психогомеопатия: Алхимия души.","e3b0c44298fc1c149afbf4c8996fb92427ae41e4649b934ca495991b7852b855","","service_history","service","no","no","high","none","","","","","Telegram Desktop/ChatExport_2026-09-04/messages.html","#message-216"
"message599","default","02.06.2025 07:36:35 UTC-05:00","yes","photos/photo_387@02-06-2025_07-36-35.jpg","1","0","Психогомеопатия: Алхимия души.","102d04bc7241c6b58fbad88192bba74c0dd8ccecf42245d7f5faedd45ac2caf6","ТОТЕМЫ В СКАНДИНАВСКОЙ ТРАДИЦИИ: Дам краткий список. Выберите, что вам резонирует: #1. ТОТЕМ КОШЕК (в Канале Фрейи) - Дает: хитрость, цепкость, мягкость, притягательность, поддержку природы. #2. ТОТЕМ СОКОЛОВ (в Канале Фрейи) - Дает: ясность, скорость, сексуальность. #3. ТОТЕМ КОЗЛОВ (в Канале Тора) - Дает силу, упорство, настойчивость, уверенность, активнос","theory_method","book_01","yes","yes","medium","none","","","","","Telegram Desktop/ChatExport_2026-09-04/messages.html","#message599"
"message600","default","02.06.2025 07:36:35 UTC-05:00","yes","photos/photo_388@02-06-2025_07-36-35.jpg","1","0","Психогомеопатия: Алхимия души.","9826d85a002de781d45d35a3a40428ecbb041951f022d39e0abcf14400ed9bc3","Внимание. Акция. Бонус для первых 3х человек. СКАНДИНАВСКИЕ ТОТЕМЫ. ПРАКТИКА К ЦЕЛИ. СУТЬ: Работа с Вашей целью через энергии тотемов Скандинавского Пантеона. ФОРМАТ: - личная поддержка в течении нескольких недель к вашей цели, - отработка навыков работы с тотемами. ВЫ ПОЛУЧАЕТЕ: 1. Персональную инициацию в выбранный вами Тотем (1й уровень). 2. Расширенный а","promo_admin","promo_or_boilerplate","no","no","medium","none","","","","","Telegram Desktop/ChatExport_2026-09-04/messages.html","#message600"
"message601","default","02.06.2025 19:30:01 UTC-05:00","no","photos/photo_389@02-06-2025_19-30-01.jpg","1","0","Психогомеопатия: Алхимия души.","af069257aa6e9bdee37c5f7afa8f94060de1f881879df13535ff6de48f7954f4","KALI MURIATICUM Еще один препарат, который мягко наполняет закрытое сердце любовью. Он снимает блоки обид, подавленности. Добавляет свежести и нежности в душе. ОСНОВА Хлорид калия - помогает передавать нервные импульсы в мышцах и регулировать баланс солей в жидкостях. Символизирует способность снимать воспаление, застой. Помогает строит связи и достигать гар","remedy_card","book_02","yes","yes","high","full_card","Kali Muriaticum","kali-muriaticum","message601","","Telegram Desktop/ChatExport_2026-09-04/messages.html","#message601"
"message602","default","02.06.2025 22:40:55 UTC-05:00","no","photos/photo_390@02-06-2025_22-40-55.jpg","1","0","Психогомеопатия: Алхимия души.","3b1ee26b46ae9d66160102299fdd457348bbe1d93a9b74565341a5291b36701b","Курс Коррекции Сценария. 6 неделя 📅 39 день — Симплегады (Скалы, которые схлопываются - и между ними надо кораблю проплыть). 🌊 Тема: Первое крупное испытание Аргонавтов. Проверка твоей гибкости и преданности пути. Проход между «скалами» старого и нового сценария. Главное не бросить курс. 1️⃣ Состояние: Есть решительность идти вперед, но и страх «Справлюсь ","other","out_of_scope","no","no","low","none","","","","","Telegram Desktop/ChatExport_2026-09-04/messages.html","#message602"
"message-217","service","","no","","0","0","Психогомеопатия: Алхимия души.","e3b0c44298fc1c149afbf4c8996fb92427ae41e4649b934ca495991b7852b855","","service_history","service","no","no","high","none","","","","","Telegram Desktop/ChatExport_2026-09-04/messages.html","#message-217"
"message603","default","03.06.2025 08:54:46 UTC-05:00","no","photos/photo_391@03-06-2025_08-54-46.jpg","1","0","Психогомеопатия: Алхимия души.","a1e700c22871aa864e859af316a3af0a834933e868f4cb4540629807882b24d8","Курс Смены Сценария. 6 неделя. Аргонавты. 40 день — Выход в открытое море 🌊 Тема: Плавание с опорой на новое Я. Это день первых «глубоких вод», когда новый сценарий становится реальнее. Встреча с союзниками, помощиками: люди, качества. 1️⃣ Состояние: Чувство освобождения и лёгкости: «Я иду в новое, и это уже мой путь.» Радость от свободы: «Я уже не в бухте,","subpersonality","book_03","yes","yes","medium","none","","","","","Telegram Desktop/ChatExport_2026-09-04/messages.html","#message603"
"message604","default","03.06.2025 14:27:59 UTC-05:00","no","photos/photo_392@03-06-2025_14-27-59.jpg","1","0","Психогомеопатия: Алхимия души.","cea428363ef7a807522dd57940a6f0763093e6b2f1d7bdd61d0051f8aa19ba00","Я сейчас провожу сессии гомеотерапии через сказки. Мы находим ключевой внутренний конфликт (травму) через расстановку сказочных архетипов, которые подскажет бессознательное. Прелесть такой работы в том, что она сразу, как туннель, ведет вглубь бессознательного. Работает быстрее других методов. И тогда я добавляю препараты гомеопатии, которые раскрашивают сюж","subpersonality","book_03","yes","yes","medium","none","","","","","Telegram Desktop/ChatExport_2026-09-04/messages.html","#message604"
"message605","default","03.06.2025 19:03:35 UTC-05:00","no","","0","0","Психогомеопатия: Алхимия души.","11587b3519ab1bfc8241c7d9364562c1cef282e280d511372050bffc14108dd6","Интересный момент. Мандала, сделанная на дереве эффективней, чем мандала на бумаге или металле. Как я к этому пришел? - я проверял эффективность (резонанс) разных гомеопатических препаратов по мандале человека. Так вот, если мандалу человека нанести на дерево, препарат начинает воздействовать более глубоко. - Как это применять? - Мандалы травмированных субли","deep_alchemical","book_04","yes","yes","medium","none","","","","","Telegram Desktop/ChatExport_2026-09-04/messages.html","#message605"
"message606","default","03.06.2025 19:57:34 UTC-05:00","no","photos/photo_393@03-06-2025_19-57-34.jpg","1","0","Психогомеопатия: Алхимия души.","cc96790680121bf2ce71867f3108e46b17a656461eab6641a19bacdf16ab7b07","HYDROGENIUM (водород). Уникальный препарат, который возвращает человека к себе в трудных ситуациях Он убирает туман сознания, дистанцирование от мира. Дает ясность, спокойствие, уверенность в себе и комфорт с собой. Hydrogenium помогает вернуться к Истоку, найти свою Суть, Искру внутри, когда ты казалось бы растворился в хаосе, потерял себя в этом мире. Он п","remedy_card","book_02","yes","yes","high","full_card","Hydrogenium","hydrogenium","message606","","Telegram Desktop/ChatExport_2026-09-04/messages.html","#message606"
"message-218","service","","no","","0","0","Психогомеопатия: Алхимия души.","e3b0c44298fc1c149afbf4c8996fb92427ae41e4649b934ca495991b7852b855","","service_history","service","no","no","high","none","","","","","Telegram Desktop/ChatExport_2026-09-04/messages.html","#message-218"
"message607","default","04.06.2025 21:21:40 UTC-05:00","no","photos/photo_394@04-06-2025_21-21-40.jpg","1","0","Психогомеопатия: Алхимия души.","4be0d456f2216dcfb68019f48d0c147801a5163c005c6d505fa6b1e9b2a61684","📅 Курс Смены Сценария. 6 неделя. Аргонавты. 41 день — Лемнос (остров сна и удовольствий, где пытались задержать аргонавтов). 🌊 Тема: Ты уже можешь начинать осознанный контакт с миром. Проявлять связи и предложения из нового образа Я. Но можно попасть в сладкий туман Лемноса и вообще ничего не делать, или уходить в старые защиты. Проверка устойчивости и мот","theory_method","book_01","yes","yes","medium","none","","","","","Telegram Desktop/ChatExport_2026-09-04/messages.html","#message607"
"message-219","service","","no","","0","0","Психогомеопатия: Алхимия души.","e3b0c44298fc1c149afbf4c8996fb92427ae41e4649b934ca495991b7852b855","","service_history","service","no","no","high","none","","","","","Telegram Desktop/ChatExport_2026-09-04/messages.html","#message-219"
"message608","default","05.06.2025 09:09:23 UTC-05:00","no","photos/photo_395@05-06-2025_09-09-23.jpg","1","0","Психогомеопатия: Алхимия души.","8826b536926a5d71aa89eef40790537347b61c6c6ab51da8455dcb654ef0db45","📅 Курс Смены Сценария. 6 неделя. Аргонавты. 6.7. 42 день — Золотое Руно: принятие дара нового пути. 🌊 Тема: Сегодня ты выходишь к своему Золотому Руну — символу истинной цели и дара новой жизни. Это день окончательного выбора: «Я принимаю свой новый путь и новую идентичность.» Это момент, когда ты становишься владельцем своего сценария и своего пути. 1️⃣ С","subpersonality","book_03","yes","yes","medium","mention_only","Aurum metallicum","aurum-metallicum","","","Telegram Desktop/ChatExport_2026-09-04/messages.html","#message608"
"message609","default","05.06.2025 14:44:50 UTC-05:00","no","photos/photo_396@05-06-2025_14-44-50.jpg","1","0","Психогомеопатия: Алхимия души.","11821b717926c0721e2898023f35a7e8fd3098ca2ee008c654257ee4007691ee","TEUCRIUM (чабрец) Чудесный препарат, который помогает человеку укрепить его границы. И благодаря этому внутри растет состояние живости, легкости, интереса к внешнему миру. Похоже на Silicea, действует мягко. Но Siliceа дает больше чувство стабильности и опоры, а Teucrium делает границы более упругими, подвижными, живыми. Препарат хорошо очищает от внешних чу","remedy_card","book_02","yes","yes","high","full_card","Teucrium","teucrium","message609","","Telegram Desktop/ChatExport_2026-09-04/messages.html","#message609"
"message610","default","05.06.2025 17:13:47 UTC-05:00","no","","0","0","Психогомеопатия: Алхимия души.","0ec6be118a26eaac0ebe7399fbdd988a2f492e33aad6b1f5e0f47d0554dcc194","Как проходит терапия личности у нас в Центре психогомеопатии. 1 КУРС: Базовая Гомеопатия. Это как Скорая Помощь. Мы определяем чего не хватает, где дефицит, почему и восстанавливаем ресурс. 2-4 краткие сессии достаточно, чтобы человеку вернуть его внутреннюю опору, ресурс. 2 КУРС: Терапия Субличностей. Это глубинная коррекция. Работает глубже и быстрее, чем ","subpersonality","book_03","yes","yes","medium","none","","","","","Telegram Desktop/ChatExport_2026-09-04/messages.html","#message610"
"message611","default","05.06.2025 18:23:39 UTC-05:00","no","photos/photo_397@05-06-2025_18-23-39.jpg","1","0","Психогомеопатия: Алхимия души.","1d497bc8c304852e3cd87accde79e7cfa62494462de2ffa36bd00b7f07c3d034","ПРЕПАРАТЫ РОСТА и препараты силы. У меня была сложность в работе: некоторые ранние, травмированные субличности медленно растут. Они как замирают внутри и не готовы, не могут меняться. И недавно появилось новое решение. Я начал с ними работать не препаратами роста, которые поддерживают их развитие - а просто препаратами силы. И это сработало! К препаратам под","subpersonality","book_03","yes","yes","medium","mention_only","Avena Sativa","avena-sativa","","","Telegram Desktop/ChatExport_2026-09-04/messages.html","#message611"
"message612","default","05.06.2025 21:32:41 UTC-05:00","no","photos/photo_398@05-06-2025_21-32-41.jpg","1","0","Психогомеопатия: Алхимия души.","2729c0f3a6133ca357ca09f6b203af1f44924202d6b08ba5c183c156e24cdbc4","РУНИЧЕСКАЯ ГОМЕОПАТИЯ. - это особый формат восстановления связи с Источниками Силы (4 ур). Приведу пример. Модель: Я - Руна Кено (огонь) - Руна Иса (лед). Модель отражает связь человека с Архетипами Жизни и Смерти. С архетипами творчества, свободы и контроля. Расстановка покажет внутренние блоки к этим потокам. А препараты гомеопатии могут убирать блоки к эт","deep_alchemical","book_04","yes","yes","medium","mention_only","Aurum metallicum","aurum-metallicum; aurum-metallicum","","","Telegram Desktop/ChatExport_2026-09-04/messages.html","#message612"
"message-220","service","","no","","0","0","Психогомеопатия: Алхимия души.","e3b0c44298fc1c149afbf4c8996fb92427ae41e4649b934ca495991b7852b855","","service_history","service","no","no","high","none","","","","","Telegram Desktop/ChatExport_2026-09-04/messages.html","#message-220"
"message613","default","06.06.2025 09:59:28 UTC-05:00","no","","0","0","Психогомеопатия: Алхимия души.","8cda2320be317f10c8cafe3e95804a06cec00ef85ea0841c0614e7f7b7dac209","ЭФФЕКТИВНОСТЬ ПРОГРАММ Я решил проверить в чем разница гомеопатии 2 и 4 уровня. Взял те же препараты, чтобы сравнить эффект. - Гомеопатия 2 уровня (коррекция через сказки). Дает точечное воздействие на нужную субличность. На внутреннем образе меняется связь к цели, уходит ступор, появляется движение вперед. - Гомеопатия 4 уровня (Коррекция через источники си","subpersonality","book_03","yes","yes","medium","none","","","","","Telegram Desktop/ChatExport_2026-09-04/messages.html","#message613"
"message614","default","06.06.2025 19:03:09 UTC-05:00","no","photos/photo_399@06-06-2025_19-03-09.jpg","1","0","Психогомеопатия: Алхимия души.","890ae74e5161e49708f05b83b366e83daa4c66f86b141e6b558371e34e4dd553","COCCUS CACTI Особенный препарат, который запускает потоки любви там, где она спит. И он же помогает освободиться от тоски и страха отвержения. Выводит из одиночества и зависимости, возвращает опору на себя. ОСНОВА Самка кошенили (паразитирует на кактусах, питается его соками). Символ ""маленький захватчик"" - человек, который не выживет без контакта. Цепляется","remedy_card","book_02","yes","yes","high","full_card","Coccus Cacti","coccus-cacti","message614","","Telegram Desktop/ChatExport_2026-09-04/messages.html","#message614"
"message616","default","06.06.2025 20:05:49 UTC-05:00","no","photos/photo_400@06-06-2025_20-05-49.jpg","1","0","Психогомеопатия: Алхимия души.","84d3a186f4c592aecc10ccff50f5489946d35ac5be18ee2a8d8a4b21cf28522d","Я вам приведу пример. Работать с субличностями иногда - все равно что ловить рыбу в море. Их много. Особенно если много травм. И наша задача - найти самую ключевую, крупную субличность, лежащую на дне моря. Все остальные истории так или иначе отражают ее. Именно для этой задачи сейчас на 2м уровне терапии я стал работать через сказки. Это позволяет сразу зан","subpersonality","book_03","yes","yes","medium","none","","","","","Telegram Desktop/ChatExport_2026-09-04/messages.html","#message616"
"message617","default","06.06.2025 20:39:34 UTC-05:00","no","photos/photo_401@06-06-2025_20-39-34.jpg","1","0","Психогомеопатия: Алхимия души.","4d5b395274597ddea6bf0c02c8fdfd395681ced91daa4d12a29bb023c70e758c","Курс Коррекции Сценария: ""Античные мистерии"" 7 неделя: Путь Геракла. 43 день — Приручение Льва. Первый шаг в реальность . 🌊 Тема: Первый шаг в реальный мир. Проявление силы. Ты встречаешь свою силу — как Геракл встретил Немейского льва. 🌿 Психодинамика: К 43 дню начинает раскрываться внутренний потенциал человека. В 42 день ты уже принял Путь (Золотое Руно","theory_method","book_01","yes","yes","medium","mention_only","Aurum metallicum","aurum-metallicum","","","Telegram Desktop/ChatExport_2026-09-04/messages.html","#message617"
"message-221","service","","no","","0","0","Психогомеопатия: Алхимия души.","e3b0c44298fc1c149afbf4c8996fb92427ae41e4649b934ca495991b7852b855","","service_history","service","no","no","high","none","","","","","Telegram Desktop/ChatExport_2026-09-04/messages.html","#message-221"
"message618","default","08.06.2025 10:31:24 UTC-05:00","no","photos/photo_402@08-06-2025_10-31-24.jpg","1","0","Психогомеопатия: Алхимия души.","8164386d7fe6cac5bf5f4fd1e832b2ace90ec27b5de63ce94df5defa1a282a18","📅 Курс Коррекции Сценария. ""Античные мистерии."" 7 неделя: Путь Геракла. 44 день — Лернейская гидра. 🌊 Тема: Встреча со своими старыми страхами и сомнениями — как Геракл встретил многоголовую Лернейскую гидру. 🌿 Психодинамика: Начинается время активного движения вперед, проявления во внешнем мире. Это может активизировать страхи, колебания. Легкая растерян","other","out_of_scope","no","no","low","none","","","","","Telegram Desktop/ChatExport_2026-09-04/messages.html","#message618"
"message619","default","08.06.2025 17:25:33 UTC-05:00","no","","0","0","Психогомеопатия: Алхимия души.","34c5bcd40123a5bd51b85e763b8d5c7da8bc819e7c05050887a57ab4e189e1f4","Я и НЕ-Я. Что меня сегодня удивило в работе с клиентами - важность работы с интроектами не-я. В терапии нам важно - не только взрастить личность, - не только взрастить субличности (отщепленные части Я), - но и укрепить интроекты внешних фигур (мир, люди). Например, работаем с образом ""зверь на поле"": - нам нужно не только укрепить и исцелить образ самого ""вн","subpersonality","book_03","yes","yes","medium","mention_only","Lac Humanum","lac-humanum","","","Telegram Desktop/ChatExport_2026-09-04/messages.html","#message619"
"message620","default","08.06.2025 22:34:49 UTC-05:00","no","photos/photo_403@08-06-2025_22-34-49.jpg","1","0","Психогомеопатия: Алхимия души.","f2a68652f1a5ee2ee325d73a524737d24126e972095775ff330b31a7132fd393","📅 Курс Коррекции Сценария. ""Античные мистерии."" 7 неделя: Путь Геракла. 45 день — Авгиевы конюшни. Очищение от старого. Включение в поток. 🌊 Тема: День освобождения от старых эмоций и программ. Как Геракл очистил Авгиевы конюшни - так и ты освобождаешь место для нового пути. 🌿 Психодинамика: В 44 день ты вышел в мир и встретился с остатком своих страхов. ","other","out_of_scope","no","no","low","none","","","","","Telegram Desktop/ChatExport_2026-09-04/messages.html","#message620"
"message-222","service","","no","","0","0","Психогомеопатия: Алхимия души.","e3b0c44298fc1c149afbf4c8996fb92427ae41e4649b934ca495991b7852b855","","service_history","service","no","no","high","none","","","","","Telegram Desktop/ChatExport_2026-09-04/messages.html","#message-222"
"message621","default","09.06.2025 16:13:48 UTC-05:00","no","photos/photo_404@09-06-2025_16-13-48.jpg","1","0","Психогомеопатия: Алхимия души.","c39c38c1109baf3b754132e2c93c535090a65c3a0ca56d28a90edcc93a0b704e","📅 Гомеопатия 3 уровень. Античные мистерии. Курс Коррекции Сценария. 7 неделя: Путь Геракла. 46 день — Обретение силы и управление хаосом. 🌊 Тема: Управление внутренним хаосом и приручение своей дикой силы. Этот день — проверка зрелости и умения сохранять фокус даже в самых бурных обстоятельствах. 🌿 Психодинамика: 46 - день мягкого расширения и шага во вне","theory_method","book_01","yes","yes","medium","none","","","","","Telegram Desktop/ChatExport_2026-09-04/messages.html","#message621"
"message622","default","09.06.2025 22:47:20 UTC-05:00","no","photos/photo_405@09-06-2025_22-47-20.jpg","1","0","Психогомеопатия: Алхимия души.","ea3a88ee92512d2c13b258f6cb197a06d6413bb9cc7284f84f02f4818db6510a","CAMPHORA (камфора). Уникальный препарат, который работает с самыми ранними травмами жизни. Он как солнечный луч, скользящий по сосулькам, пробуждает душу ото сна и замороженности. Он возвращает тепло жизни и свет в утаенные уголки души, где царяд холод и оцепенение. Препарат помогает выйти из состояния шока, одиночества, отстранения и вернуть себе силу чувст","remedy_card","book_02","yes","yes","high","full_card","Camphora","camphora","message622","","Telegram Desktop/ChatExport_2026-09-04/messages.html","#message622"
"message623","default","09.06.2025 23:12:10 UTC-05:00","no","photos/photo_406@09-06-2025_23-12-10.jpg","1","0","Психогомеопатия: Алхимия души.","2bee7c5054aede2f88b66dbc093b203cdb08e629c750906b2e7c6ef181922b63","CAMPHORA Во мне застыл холодный лёд, Как страх, как боль, как тихий зов. Забыл был песен нежный звук. Лишь страх в груди, лишь сердца стук. Но где-то, там, в ночной глуши Тепло рождается в тиши — Как первый луч в глубокой тьме Я вижу: свет идет ко мне. И он приходит, как заря Как лучик света и добра Как огонёк весенних дней. Что дарит жизнь судьбе моей. Как ","remedy_mention","out_of_scope","no","no","low","mention_only","Camphora","camphora; camphora","","","Telegram Desktop/ChatExport_2026-09-04/messages.html","#message623"
"message-223","service","","no","","0","0","Психогомеопатия: Алхимия души.","e3b0c44298fc1c149afbf4c8996fb92427ae41e4649b934ca495991b7852b855","","service_history","service","no","no","high","none","","","","","Telegram Desktop/ChatExport_2026-09-04/messages.html","#message-223"
"message624","default","10.06.2025 19:22:43 UTC-05:00","no","","0","0","Психогомеопатия: Алхимия души.","fe9db41e25ef059325f809696ea11915d49d9a4159ee9693fc9bc21f70ff63ed","Сегодня был любопытный момент на сессии с клиентом. Удалось измерить эффективность образной работы через гомеопатию. Это одна из первых сессий с новым клиентом. Мы касались темы отношений и я попросил нарисовать образ, с этим связанный. Поле показало, что под текущий сценарий подходил препарат Baryta Carbonica (""опора"") в низкой потенции 9, так как клиент чу","theory_method","book_01","yes","yes","medium","mention_only","Baryta Carbonica","baryta-carbonica","","","Telegram Desktop/ChatExport_2026-09-04/messages.html","#message624"
"message625","default","10.06.2025 19:26:59 UTC-05:00","no","","0","0","Психогомеопатия: Алхимия души.","5a94a0014dffd55ef8e6e4fc08277f41be7322b3b28e8466052668f3753e37fd","Сейчас я начинаю работать с множеством новых препаратов. Ко мне каждую неделю приходят партии новых, глубоких, уникальных препаратов. Не успеваю все охватить. Но постараюсь постепенно их исследовать и рассказывать вам о работе самых ярких из них.","theory_method","book_01","yes","yes","medium","none","","","","","Telegram Desktop/ChatExport_2026-09-04/messages.html","#message625"
"message626","default","10.06.2025 22:53:58 UTC-05:00","no","photos/photo_407@10-06-2025_22-53-58.jpg","1","0","Психогомеопатия: Алхимия души.","c5a3790395e0f27e6341c85b2eca98decaeba193b77f2d1bc8188dd41a9a6b0f","📅 Античные мистерии. Курс гомеопатии 3 уровня. 7 неделя: Путь Геракла. 47 день — Пояс Ипполиты. 🌊 Тема: Это день проверки зрелости: умеешь ли ты быть в контакте с другими, удерживая свои границы, не теряя гибкости и лидерства. Поям Ипполлиты символизирует личные ценности и границы. 🌿 Психодинамика: В 47 день ты уже выходишь из внутреннего укрытия и станов","theory_method","book_01","yes","yes","medium","none","","","","","Telegram Desktop/ChatExport_2026-09-04/messages.html","#message626"
"message-224","service","","no","","0","0","Психогомеопатия: Алхимия души.","e3b0c44298fc1c149afbf4c8996fb92427ae41e4649b934ca495991b7852b855","","service_history","service","no","no","high","none","","","","","Telegram Desktop/ChatExport_2026-09-04/messages.html","#message-224"
"message627","default","11.06.2025 07:52:10 UTC-05:00","no","photos/photo_408@11-06-2025_07-52-10.jpg","1","0","Психогомеопатия: Алхимия души.","136727347c5f36fa374ae61572868c0a3c79be9c3c83902f36213848dc136286","📅 Античные мистерии. Курс гомеопатии 3 уровня. 7 неделя: Путь Геракла. 48 день — Киринейская лань Артемиды. 🌊 Тема: День мягкости и терпения. Учёба уважению к себе и своим границам. Принятие нежной, уязвимой части своей души. 🌿 Психодинамика: К 48 дню ты уже вышел на новый уровень внутренней силы, но эта сила требует мягкости, чтобы не разрушать, а поддер","subpersonality","book_03","yes","yes","medium","mention_only","Aurum metallicum","aurum-metallicum","","","Telegram Desktop/ChatExport_2026-09-04/messages.html","#message627"
"message628","default","11.06.2025 19:45:21 UTC-05:00","no","","0","0","Психогомеопатия: Алхимия души.","2a184f3bb4c63fb42b4b7cdd5384148755927a0e3c1acfbe4f5b085ca1a79ea7","🌀 МЯГКАЯ И ЖЁСТКАЯ КОРРЕКЦИЯ В ГОМЕОПАТИИ Гомеопатия — мощный инструмент. Её воздействие может быть как мягким, так и жёстким. Сейчас в работе я дошел до этапа, когда мне приходится смягчать силу воздействия. На данный момент у меня 3 основных формата в работе: ⚖️ СТАНДАРТНЫЙ ПРОТОКОЛ Подходит большинству клиентов 💊 Потенции : средние, 30СН 🖼 Дистанционна","theory_method","book_01","yes","yes","medium","none","","","","","Telegram Desktop/ChatExport_2026-09-04/messages.html","#message628"
"message629","default","11.06.2025 22:26:54 UTC-05:00","no","","0","0","Психогомеопатия: Алхимия души.","c4229781543bf1a507fcd334e89bba52f59ed6207d9549352f56c61f92fa039f","НАБЛЮДЕНИЕ. Препараты для целей. Работаю с новым препаратом: Kali Carbonicum. Он дает внутреннюю опору, если отсутствует чувство поддержки. Любопытно отслеживать как он работает через образы сказок. Шаг #1. Нарисовали образ сказки. По резонансу препарат находит и укрепляет фигуру главного героя сказки. - Через неделю поддержки фигура героя становится более у","subpersonality","book_03","yes","yes","medium","mention_only","Kali Carbonicum","kali-carbonicum","","","Telegram Desktop/ChatExport_2026-09-04/messages.html","#message629"
"message630","default","11.06.2025 23:32:58 UTC-05:00","no","photos/photo_409@11-06-2025_23-32-58.jpg","1","0","Психогомеопатия: Алхимия души.","ce23fcb161fcba079b383038eee110a83f47ce49c0310d307caa4d3fce7a70c6","KALI CARBONICUM Это препарат, который добавляет социальной смелости. Расскажу на примере: - Calcarea Carbonica: я в безопасности, я защищен, я могу проявиться. - Magnesium Carbonicum: я ценнный, я достоин достичь этой цели. - Kalium Carbonicum: я прийду к этой цели, не важно что думают другие. Я вижу и иду. Препарат восстанавливает внутренний каркас, достоин","remedy_card","book_02","yes","yes","high","full_card","Kali Carbonicum","kali-carbonicum","message630","","Telegram Desktop/ChatExport_2026-09-04/messages.html","#message630"
"message-225","service","","no","","0","0","Психогомеопатия: Алхимия души.","e3b0c44298fc1c149afbf4c8996fb92427ae41e4649b934ca495991b7852b855","","service_history","service","no","no","high","none","","","","","Telegram Desktop/ChatExport_2026-09-04/messages.html","#message-225"
"message631","default","12.06.2025 13:52:29 UTC-05:00","yes","photos/photo_410@12-06-2025_13-52-29.jpg","1","0","Психогомеопатия: Алхимия души.","4bf400c92222e9312bd5f97afce5a6dea54c7fb548504ce13e67a54eb4be097f","АКЦИЯ. Привет. Я сейчас прохожу обучение у Николая Журавлева нарабатываю навыки диагностики по системе И Цзин. Готов для каждого сделать БЕСПЛАТНО разбор 1 любого вопроса по Книге Перемен И Цзин. Ставьте + в комментах и пишите в лс T.me/AndyTherapist","other","out_of_scope","no","no","low","none","","","","","Telegram Desktop/ChatExport_2026-09-04/messages.html","#message631"
"message633","default","12.06.2025 15:13:52 UTC-05:00","no","photos/photo_411@12-06-2025_15-13-52.jpg","1","0","Психогомеопатия: Алхимия души.","2a3fe18c8e6986c77c7dae5060aaae55a3a7daef79a63c01165e9e47f59b8c1b","🐂 📅 Античные Мистерии. Курс гомеопатии 3 уровня. 7 неделя: Путь Геракла. 49 день — Быки Гериона . 🔥 Тема: ⚔️ Обретение права на владение. Возвращение своей силы. Утверждение собственной ценности перед лицом внешних сил. День, когда ты отвоёвываешь своё. Без лишней бравады — но с внутренней правдой. 🌿 Психодинамика: К этому дню ты уже прошел множество про","theory_method","book_01","yes","yes","medium","none","","","","","Telegram Desktop/ChatExport_2026-09-04/messages.html","#message633"
"message634","default","12.06.2025 15:13:52 UTC-05:00","no","photos/photo_412@12-06-2025_15-13-52.jpg","1","0","Психогомеопатия: Алхимия души.","733f6d7982eb6dc74ddffdc1dd76218e8c5a412cb231ab1d3837fc243ddb1d28","БЫКИ ГЕРИОНА 🌀 Образ — медитация: Ты стоишь на краю земли. Перед тобой — остров Эритея, где скрыто стадо красных быков Гериона, могучих, как стихии. Над головой пылает жаркое солнце, но ты не отступаешь. Ты знаешь: назад дороги нет. А впереди — преграда, которую нельзя обойти. Ты поднимаешь глаза. Над горизонтом — сверкает яркое, недосягаемое Солнце. Оно сл","other","out_of_scope","no","no","low","none","","","","","Telegram Desktop/ChatExport_2026-09-04/messages.html","#message634"
"message-226","service","","no","","0","0","Психогомеопатия: Алхимия души.","e3b0c44298fc1c149afbf4c8996fb92427ae41e4649b934ca495991b7852b855","","service_history","service","no","no","high","none","","","","","Telegram Desktop/ChatExport_2026-09-04/messages.html","#message-226"
"message635","default","13.06.2025 22:44:52 UTC-05:00","no","photos/photo_413@13-06-2025_22-44-52.jpg","1","0","Психогомеопатия: Алхимия души.","ecd6ecb7965d5c73c11405a5250354edcca69151bf07f1b2da46fa4fc7ca3f17","🐂 📅 Античные Мистерии. Курс гомеопатии 3 уровня. 8 неделя: Путь Геракла. 50 день — Критский бык. 🔥 Тема: Приручение силы. Тело и страсть как союзники. Возвращение энергии в жизнь: через радость, движение, защиту и зрелость. Контакт с мощью, которая раньше пугала. 🌿 Психодинамика: На 50 день ты не просто встречаешься с дикой силой, как раньше — ты прируча","subpersonality","book_03","yes","yes","medium","none","","","","","Telegram Desktop/ChatExport_2026-09-04/messages.html","#message635"
"message-227","service","","no","","0","0","Психогомеопатия: Алхимия души.","e3b0c44298fc1c149afbf4c8996fb92427ae41e4649b934ca495991b7852b855","","service_history","service","no","no","high","none","","","","","Telegram Desktop/ChatExport_2026-09-04/messages.html","#message-227"
"message636","default","14.06.2025 17:39:37 UTC-05:00","no","photos/photo_414@14-06-2025_17-39-37.jpg","1","0","Психогомеопатия: Алхимия души.","503b5b9cb7083c83af2d2997ab4db4cfff3f5e099f2533a1125c1af8ea804043","🐎 📅 Античные Мистерии. Курс гомеопатии 3 уровня. 8 неделя: Путь Геракла. 51 день — Кони Диомеда. Мы выходим на финишную неделю. 8 неделя курса. Последние грани внутренней трансформации 🔥 Тема: Освобождение похищенной жизненной энергии, направленной на разрушение себя и других. Освобождение от интроектов внутреннего агрессора и жертвы. МИФ. Кони Диомеда - ","deep_alchemical","book_04","yes","yes","medium","none","","","","","Telegram Desktop/ChatExport_2026-09-04/messages.html","#message636"
"message637","default","14.06.2025 17:40:52 UTC-05:00","no","photos/photo_415@14-06-2025_17-40-52.jpg","1","0","Психогомеопатия: Алхимия души.","4d532cef405f3e691002f05f1deb01419ae3ec91c933a72df96ca54b669ab62b","🌀 Образ — медитация: Почувствуй тело. Представь, ты подходишь к огромной тёмной конюшне. Раздаётся рёв, удары копыт, визг. Внутри — четыре огнедышащих кон я, глаза горят, зубы скрежещут. Они пахнут злостью и страхом. Они бросаются на стены, хотят вырваться. Они в бешенстве. Рядом стоит Диомед — он шепчет «Ты недостоин жить. Ты опасен. Ты слаб и постыден. Пр","other","out_of_scope","no","no","low","none","","","","","Telegram Desktop/ChatExport_2026-09-04/messages.html","#message637"
"message-228","service","","no","","0","0","Психогомеопатия: Алхимия души.","e3b0c44298fc1c149afbf4c8996fb92427ae41e4649b934ca495991b7852b855","","service_history","service","no","no","high","none","","","","","Telegram Desktop/ChatExport_2026-09-04/messages.html","#message-228"
"message638","default","15.06.2025 14:11:33 UTC-05:00","no","photos/photo_416@15-06-2025_14-11-33.jpg","1","0","Психогомеопатия: Алхимия души.","5ec3170aa6dbc58a4bab719f305e5890699857184e9d352688b349be9eefaaf9","🧬 ОБНОВЛЕНИЕ: Я начал делать новый формат сессий: МИСТЕРИИ (Гомеопатические расстановки по Мифам ). Это любопытный подход, так как здесь соединяется: 🌀 Архетипическая энергия мифов — активация слоёв коллективного бессознательного через образы героев, артефактов. 🧩 Расстановка внутренних частей личности — поддержка субличностей и их взращивание через сюжет","subpersonality","book_03","yes","yes","medium","none","","","","","Telegram Desktop/ChatExport_2026-09-04/messages.html","#message638"
"message639","default","15.06.2025 19:09:17 UTC-05:00","no","photos/photo_417@15-06-2025_19-09-17.jpg","1","0","Психогомеопатия: Алхимия души.","b006aa6a9131b1977b2402498f6236636fe3281ee17cc6e7d316872a5a9e05a7","Античные Мистерии. Гомеопатия 3 уровень. 8 неделя: Путь Геракла 🐎📅 52 день — Пир кентавров. Вино Диониса. Тема: Управление хаосом чувств. Встреча с внутренними частями, эмоциями и инстинктами. Сюжет мифа. Геракл в гостях у кентавра Фолоса открывает кувшин вина Диониса, принадлежащий кентаврам. Кентавры в ярости, начинается хаос. Геракл случайно убивает муд","subpersonality","book_03","yes","yes","medium","none","","","","","Telegram Desktop/ChatExport_2026-09-04/messages.html","#message639"
"message640","default","15.06.2025 20:16:16 UTC-05:00","no","photos/photo_418@15-06-2025_20-16-16.jpg","1","0","Психогомеопатия: Алхимия души.","82eca00fa5debff2bc3295ee6f89771228a514f8d3bde2e4ec693546dffee948","ПРИМЕР. Расскажу как работает расстановка- мистерия. Возьмем, например, мистерию про Кентавров. Она показывает внутренние конфликты (которые проявляются и во внешних ситуациях). Например, - Кентавры могут атаковать Геракла - это говорит про вытесненную внутреннюю агрессию. - А сам Геракл может испытывать вину/ стыд перед Хароном. - Эта вина является спусковы","subpersonality","book_03","yes","yes","medium","none","","","","","Telegram Desktop/ChatExport_2026-09-04/messages.html","#message640"
"message641","default","15.06.2025 22:43:51 UTC-05:00","no","","0","0","Психогомеопатия: Алхимия души.","0b990574bd5ad3def06931a72f1cf6af65899471cefef2be72d830a1925ff4e1","🔱 Преимущества архетипической работы в психотерапии Основная задача любой глубинной психотерапии — гармонизировать бессознательное клиента: его скрытые желания, конфликты, страхи и внутренние сценарии. Но для входа в бессознательное нужен ""интерфейс"" — особая форма контакта с глубинным миром человека. Это как в компьютерной игре или фильме вроде Матрицы или","deep_alchemical","book_04","yes","yes","medium","none","","","","","Telegram Desktop/ChatExport_2026-09-04/messages.html","#message641"
"message-229","service","","no","","0","0","Психогомеопатия: Алхимия души.","e3b0c44298fc1c149afbf4c8996fb92427ae41e4649b934ca495991b7852b855","","service_history","service","no","no","high","none","","","","","Telegram Desktop/ChatExport_2026-09-04/messages.html","#message-229"
"message642","default","16.06.2025 11:20:54 UTC-05:00","no","","0","0","Психогомеопатия: Алхимия души.","e7f881da657dba25085a803ce738139e59450a898fe1d1e26de9ca262b1ee473","МОДЕЛИРОВАНИЕ РЕАЛЬНОСТИ Наша работа очень похожа на программирование внутренних параметров психики. Через образы мы можем проявлять внутренние фигуры защитника, любовника, героя и т.п. и менять их параметры. Например, - можно проявить вашего защитника и укрепить его через энергию Calcarea Carbonica (кальций) - и эта фигура станет крепче и увереннее. - можно","theory_method","book_01","yes","yes","medium","mention_only","Calcarea Carbonica","calcarea-carbonica","","","Telegram Desktop/ChatExport_2026-09-04/messages.html","#message642"
"message643","default","16.06.2025 23:37:30 UTC-05:00","no","photos/photo_419@16-06-2025_23-37-30.jpg","1","0","Психогомеопатия: Алхимия души.","1adb57936fb3371e82e46b355a648401c76203a058b6da544a191d670ab731e2","МАГИЧЕСКАЯ ГОМЕОПАТИЯ #1. Коррекция Поля. Я вдохновился идеями современных гомеопатов. Проверил. Работает. Раньше в работе я фокусировался на субличностях человека (например, через персонажей мифов). - ОГРАНИЧЕНИЯ. Есть сложность. В случае глубоких ранних травм или ослабленности организма воздействие на субличность - может быть слишком сильным для человека. ","deep_alchemical","book_04","yes","yes","medium","none","","","","","Telegram Desktop/ChatExport_2026-09-04/messages.html","#message643"
"message644","default","16.06.2025 23:49:57 UTC-05:00","no","photos/photo_420@16-06-2025_23-49-57.jpg","1","0","Психогомеопатия: Алхимия души.","ab6f802db1a37c8289440e7abc129636eebed552e31df9496cf5efa6b42def83","МАГИЧЕСКАЯ ГОМЕОПАТИЯ #2. Алтарь Души. Я в последнее время работаю с пациентами даже не через фото, а через рисунок человека. Это дает более детальное описание внутреннего мира. ОГРАНИЧЕНИЯ - Иногда рисунок (внутренний мир человека) не содержит достаточных ресурсов, защит. Требуется долго ждать, пока психика их сформирует. РЕШЕНИЕ - Неожиданное для меня, но ","deep_alchemical","book_04","yes","yes","medium","none","","","","","Telegram Desktop/ChatExport_2026-09-04/messages.html","#message644"
"message-230","service","","no","","0","0","Психогомеопатия: Алхимия души.","e3b0c44298fc1c149afbf4c8996fb92427ae41e4649b934ca495991b7852b855","","service_history","service","no","no","high","none","","","","","Telegram Desktop/ChatExport_2026-09-04/messages.html","#message-230"
"message645","default","17.06.2025 01:14:05 UTC-05:00","no","photos/photo_421@17-06-2025_01-14-05.jpg","1","0","Психогомеопатия: Алхимия души.","3f3c9e3936aea77e8b4acbc444e77843c44109c914f6c81af3caba3384688209","🏛️ Курс Античные Мистерии. Гомеопатия 3 уровень. 8 неделя — Путь Геракла 📅 53 день — Столбы Геракла. Опоры зрелости. 🌞 Тема дня: Утверждение своей силы, достоинства и права двигаться вперёд. Преодоление внутренних границ, ограничений. 51 день был про пробуждение инстинктов (кони). 52 день был про пробуждение эмоций и субличностей (кентавры). 53 день про с","subpersonality","book_03","yes","yes","medium","none","","","","","Telegram Desktop/ChatExport_2026-09-04/messages.html","#message645"
"message646","default","17.06.2025 18:09:44 UTC-05:00","no","photos/photo_422@17-06-2025_18-09-44.jpg","1","0","Психогомеопатия: Алхимия души.","4ce28277677778938c407bfe8186208946d16c2b3ef03d8e4e481af26012b2c5","УСИН И ГОМЕОПАТИЯ Достижение целей через подход китайской медицины и метафизики. Оказывается, эти две традиции хорошо сочетаются! #1. ДИАГНОСТИКА УСИН (5ть стихий в китайской медицине) позволяет определить где слабое место в здоровье, бизнесе, отношениях. #2. ПРЕПАРАТЫ ГОМЕОПАТИИ позволяют выровнять баланс стихий, усилить нужные параметры цели.","deep_alchemical","book_04","yes","yes","medium","none","","","","","Telegram Desktop/ChatExport_2026-09-04/messages.html","#message646"
"message648","default","17.06.2025 18:23:36 UTC-05:00","no","photos/photo_423@17-06-2025_18-23-36.jpg","1","0","Психогомеопатия: Алхимия души.","cebb7e2dcb2c3b03fc143d73a571be47feae0ed5c4e4ec6a4d02b32c4d3bca03","ПРИМЕРЫ КОРРЕКЦИИ Кейс #1. ЗАПРОС: энергия к цели (к спорту). - АНАЛИЗ показал дисбаланс, низкие параметры по стихии ВОДА (базовая энергия жизненности, страхи, почки). - КОРРЕКЦИЯ. потенциал стихии вода в системе человека можно мгновенно поднять с 3/10 до 6/10 через препарат Phosph Acid. - ЭФФЕКТ: за этим следует быстрый рост энергии к цели (внутренней готов","deep_alchemical","book_04","yes","yes","medium","none","","","","","Telegram Desktop/ChatExport_2026-09-04/messages.html","#message648"
"message649","default","17.06.2025 18:24:03 UTC-05:00","no","photos/photo_424@17-06-2025_18-24-03.jpg","1","0","Психогомеопатия: Алхимия души.","edd26b4cbdb8dcc753a9949f0e738a6946973317f66c07ea578c4d895a1f1b6f","АКЦИЯ. ПОДАРОК. В июне вы можете заказать БЕСПЛАТНУЮ диагностику своего здоровья/ бизнеса/ цели/ отношений по системе УСИН с краткими рекомендациями. А так же плюс бонус - дополнительные подсказки по вашей ситуации от ДАО по системе гадания И-ЦЗИН. От вас: нужно только краткое описание вопроса и рисунок. Чтобы узнать детали и получить подарок ставьте + в ком","deep_alchemical","book_04","yes","yes","medium","none","","","","","Telegram Desktop/ChatExport_2026-09-04/messages.html","#message649"
"message651","default","17.06.2025 20:00:42 UTC-05:00","no","photos/photo_425@17-06-2025_20-00-42.jpg","1","0","Психогомеопатия: Алхимия души.","c27cb82eb743ccf8befba1b856016474ddfbb6dbf30613281a5d4e3db92fd9f7","Курс Античные Мистерии. 8 неделя: Путь Геракла 📅 54 день — Яблоки Гесперид. Плод бессмертия. Интеграция. 🌿 Тема дня: Получение плода зрелости и мудрости. П риём духовного дара , награда за пройденный путь. 🏺 Миф: Гераклу поручено добыть золотые яблоки из сада Гесперид. Это место, где растёт древо бессмертия , охраняемое драконами и нимфами. Он находит Атл","subpersonality","book_03","yes","yes","medium","none","","","","","Telegram Desktop/ChatExport_2026-09-04/messages.html","#message651"
"message652","default","17.06.2025 20:00:47 UTC-05:00","no","photos/photo_426@17-06-2025_20-00-47.jpg","1","0","Психогомеопатия: Алхимия души.","1827c1770d8bc873b9c473645fe655c9a3e8975ad4b197c2d899ff2be1e063e6","🌀 Образ-медитация: Ты подходишь к краю света. Здесь небо золотое, воздух — как шёлк. За тонкой завесой — сад Гесперид. Его охраняет дракон — древний, мощный, молчаливый. Но сегодня он не враг. Он смотрит на тебя — и склоняет голову. Ты прошёл путь. Ты достоин. Ты входишь в тишину. Тебя ведёт тонкий золотой свет. Внутри — мягкость и сияние. Деревья как из св","theory_method","book_01","yes","yes","medium","mention_only","Aurum metallicum","aurum-metallicum","","","Telegram Desktop/ChatExport_2026-09-04/messages.html","#message652"
"message-231","service","","no","","0","0","Психогомеопатия: Алхимия души.","e3b0c44298fc1c149afbf4c8996fb92427ae41e4649b934ca495991b7852b855","","service_history","service","no","no","high","none","","","","","Telegram Desktop/ChatExport_2026-09-04/messages.html","#message-231"
"message653","default","18.06.2025 10:04:06 UTC-05:00","no","photos/photo_427@18-06-2025_10-04-06.jpg","1","0","Психогомеопатия: Алхимия души.","086d09a9540cbdab9a53b4b876976987ce25d44d97ea3c366f6052fc265d809f","Чем мне нравится Коррекция здоровья/ ситуации по схеме: УСИН + Гомеопатия: №1. Это работает сразу. Ты ощущаешь волну/ прилив энергии или нужного тебе качества (собранность - метал, активность, жизнерадостность - огонь, потенциал силы - вода, креативность - дерево). №2. Работаем здесь и сейчас. Мы не уходим в глубину психологичесокй травмы. А значит эффект бы","deep_alchemical","book_04","yes","yes","medium","none","","","","","Telegram Desktop/ChatExport_2026-09-04/messages.html","#message653"
"message654","default","18.06.2025 17:00:19 UTC-05:00","no","photos/photo_428@18-06-2025_17-00-19.jpg","1","0","Психогомеопатия: Алхимия души.","23c5393f6ea279294d034bd80f3ac49af3ea9568b3c417dbbdb3e6b1d2133c4a","🌿 Преимущества работы по системе УСИН: #1. УСИН - это система баланса жизни. Через Усин можно усилить здоровье, а так же те энергии (качества), которых вам не хватает. 🌊 Вода — энергия, опора 🌱 Дерево — рост, цели 🔥 Огонь — радость, общение 🌍 Земля — стабильность 🛡 Металл — границы, воля #2. УСИН - это система баланса всех сфер жизни. Мы укрепляем поте","deep_alchemical","book_04","yes","yes","medium","none","","","","","Telegram Desktop/ChatExport_2026-09-04/messages.html","#message654"
"message655","default","18.06.2025 17:19:33 UTC-05:00","no","photos/photo_429@18-06-2025_17-19-33.jpg","1","0","Психогомеопатия: Алхимия души.","584f8a2c0684f421d8c2b0ff92dfeeec018c85693bdf5b7d260f9913b3348ca1","КАК ИДЕТ РАБОТА По курсу УСИН + ГОМЕОПАТИЯ Сессия #1. ОЧИСТКА/ БАЛАНС Мы диагностируем баланс по стихиям, находим где провал, причины нехватки ресурса в здоровье или цели. Подбираем мягкий препарат для аккуратного подьема провисающего параметра. Сессия #2. ЗАЩИТА. Мы проверяем изменения и начинаем повышать потенциал всех стихий, для усиление общего уровня, п","deep_alchemical","book_04","yes","yes","medium","none","","","","","Telegram Desktop/ChatExport_2026-09-04/messages.html","#message655"
"message656","default","18.06.2025 20:06:19 UTC-05:00","no","photos/photo_430@18-06-2025_20-06-19.jpg","1","0","Психогомеопатия: Алхимия души.","3c90cd5b227d456c5d282c991104460f1b2a3114178715ba35e4fd77542ba27c","🏛️ Курс Античные Мистерии. Гомеопатия 3 уровень 📅 55 день — Возвращение яблок Гесперид. Плод зрелости. Свобода от одобрения. 🌞 Тема дня: Принятие своего пути и дара . Освобождение от внешней оценки, от необходимости быть одобренным, признанным, оцененным. 🔱 Сюжет мифа : Геракл возвращается из сада Гесперид и приносит золотые яблоки Еврисфею. Еврисфей — ц","theory_method","book_01","yes","yes","medium","none","","","","","Telegram Desktop/ChatExport_2026-09-04/messages.html","#message656"
"message657","default","18.06.2025 20:06:41 UTC-05:00","no","photos/photo_431@18-06-2025_20-06-41.jpg","1","0","Психогомеопатия: Алхимия души.","2394f6e7f25988c55e00d53529924958fabf2fe9c393001fb3240b80f87d42f2","🌀 Образ — медитация: Ты идёшь по беломраморному залу. В руке — золотое яблоко, пульсирующее мягким светом. Это не груз, не трофей. Это часть тебя, плод твоего пути. На троне впереди — Еврисфей. Он наблюдает свысока, но ты больше не в его власти. Ты не ищешь одобрения, ты несёшь свет, потому что хочешь. Твоя походка — спокойна. Спина прямая. Ты не оправдывае","subpersonality","book_03","yes","yes","medium","mention_only","Aurum metallicum","aurum-metallicum","","","Telegram Desktop/ChatExport_2026-09-04/messages.html","#message657"
"message-232","service","","no","","0","0","Психогомеопатия: Алхимия души.","e3b0c44298fc1c149afbf4c8996fb92427ae41e4649b934ca495991b7852b855","","service_history","service","no","no","high","none","","","","","Telegram Desktop/ChatExport_2026-09-04/messages.html","#message-232"
"message658","default","19.06.2025 13:29:23 UTC-05:00","no","photos/photo_432@19-06-2025_13-29-23.jpg","1","0","Психогомеопатия: Алхимия души.","e8d601718f521ae8f3767fc8db4f8cb0609f7aa616ee456c098f7329e59a55cf","НАБЛЮДЕНИЯ. Усин + гомеопатия. Опыт работы показывает: 🧪 Гомеопатические препараты приносят определённое качество энергии, 🌿 а стихии УСИН направляют эту энергию в нужное русло. НАПРИМЕР * CINCHONA - Препарат Cinchona в целом дает клиенту некоторую энергетическую поддержку и активизацию. - Но если совместить Cinchona со стихией воды, то начинает значительн","deep_alchemical","book_04","yes","yes","medium","mention_only","Cinchona","cinchona; cinchona","","","Telegram Desktop/ChatExport_2026-09-04/messages.html","#message658"
"message659","default","19.06.2025 17:07:50 UTC-05:00","no","photos/photo_433@19-06-2025_17-07-50.jpg","1","0","Психогомеопатия: Алхимия души.","6b4287fcf255658148ef2b2f23f24d00d30a23f8a67ed5d63717d566c8272b1f","СТИХИИ ПРЕПАРАТА Раскрою глубже предыдущую тему на примере LYCOPODIUM Препарат полезен для вопросов: 1) лидерство, уверенность, влияние 2) а так же проблем с ЖКТ. Препарат активизирует зону солнечного сплетения/ манипура. Но в через 5ть стихий Усин можно по разному сфокусировать его действие. * ДЕРЕВО: - Если страх двигаться вперед, начать, застой в жизни и ","deep_alchemical","book_04","yes","yes","medium","mention_only","Lycopodium","lycopodium; lycopodium","","","Telegram Desktop/ChatExport_2026-09-04/messages.html","#message659"
"message-233","service","","no","","0","0","Психогомеопатия: Алхимия души.","e3b0c44298fc1c149afbf4c8996fb92427ae41e4649b934ca495991b7852b855","","service_history","service","no","no","high","none","","","","","Telegram Desktop/ChatExport_2026-09-04/messages.html","#message-233"
"message660","default","20.06.2025 15:01:14 UTC-05:00","no","photos/photo_434@20-06-2025_15-01-14.jpg","1","0","Психогомеопатия: Алхимия души.","8c784c8999aca58d3a57419f3222f0f54d8cac7818a8ec351e966799a79f6692","🏛️ Курс «Античные Мистерии» 📅 56 день — Рубашка Несса. Испытание болью и любовью. Финальный вызов. Испытание не мечом, а сердцем. 🔥 Тема дня: Прожить боль, не разрушившись. Не убежать, а трансформировать. Сжечь кожу про шлого. 🔱 Сюжет мифа: Геракл, пройдя почти все подвиги, получает от жены Деяниры подарок — рубашку, пропитанную кровью убитого кентавра. ","subpersonality","book_03","yes","yes","medium","none","","","","","Telegram Desktop/ChatExport_2026-09-04/messages.html","#message660"
"message661","default","20.06.2025 15:01:34 UTC-05:00","no","photos/photo_435@20-06-2025_15-01-34.jpg","1","0","Психогомеопатия: Алхимия души.","76cf200fe7ec3257fb347547c8b230f3b3e2d03b2babcd91d8e21a9595444d69","🧘‍♂️ Образ – медитация: Сделай вдох. И выдох. Позволь себе вспомнить самую сильную боль в любви. Может быть — предательство, может — молчание, может — твоя собственная уступка, чтобы быть нужным. Позволь этому образу подойти. Не гони. Просто смотри. Ты стоишь на вершине. На тебе — рубашка, пропитанная чьим-то ядом. Это кровь старой истории, любви, которую т","theory_method","book_01","yes","yes","medium","none","","","","","Telegram Desktop/ChatExport_2026-09-04/messages.html","#message661"
"message662","default","20.06.2025 16:18:30 UTC-05:00","no","photos/photo_436@20-06-2025_16-18-30.jpg","1","0","Психогомеопатия: Алхимия души.","9bc0b4b950f8ae8397cd4d7c0ea380b4872a4c5895b98ff74f5aea4bef153255","УСИН и ПСИХОТЕРАПИЯ: путь развития личности через 5 стихий . Модель УСИН описывает цикл энергии в человеке. Бодинамика — этапы формирования личности. Модель Усин отражает этапы развития человека по бодинамики. 💧Стихия Вода . Этапы: 1. Рождение (0 лет) 2. Контакта и заботы (0–1.5 года) Суть стихии: глубинная безопасность, опора, доверие. Фокус этапа: «Я есть","deep_alchemical","book_04","yes","yes","medium","none","","","","","Telegram Desktop/ChatExport_2026-09-04/messages.html","#message662"
"message-234","service","","no","","0","0","Психогомеопатия: Алхимия души.","e3b0c44298fc1c149afbf4c8996fb92427ae41e4649b934ca495991b7852b855","","service_history","service","no","no","high","none","","","","","Telegram Desktop/ChatExport_2026-09-04/messages.html","#message-234"
"message663","default","21.06.2025 08:43:07 UTC-05:00","no","photos/photo_437@21-06-2025_08-43-07.jpg","1","0","Психогомеопатия: Алхимия души.","eadd88ee3ee710987df448507f788fce1bebbcd057ee50ca62534a5180529209","🏛️Античные Мистерии 57 день — Вознесение. Принятие своего Божественного Я. Тема: После костра ты очищен… Но теперь — новый вызов: Принять, что ты достоин Света. Остановить внутреннего критика, который говорит: “ты не заслужил”. 🔥 Психодинамика дня: Это день, когда старая тень недостоинства может ещё подниматься . Ты уже чист , но внутри может оставаться ст","other","out_of_scope","no","no","low","none","","","","","Telegram Desktop/ChatExport_2026-09-04/messages.html","#message663"
"message-235","service","","no","","0","0","Психогомеопатия: Алхимия души.","e3b0c44298fc1c149afbf4c8996fb92427ae41e4649b934ca495991b7852b855","","service_history","service","no","no","high","none","","","","","Telegram Desktop/ChatExport_2026-09-04/messages.html","#message-235"
"message664","default","22.06.2025 08:27:00 UTC-05:00","no","photos/photo_438@22-06-2025_08-27-00.jpg","1","0","Психогомеопатия: Алхимия души.","647181f138e6d022ecbc5477b4357a128752f2991e7e10f5f2729570f8468e3e","🏛️ Курс «Античные Мистерии» Гомеопатия 3 уровень. 📅58 день - Встреча с Цербером . Спуск в Подземный Мир. Испытание: Принять свою Тень, не потеряв Света. 🔱 Мифологический сюжет: Геракл отправляется в подземный мир, чтобы привести Цербера, трёхглавого стража Аида. Но он делает это без оружия. Силой Духа, а не насилием. Цербер — символ самой глубокой тени, б","theory_method","book_01","yes","yes","medium","none","","","","","Telegram Desktop/ChatExport_2026-09-04/messages.html","#message664"
"message665","default","22.06.2025 12:36:24 UTC-05:00","no","photos/photo_439@22-06-2025_12-36-24.jpg","1","0","Психогомеопатия: Алхимия души.","6ad01d6cc2bc533f8690c8c3db5c8794738abbf5544413d21ed23ceb59c5b193","Интересный препарат с которым начал работать. CANDIDA ALBICANS По сути это вибрации кандиды: грибок, который размножается на слизистых, вызывает инфекции. Он очень показателен. В системе человека (расстановке) данный препарат показывает где самое слабое место, гниль, дно. Где энергии уничижения и куда надо направить внимание в первую очередь. Это может быть ","subpersonality","book_03","yes","yes","medium","none","","","","","Telegram Desktop/ChatExport_2026-09-04/messages.html","#message665"
"message-236","service","","no","","0","0","Психогомеопатия: Алхимия души.","e3b0c44298fc1c149afbf4c8996fb92427ae41e4649b934ca495991b7852b855","","service_history","service","no","no","high","none","","","","","Telegram Desktop/ChatExport_2026-09-04/messages.html","#message-236"
"message666","default","23.06.2025 09:03:40 UTC-05:00","no","photos/photo_440@23-06-2025_09-03-40.jpg","1","0","Психогомеопатия: Алхимия души.","e55a9a47a59465e15eb571cd636b5ea3437c31835f2a9a17d857f76c9790e673","«Античные Мистерии. Гомеопатия. 3 уровень» : 🏛️ 59 день — Возвращение из подземного мира. Первые шаги в Мире. Тема: «Я вернулся. Меня видно. Но не потеряю ли я себя?» 🔱 Мифологический сюжет: Геракл, пройдя все подвиги, поднялся из подземного мира , ведя с собой Цербера — символ своей Тени. Теперь он снова среди людей . Но он уже другой . И этот новый Я дол","subpersonality","book_03","yes","yes","medium","none","","","","","Telegram Desktop/ChatExport_2026-09-04/messages.html","#message666"
"message667","default","23.06.2025 20:53:44 UTC-05:00","no","photos/photo_441@23-06-2025_20-53-44.jpg","1","0","Психогомеопатия: Алхимия души.","d99d02c7cc3705b2624b3d1da574f7cfaa56832ee66c091d765ab98e61f4a22c","PLATINA METALLICUM Это архетип отвергнутой королевы, чья величественность стала бронёй. Она сияет, но внутри — одиночество, страх и жажда признания. ""Я выше всех. Но если ты отвергнешь меня — я разрушусь."" Особый препарат, который возвращает честь, доблесть и достоинство. Внутренние части души под действием этого препарата обретают ясность, четкость, спокойс","remedy_card","book_02","yes","yes","high","full_card","Platina Metallicum","platina-metallicum","message667","","Telegram Desktop/ChatExport_2026-09-04/messages.html","#message667"
"message668","default","23.06.2025 22:14:33 UTC-05:00","no","photos/photo_442@23-06-2025_22-14-33.jpg","1","0","Психогомеопатия: Алхимия души.","90df015c642edcc1377e8b7cbb366e52855c414504a20699519d86cf6f484038","Platina . Я строила башню из колкого льда, Где трон — моя гордость, где славы звезда. Я выше, я дальше, я будто луна, Но сердце дрожало во тьме без огня. Меня унижали — я стала стальной, Стирала обиды холодной рукой. Смеялась над болью, над тщетной молвой, Считала, что выше, чем мир подомной. Но сердце кричало сквозь стены и страх: «Позволь мне быть тёплым- ","other","out_of_scope","no","no","low","none","","","","","Telegram Desktop/ChatExport_2026-09-04/messages.html","#message668"
"message669","default","23.06.2025 23:51:15 UTC-05:00","no","","0","0","Психогомеопатия: Алхимия души.","73afb1f961c7a5ff4def311490936d2befefede7dcee86c35112007ec14d8cb9","Сложные случаи в работе. Чаще всего мне удается достаточно четко и быстро - найти источник проблемы - и найти решение/ препапат, который меняет состояние, связи, события. Но в некоторых случаях мы подвисаем: изменения идут крайне медленно. Внутренние образы не меняются. - В каких случаях? - Если мы попали в самый источник, ядро глубокой травмы и у психики по","theory_method","book_01","yes","yes","medium","none","","","","","Telegram Desktop/ChatExport_2026-09-04/messages.html","#message669"
"message-237","service","","no","","0","0","Психогомеопатия: Алхимия души.","e3b0c44298fc1c149afbf4c8996fb92427ae41e4649b934ca495991b7852b855","","service_history","service","no","no","high","none","","","","","Telegram Desktop/ChatExport_2026-09-04/messages.html","#message-237"
"message670","default","25.06.2025 00:31:04 UTC-05:00","no","photos/photo_443@25-06-2025_00-31-04.jpg","1","0","Психогомеопатия: Алхимия души.","bd30542b86788c2e3805ac1bd0f6f3be139a1bfa869ae656e7ee86aed345124a","BAPTISIA TINCTORIA Этот препапарат меня поразил. В мягкой потенции (6ch) он помогает восстанавливать, соединять те отщепленные части души, с которыми казалось бы уже никогда не будет контакта. Он буквально возвращает жизнь, которая казалось бы уже утекла. Он возвращает ощущение силы, проявленности, чувство Я есть! Препарат для тех, кто чувствует себя распавш","remedy_card","book_02","yes","yes","high","full_card","Baptisia Tinctoria","baptisia-tinctoria","message670","","Telegram Desktop/ChatExport_2026-09-04/messages.html","#message670"
"message671","default","25.06.2025 07:59:41 UTC-05:00","no","photos/photo_444@25-06-2025_07-59-41.jpg","1","0","Психогомеопатия: Алхимия души.","a5df41a791dcd02d1296d79301c4b4fc9fa961d6e3e2b7c945092a61e04af276","🏛️ АНТИЧНЫЕ МИСТЕРИИ – День 60: ""Последний выбор. Освобождение Прометея"" Ты получил силу. Принял Тень. Вознёсся. Теперь — пора исполнить своё предназначение. 🔥 Мифологический сюжет: Освобождение Прометея После всех подвигов, Геракл восходит на вершину Кавказа. Там — Прометей , прикованный к скале. Орёл ежедневно клюёт его печень — символ вечного страдания ","theory_method","book_01","yes","yes","medium","none","","","","","Telegram Desktop/ChatExport_2026-09-04/messages.html","#message671"
"message673","default","25.06.2025 17:08:49 UTC-05:00","no","photos/photo_436@20-06-2025_16-18-30.jpg; photos/photo_436@20-06-2025_16-18-30_thumb (1).jpg","2","0","Психогомеопатия: Алхимия души.","ea71df775e15aa53cb9e12aa46979cfb0fd8d40184ae39b5862118a676edbaba","ГОМЕОПАТИЯ ЗДОРОВЬЯ. И китайская метафизика. Здоровье - это совсем отдельное направление от психогомеопатии. Работа со здоровьем в УСИН идет по совершенно другим принципам. Задача: - поддержать динамику нужных стихий и меридианов, чтобы укрепить здоровье человека. При этом мы работаем сверх-низкими потенциями 6ch, которые ближе всего к физическому телу. Напр","deep_alchemical","book_04","yes","yes","medium","none","","","","","Telegram Desktop/ChatExport_2026-09-04/messages.html","#message673"
"message674","default","25.06.2025 17:09:21 UTC-05:00","no","photos/photo_433@19-06-2025_17-07-50.jpg; photos/photo_433@19-06-2025_17-07-50_thumb (1).jpg","2","0","Психогомеопатия: Алхимия души.","b002a67517e164d05426c0e4f4850260f735566253dfb0ed04a5b229ac9b0052","Есть 3 уровня укрепления внутреннего баланса УСИН (5 стихий) через гомеопатию. УРОВЕНЬ 1. АКТИВАЦИЯ СТИХИЙ. Шаг 1. Мы подбираем препараты для активации слабых стихий. Шаг 2. Мы укрепляем все 5 стихий параллельно. Эффект: При этом потенциал здоровья/ цели растет на 20%, Т.е. если был 5/10, то при подкачки 5 стихий становится 6/10 и фиксируется. Растет бодрост","deep_alchemical","book_04","yes","yes","medium","none","","","","","Telegram Desktop/ChatExport_2026-09-04/messages.html","#message674"
"message675","default","25.06.2025 20:52:32 UTC-05:00","no","","0","0","Психогомеопатия: Алхимия души.","2d4dc712033d96e1850990b66549c7861d418cb7f6032acdc23e8568335238b5","По опыту: 1) Сразу запустить подкачку всех стихий получается достаточно жестко, даже потенцией d6. Но если мы активируем стихии по очереди, то через неделю получается усилить и другие стихии и в целом поднять личный потенциал. 2) После достижения баланса стихий я попробовал гомеопатией начать воздействие на конкретные органы, но это тоже слишком жестко (силь","deep_alchemical","book_04","yes","yes","medium","none","","","","","Telegram Desktop/ChatExport_2026-09-04/messages.html","#message675"
"message-238","service","","no","","0","0","Психогомеопатия: Алхимия души.","e3b0c44298fc1c149afbf4c8996fb92427ae41e4649b934ca495991b7852b855","","service_history","service","no","no","high","none","","","","","Telegram Desktop/ChatExport_2026-09-04/messages.html","#message-238"
"message676","default","26.06.2025 08:32:45 UTC-05:00","no","","0","0","Психогомеопатия: Алхимия души.","00744e2e6ab326422763bf076d48377352c494a678769fce5de25e230d45f073","ФОРМАТ РАБОТЫ: СОПРОВОЖДЕНИЕ. Ребята, я постепенно буду переходить в работе от формата разовых сессий к формату месячное сопровождение. При этом сумма оплаты останется той же, но услуг будет больше. В формате сопровождения мне можно задавать больше вопросов, делать экспресс-диагностики текущей ситуации когда надо. В месяц сопровождения входит: - 4 кратких се","theory_method","book_01","yes","yes","medium","none","","","","","Telegram Desktop/ChatExport_2026-09-04/messages.html","#message676"
"message678","default","26.06.2025 20:00:40 UTC-05:00","no","photos/photo_447@26-06-2025_20-00-40.jpg","1","0","Психогомеопатия: Алхимия души.","783923a80c187b2a55b8607fb8d1ce68caf54afb36767f9d49dd134614e885c6","SANGUINARIA CANADENSIS (Сангвинария, кровавый корень) Уникальный препарат. Это архетип патриарха, Cтража Рода. Возвращает силу, защиту, поддержку предков. Дает мужскую энергию рода. Помогает, когда мужчина чувствует, что не имеет права занимать своё место. Или он утратил свою внутреннюю ось. По факту, опыту работы, этот препарат возвращает связь с архетипичи","remedy_card","book_02","yes","yes","high","full_card","Sanguinaria Canadensis","sanguinaria-canadensis","message678","","Telegram Desktop/ChatExport_2026-09-04/messages.html","#message678"
"message-239","service","","no","","0","0","Психогомеопатия: Алхимия души.","e3b0c44298fc1c149afbf4c8996fb92427ae41e4649b934ca495991b7852b855","","service_history","service","no","no","high","none","","","","","Telegram Desktop/ChatExport_2026-09-04/messages.html","#message-239"
"message679","default","27.06.2025 12:07:57 UTC-05:00","no","","0","0","Психогомеопатия: Алхимия души.","cfa3215f3346827bcdf47adad22c0890877a4b3c8f86f9803614efecece8e1a4","Мне в последнее время клиенты в гомеопатии все чаще говорят, что я гениален 😅🫣🙃 и я начинаю к этому привыкать.) Что мне нравится, через расстановочное поле можно сразу замерить эффект воздействия. Коррекция через гомеопатию может быть в разы сильнее чем коррекция через психологию, психотерапию и даже магические артефакты Главное - четко подобрать препарат","deep_alchemical","book_04","yes","yes","medium","none","","","","","Telegram Desktop/ChatExport_2026-09-04/messages.html","#message679"
"message680","default","27.06.2025 20:52:50 UTC-05:00","no","photos/photo_448@27-06-2025_20-52-50.jpg","1","0","Психогомеопатия: Алхимия души.","8435f24377617576760f683c798ab6cedca6a1592ffe89535ab0fca969ee8a42","VERATRUM ALBUM Обычно я этот препарат назначаю на поздних этапах терапии. Его прелесть в том, что он формирует у человека зрелую ось. Чувство достоинства и опоры. При этом внутренняя сила человека расцветает. Это как дерево, которое вырастает. Появляется крепкий ствол, чувство личной ценности и распускаются цветы. Это глубокий препарат, связанный с коллапсом","remedy_card","book_02","yes","yes","high","full_card","Veratrum Album","veratrum-album","message680","","Telegram Desktop/ChatExport_2026-09-04/messages.html","#message680"
"message681","default","27.06.2025 21:28:51 UTC-05:00","no","photos/photo_449@27-06-2025_21-28-51.jpg","1","0","Психогомеопатия: Алхимия души.","b792b64c69c4ab6d25df9e36151e940ffb73708ea8a0014b9cc278f9874d3b78","HYDRASTIS CANADENSIS (Гидрастис, Золотарник канадский) Очень любопытный препарат. Первый эффект от препарата по опыту - возникает кураж, смелость, юношеская самоуверенность. Тебе все пофиг, ты несешь себя как есть. Это необычно и пьянит. А суть, основной эффект препарата - он очищает слизь с души. Снимает завалы обид, стыда, вины, слабости. Он помогает в ран","remedy_card","book_02","yes","yes","high","full_card","Hydrastis Canadensis","hydrastis-canadensis","message681","","Telegram Desktop/ChatExport_2026-09-04/messages.html","#message681"
"message-240","service","","no","","0","0","Психогомеопатия: Алхимия души.","e3b0c44298fc1c149afbf4c8996fb92427ae41e4649b934ca495991b7852b855","","service_history","service","no","no","high","none","","","","","Telegram Desktop/ChatExport_2026-09-04/messages.html","#message-240"
"message682","default","28.06.2025 14:19:27 UTC-05:00","no","photos/photo_450@28-06-2025_14-19-27.jpg","1","0","Психогомеопатия: Алхимия души.","704b63b6ef58e52e0bb1922729c09347a945154cb5c4acf35b89855e9fe6bf34","COBALTUM METALLICUM (Кобальт) Особый препарат, который возвращает Силу Духа. Право жить. Право отстаивать свои границы и быть собой. Кобальтум укрепляет личную силу, дает больше выдержки, опоры. Расширяются и укрепляются границы. Растет чувство, что ты держишь и управляешь миром, а не он тобой. Препарат для тех, кто действует, но чувствует себя невидимым, не","remedy_card","book_02","yes","yes","high","full_card","Cobaltum Metallicum","cobaltum-metallicum","message682","","Telegram Desktop/ChatExport_2026-09-04/messages.html","#message682"
"message683","default","28.06.2025 17:47:24 UTC-05:00","no","photos/photo_451@28-06-2025_17-47-24.jpg","1","0","Психогомеопатия: Алхимия души.","0766b718963a110ded4b2cb08c1ca81497e616ba6bbe524756db879178cd165e","МЕТОД КОРРЕКЦИИ БАЛАНСА СТИХИЙ УСИН Через препараты гомеопатии. Коррекция включает 7 уровней работы. 1й уровень - мы находим самую слабую стихию и даем ей поддержку 2й уровень - мягкая поддержка и баланс всех 5ти стихий 3, 4 уровень - гармонизация китайских меридианов 5-7 уровень - активизаций архетипов стихий. Расскажу свои наблюдения. УРОВЕНЬ 1. Активация ","deep_alchemical","book_04","yes","yes","medium","none","","","","","Telegram Desktop/ChatExport_2026-09-04/messages.html","#message683"
"message684","default","28.06.2025 20:04:08 UTC-05:00","no","","0","0","Психогомеопатия: Алхимия души.","856f7126fbe98db7f304603ecfa55c0ef0b93fb331f1c4263bb9b7e5e30c5c88","АКЦИЯ. Я могу взять еще одного человека в программу коррекцию через УСИН и провести 4ре уровня коррекции (стихии + меридианы) в рамках одного цикла работы. Пишите ""хочу усин"". T.me/andytherapist","deep_alchemical","book_04","yes","yes","medium","none","","","","","Telegram Desktop/ChatExport_2026-09-04/messages.html","#message684"
"message685","default","28.06.2025 21:23:23 UTC-05:00","no","photos/photo_452@28-06-2025_21-23-23.jpg","1","0","Психогомеопатия: Алхимия души.","3ba932d7aaf23fdc4898493e7f8d6c2e1dcfeb70a721f33b818eb53835bfa7a6","СИЛА ЛИЧНОСТИ Мы привыкли к тому, что личность - это что-то единое, целое. Но опыт работы показывает, что личность - это как веник из множества субличностей. Причем человек может быть вполне адекватен, но некоторые его субличности в шоке, в панике, в полной дезинтеграции. И чем дальше в глубь душевных тем мы уходим, тем более шоковые части души начинают вспл","subpersonality","book_03","yes","yes","medium","none","","","","","Telegram Desktop/ChatExport_2026-09-04/messages.html","#message685"
"message-241","service","","no","","0","0","Психогомеопатия: Алхимия души.","e3b0c44298fc1c149afbf4c8996fb92427ae41e4649b934ca495991b7852b855","","service_history","service","no","no","high","none","","","","","Telegram Desktop/ChatExport_2026-09-04/messages.html","#message-241"
"message686","default","29.06.2025 09:00:53 UTC-05:00","no","","0","0","Психогомеопатия: Алхимия души.","be649fa0032741bc5751eacc61184a5a9fcce8e52cb9c9497a4188c46a95f991","Проверил теорию. Мои ощущения подтвердились. Действительно, - Животные стихий Усин помогают человеку в аспекте проявления во внешнем мире (архетипическая модель поведения) - Духи Стихий - центр личности (внутренний смысл, качества человека). ПРОЯВЛЕНИЕ ЖИВОТНЫХ СТИХИЙ: - Животное Воды: мудрость, глубина, интуиция - Животное Дерева: импульс, движение, напор -","deep_alchemical","book_04","yes","yes","medium","none","","","","","Telegram Desktop/ChatExport_2026-09-04/messages.html","#message686"
"message687","default","29.06.2025 10:35:37 UTC-05:00","no","","0","0","Психогомеопатия: Алхимия души.","f34775c5a3a05fdc1ea638c6bda165a185eaac30e412a78af7ee381573633806","УСИН 5 уровень. ЖИВОТНЫЕ СТИХИЙ. Каждое из этих животных символизирует разные архетипические модели проявления стихии. В рамках сессии Усин 5 уровня вы можете : - нарисовать у себя на листике модель УСИН, меридианы - рядом с каждой стихий написать/ нарисовать животных Усин. Я проверю, архетипы каких животных у вас проявлены больше и меньше и нужные качества ","deep_alchemical","book_04","yes","yes","medium","none","","","","","Telegram Desktop/ChatExport_2026-09-04/messages.html","#message687"
"message688","default","29.06.2025 11:41:24 UTC-05:00","no","","0","0","Психогомеопатия: Алхимия души.","648364c5549775fefed2147cae35ebf3ab149b168f04ad9fd14f461e4011aca1","УСИН 3 УРОВЕНЬ: 12 МЕРИДИАНОВ Меридианы - это система связи психики и тела. Меридианы отражают этапы реакции человека на, стрессы внешнего мира: 1) эмоциональная реакция 2) психическая реакция, мышление 3) психофизическая реакция 4) состояние органов тела. Для сессии на 3м уровне Усин нарисуйте модель Усин (5 стихий) и рядом с каждой стихией внизу названия м","deep_alchemical","book_04","yes","yes","medium","none","","","","","Telegram Desktop/ChatExport_2026-09-04/messages.html","#message688"
"message689","default","29.06.2025 21:10:59 UTC-05:00","no","","0","0","Психогомеопатия: Алхимия души.","b1997ca7269d382498cf8fdf341a41d1bd2eea830a06c8b988fdc70790d3d2d3","Скажу честно, психические болезни мне лечить легче, чем физические. Иногда чтобы перейти - с 1го уровня здоровья (усин-1) на 2й уровень здоровья (усин-2: баланс стихий) может пройти несколько недель. При ослабленном здоровье не все препараты сочетаются друг с другом, некоторые препараты можно ставить только днем, другие ночью и т.д. Это похоже на то, что у в","deep_alchemical","book_04","yes","yes","medium","none","","","","","Telegram Desktop/ChatExport_2026-09-04/messages.html","#message689"
"message690","default","29.06.2025 21:11:01 UTC-05:00","no","","0","0","Психогомеопатия: Алхимия души.","449ecfeb11cc461f3aac6035f8f48bc3fbfed1a8b2dcb155f539a987fb24f0fe","МЕТАФОРА НА УРОВНИ УСИН - Усин 1, 2 (стихии): это построить дом - стены, крыша, фундамент. - Усин 3, 4 (меридианы): это провести в дом воду, газ, свет. - Усин 5 (животные): сделать ремонт, купить мебель, задать стиль, завести кота. - Усин 6,7 (духи стихий): заселиться в доме, стать в нем хозяином.","deep_alchemical","book_04","yes","yes","medium","none","","","","","Telegram Desktop/ChatExport_2026-09-04/messages.html","#message690"
"message-242","service","","no","","0","0","Психогомеопатия: Алхимия души.","e3b0c44298fc1c149afbf4c8996fb92427ae41e4649b934ca495991b7852b855","","service_history","service","no","no","high","none","","","","","Telegram Desktop/ChatExport_2026-09-04/messages.html","#message-242"
"message691","default","30.06.2025 00:50:40 UTC-05:00","no","photos/photo_453@30-06-2025_00-50-40.jpg","1","0","Психогомеопатия: Алхимия души.","e868031823898f20775e3292dd2b69954d4896bb447babffe2ea257eead1d83b","MAGNESIUM MURIATICUM, CARSINOSINUM, THUJA Поросёнок в костюмерной В углу, за платьями из шёлка, Где пахнет пылью и доской, Живёт несмелый поросёнок — С заветной, чистою мечтой. Он носит маски королевы, Плащ капитана, короля, И в каждом прячется несмело Как будто ""жизнь не для меня"". В окно скользнет луч солнца робко, Коснется ушка и спины. И поросенок изумле","remedy_mention","out_of_scope","no","no","low","mention_only","Carcinosinum; Thuja; Magnesium Muriaticum","carcinosinum; thuja; magnesium-muriaticum; thuja; magnesium-muriaticum; carcinosinum","","","Telegram Desktop/ChatExport_2026-09-04/messages.html","#message691"
"message692","default","30.06.2025 07:49:06 UTC-05:00","no","","0","0","Психогомеопатия: Алхимия души.","c7182ed828c9b331bad8b8d9eef5e7a739202a1d5f3fa0b87040caf456cd63c5","УСИН-3. МЕРИДИАНЫ. ПОДСКАЗКИ И РЕКОМЕНДАЦИИ. 🌊 СТИХИЯ ВОДЫ 1.1. Меридиан Почек Задача : Преодолеть страх и обрести опору, глубину, корень, внутреннюю силу. Рекомендация : Отдых, заземление, тепло Образ : Глубокое озеро под скалами 1.2. Меридиан Мочевого Пузыря Задача : Сбросить накопленное напряжение, восстановить гибкость и выносливость. Рекомендация : Рас","deep_alchemical","book_04","yes","yes","medium","none","","","","","Telegram Desktop/ChatExport_2026-09-04/messages.html","#message692"
"message693","default","30.06.2025 07:57:03 UTC-05:00","no","","0","0","Психогомеопатия: Алхимия души.","a6105be5460bdbed436d099b0ebc14dc9f1c371ac5a9df43e17e601ffa5f3206","УСИН-1. БАЛАНС СТИХИЙ ПОДСКАЗКИ И РЕКОМЕНДАЦИИ. 🌊 СТИХИЯ ВОДЫ Ключ : Глубина, внутренняя сила, страх и доверие Задача : Найти внутреннюю опору, довериться потоку жизни, сохранить энергию + Спокойствие, сосредоточенность, ясное ощущение смысла жизни, сила воли - Страх, тревожность, замирание, усталость, избегание действий, ощущение ""я не справлюсь"" Рекоменда","deep_alchemical","book_04","yes","yes","medium","mention_only","Natrum Muriaticum; Sulphur; Baryta Carbonica; Pulsatilla; Calcarea Carbonica; Phosphoricum Acidum; Lycopodium; Sepia; Staphysagria; Silicea; Carcinosinum; Psorinum; Ambra Grisea; Aconitum","natrum-muriaticum; sulphur; baryta-carbonica; pulsatilla; calcarea-carbonica; phosphoricum-acidum; lycopodium; sepia; staphysagria; silicea; carcinosinum; psorinum; ambra-grisea; phosphoricum-acidum; lycopodium; sepia; staphysagria; silicea; psorinum; ambra-grisea; carcinosinum; aconitum","","","Telegram Desktop/ChatExport_2026-09-04/messages.html","#message693"
"message694","default","30.06.2025 07:58:08 UTC-05:00","yes","","0","0","Психогомеопатия: Алхимия души.","1d26d16feac239d6545e47e236658c8f7471a9c1b94144ee508cb0f99f257998","🔥Акция. Личный сеанс коррекции в УСИН. (для 3х человек в течении недели) Я готов сделать каждому личную диагностику и коррекцию стихий и меридианов УСИН. Вы получаете: 1. Диагностику баланса стихий, анализ сильных/ слабых зон, подскадки и рекомендации. 2. Диагностику, подсказку по любосу вашему вопросу вашей жизни через И-ЦЗИН 3. Персональный аудио-сеанс эн","deep_alchemical","book_04","yes","yes","medium","none","","","","","Telegram Desktop/ChatExport_2026-09-04/messages.html","#message694"
"message695","default","30.06.2025 09:43:10 UTC-05:00","no","photos/photo_454@30-06-2025_09-43-10.jpg","1","0","Психогомеопатия: Алхимия души.","14a11c7f9af984e7c9b07ccc3ee12cb92bf961233ddcf8a2388064462c61b840","Kali Iodatum, Magnesium Muriaticum МЕДИТАЦИЯ На стабилизацию внутренней части (поросенка). Я сижу в тени, в живом покое, Где дыханье стелится легко. Проходящие идут тропою — Я в себе. И поросенок мой недалеко. Пусть мелькают тени чьих-то судеб, Пусть звучат чужие голоса — Жизни то цветастый кубик Катится, Не трогая меня. Поросёнок — рядом, он не плачит. Он е","remedy_mention","out_of_scope","no","no","low","mention_only","Magnesium Muriaticum","magnesium-muriaticum; magnesium-muriaticum","","","Telegram Desktop/ChatExport_2026-09-04/messages.html","#message695"
"message696","default","30.06.2025 20:30:35 UTC-05:00","no","photos/photo_455@30-06-2025_20-30-35.jpg","1","0","Психогомеопатия: Алхимия души.","2df207639136ed56f165b846834a34c8c19a6f14236502d13cbca7761ece228f","KALIUM IODATUM (Иодистый калий) Воин - очиститель. Огненный дух. Уникальность этого препарата - он создает мощную защиту вокруг уязвленной части Я. Она обретают каменную опору, решительность, готовность сражаться и защищать себя. Препарат укрепляет границы и усиливает боевой дух. Вместо опоры на других и поиска контакта или страха контакта формируется опора ","remedy_card","book_02","yes","yes","high","full_card","Kalium Iodatum","kalium-iodatum","message696","","Telegram Desktop/ChatExport_2026-09-04/messages.html","#message696"
"message-243","service","","no","","0","0","Психогомеопатия: Алхимия души.","e3b0c44298fc1c149afbf4c8996fb92427ae41e4649b934ca495991b7852b855","","service_history","service","no","no","high","none","","","","","Telegram Desktop/ChatExport_2026-09-04/messages.html","#message-243"
"message697","default","01.07.2025 14:38:24 UTC-05:00","no","","0","0","Психогомеопатия: Алхимия души.","a2c835be06817ae4358eb8bf0ca1fb8bc34f6d4fda439c6721d3d88c141bf960","У меня новый левел-по по работе со здоровьем через гомеопатию усин. Сейчая с уже умею диагностировать потенциал стихий и меридианов в человеке и поддерживать их. Но новое - я сформировал модель из 4х стадий здоровья по всем 5ти стихиям. Это очень удобно. По этой модели получается диагностировать 1) на какой стадии здоровья находится пациент 2) какая именно п","deep_alchemical","book_04","yes","yes","medium","none","","","","","Telegram Desktop/ChatExport_2026-09-04/messages.html","#message697"
"message-244","service","","no","","0","0","Психогомеопатия: Алхимия души.","e3b0c44298fc1c149afbf4c8996fb92427ae41e4649b934ca495991b7852b855","","service_history","service","no","no","high","none","","","","","Telegram Desktop/ChatExport_2026-09-04/messages.html","#message-244"
"message698","default","02.07.2025 15:06:21 UTC-05:00","no","","0","0","Психогомеопатия: Алхимия души.","0f1aa11524fbe95b60c55576bd0a16b4bef04ff744549de2257e7bfac5d31d3a","Расскажу сегодня про стихию Земли в УСИН. Время: бабе лето, сбор урожая, питание, насыщение. Земля это не просто опора, это пространство принятия любви, поддержки, заботы, расслабления. Задача: научиться принимать эту любовь. Тогда растет чувство самоценности, уверенности, силы. Если любви нет или она не принимается, через установки, страхи, сценарии - тогда","deep_alchemical","book_04","yes","yes","medium","none","","","","","Telegram Desktop/ChatExport_2026-09-04/messages.html","#message698"
"message699","default","02.07.2025 15:06:25 UTC-05:00","no","","0","0","Психогомеопатия: Алхимия души.","169fe013f169a8e3c73a8ba037103eb93495fd22493ba05b19b9f4edace47294","СТИХИЯ ЗЕМЛИ И МЕРИДИАНЫ 2 меридиана Земли раскрывают ее 2 аспекта: 1) селезенка - расслабление, любовь или чувство ненужности 2) желудок принятие, переваривание - или сверхконтроль и спасательство. ПОДРОБНЕЕ: 1) Меридиан Селезенки - отвечает за координацию процессов в организме 1.1. Если все в порядке, он дает принятие, расслабление, нужность, любовь, чувст","deep_alchemical","book_04","yes","yes","medium","none","","","","","Telegram Desktop/ChatExport_2026-09-04/messages.html","#message699"
"message700","default","02.07.2025 15:49:15 UTC-05:00","no","photos/photo_456@02-07-2025_15-49-15.jpg","1","0","Психогомеопатия: Алхимия души.","441e57828fede19d96324f1a535d6c0cabdc045f4adb2e9c2b066283354d49c4","🌍 ФАЗЫ КОРРЕКЦИИ СТИХИИ ЗЕМЛИ 🔸 ФАЗЫ 4: ЗАСТОЙ / ВЯЗКАЯ ЗЕМЛЯ , БОЛОТО. 🧱 СОСТОЯНИЕ Тяжесть, вязкость, залипание Апатия, заторможенность, обидчивость, застой. Уход в себя, отсутствие желания действовать. 🔮 ОБРАЗ Болото или тяжёлая глина, в которой вязнешь. Сухая земля, жаждущая дождя. 🧠 ПСИХИКА Апатия, отрешённость, обида Пассивность, ощущение бесполезн","theory_method","book_01","yes","yes","medium","mention_only","Lycopodium; Carbo vegetabilis; Sepia","lycopodium; carbo-vegetabilis; sepia; lycopodium; carbo-vegetabilis; sepia","","","Telegram Desktop/ChatExport_2026-09-04/messages.html","#message700"
"message701","default","02.07.2025 15:59:47 UTC-05:00","no","photos/photo_457@02-07-2025_15-59-47.jpg","1","0","Психогомеопатия: Алхимия души.","14656492350d50be7ddf502c44d3cfe42708520621967da14198e2e11b659679","🌍 ФАЗЫ КОРРЕКЦИИ СТИХИИ ЗЕМЛИ 🔸 ФАЗА 3: СУХАЯ ИСТОЩЁННАЯ ЗЕМЛЯ 🧱 СОСТОЯНИЕ Полное опустошение. Сил нет даже на заботу, контроль или эмоции. Внутренний голос говорит: «я больше не могу» . 🔮 ОБРАЗ Истощённое, бледное поле после пожара. Ни зелени, ни влаги — всё выжжено. Мягкий пепел под ногами, словно всё обнулилось. 🧠 ПСИХИКА Апатия, бессилие, отрешённос","theory_method","book_01","yes","yes","medium","mention_only","Pulsatilla; Phosphoricum Acidum; Sepia; Psorinum","pulsatilla; phosphoricum-acidum; sepia; psorinum; phosphoricum-acidum; sepia; psorinum","","","Telegram Desktop/ChatExport_2026-09-04/messages.html","#message701"
"message702","default","02.07.2025 16:03:08 UTC-05:00","no","photos/photo_458@02-07-2025_16-03-08.jpg","1","0","Психогомеопатия: Алхимия души.","e011a044be03689abfefcc96b3d16290e6e8a763395d823d45237ba4fecd1208","🌍 ФАЗЫ КОРРЕКЦИИ СТИХИИ ЗЕМЛИ 🔸 ФАЗА 2: СТРУКТУРНАЯ/ ГИПЕРАКТИВНАЯ ЗЕМЛЯ 🧱 СОСТОЯНИЕ Чрезмерное напряжение, суета, контроль. Человек действует из тревоги, не может остановиться. 🔮 ОБРАЗ Перепаханная, пересушенная земля — всё в трещинах. Пыль поднимается от беготни. Всё движется, но без плодов. 🧠 ПСИХИКА Скрытая тревога, внутреннее давление. Невозможност","theory_method","book_01","yes","yes","medium","mention_only","Ferrum Phosphoricum; Arsenicum Album; Silicea; Cocculus Indicus","ferrum-phosphoricum; arsenicum-album; silicea; cocculus-indicus; silicea; cocculus-indicus","","","Telegram Desktop/ChatExport_2026-09-04/messages.html","#message702"
"message703","default","02.07.2025 16:05:49 UTC-05:00","no","photos/photo_459@02-07-2025_16-05-49.jpg","1","0","Психогомеопатия: Алхимия души.","bd7c331807a095bf50bf4ba32e213faf945fe67fabce308570d752c90ed7f7ac","🌍 ФАЗЫ КОРРЕКЦИИ СТИХИИ ЗЕМЛИ 🔸 ФАЗА 1: ВОССТАНАВЛИВАЮЩАЯСЯ ЗЕМЛЯ 🧱 СОСТОЯНИЕ Появляется мягкость, чувство опоры. Возвращается энергия, но без спешки — бережно, по капле. Жизнь начинает прорастать изнутри. 🔮 ОБРАЗ Свежая, тёплая земля после дождя. Пробиваются первые ростки. Воздух наполнен спокойствием, надеждой и тишиной. 🧠 ПСИХИКА Появляется внутренне","theory_method","book_01","yes","yes","medium","mention_only","Baryta Carbonica; Calcarea Carbonica; Kali Carbonicum; Saccharum Officinale","baryta-carbonica; calcarea-carbonica; kali-carbonicum; saccharum-officinale; saccharum-officinale","","","Telegram Desktop/ChatExport_2026-09-04/messages.html","#message703"
"message704","default","02.07.2025 21:30:16 UTC-05:00","no","photos/photo_460@02-07-2025_21-30-16.jpg","1","0","Психогомеопатия: Алхимия души.","3cd1c0878a2eb3c614d57f27db27976be0a56fdf18159261c87a36f8cbcaeead","COLCHICUM AUTUMNALE (Безвременник) . Оказалось это очень ценный препарат для ранних хаотичных субличностей. Colchicum их собирает, уплотняет, ставит на землю. Они обретают опору, структуру - и они могут начать нормально проявляться. С имвол: Душа, отравленная памятью ядовитого прошлого. Препарат глубокого предательства и ядовитого отравления души. Это нельзя","remedy_card","book_02","yes","yes","high","full_card","Colchicum Autumnale","colchicum-autumnale","message704","","Telegram Desktop/ChatExport_2026-09-04/messages.html","#message704"
"message705","default","02.07.2025 23:57:57 UTC-05:00","no","","0","0","Психогомеопатия: Алхимия души.","41b539dd6320625ed9942146e3bb8f949e37b4957c62531e5355c1cbd6578190","ОСНОВНЫЕ ФОРМАТЫ: * Алхимия Души 1 уровень - - стабилизация, укрепление текущего состояния - психогомеопатия - 30-минутные сессии поддержки через препараты 1 раз в неделю. * Алхимия Души 2го уровня - Коррекция подсознания. - Сборка личности. Проработка ранних травм субличностей, интеграция внутренних ресурсов. Укрепление силы, ядра личности: - расширенные ча","deep_alchemical","book_04","yes","yes","medium","none","","","","","Telegram Desktop/ChatExport_2026-09-04/messages.html","#message705"
"message-245","service","","no","","0","0","Психогомеопатия: Алхимия души.","e3b0c44298fc1c149afbf4c8996fb92427ae41e4649b934ca495991b7852b855","","service_history","service","no","no","high","none","","","","","Telegram Desktop/ChatExport_2026-09-04/messages.html","#message-245"
"message706","default","03.07.2025 12:52:59 UTC-05:00","no","photos/photo_461@03-07-2025_12-52-59.jpg","1","0","Психогомеопатия: Алхимия души.","28af417c1b382f5f93b43777aedc3443ef7e20efb4a3d488f68e3b7683aa28b8","💧СТИХИЯ ВОДЫ в УСИН. Это один из базовых параметров, в нашей работе с Усин, так как вода отвечает за волю к жизни, базовую перинатальную энергию человека (от рождения). Символ: зима, ночь, семечко (все спит, но потенциал есть, он скрыт). Вода — это потенция выживания, внутренняя опора, чувство ""Я Есть"", ""Я жив"", ""Я имею право быть"". Вода это корень всего, о","deep_alchemical","book_04","yes","yes","medium","none","","","","","Telegram Desktop/ChatExport_2026-09-04/messages.html","#message706"
"message707","default","03.07.2025 14:00:04 UTC-05:00","no","photos/photo_462@03-07-2025_14-00-04.jpg","1","0","Психогомеопатия: Алхимия души.","ffc32e2a4a99c1349053699c85b85e55099d4ad8d02ac78ffd8dd4c5e0ccd361","💧СТИХИЯ ВОДЫ – СТАДИЯ 4: ИСТОЩЕНИЕ / ПУСТОТА 🧱 СОСТОЯНИЕ Полная утрата энергии. Ощущение: «Меня нет», «Я исчез» . Глубокая апатия, замирание, пустота, эмоциональный и физический обвал. Сонливость, холод, ощущение, что исчезли корни жизни. 🔮 ОБРАЗ Замёрзшее, потрескавшееся дно источника. Семя, лежащее в сухой, мёртвой земле. 🧠 ПСИХИКА Полная утрата воли, ","deep_alchemical","book_04","yes","yes","medium","mention_only","Opium; Phosphoricum Acidum; Carbo vegetabilis; Silicea; Hydrogenium","opium; phosphoricum-acidum; carbo-vegetabilis; silicea; hydrogenium; phosphoricum-acidum; carbo-vegetabilis; silicea; hydrogenium","","","Telegram Desktop/ChatExport_2026-09-04/messages.html","#message707"
"message708","default","03.07.2025 16:36:30 UTC-05:00","no","photos/photo_463@03-07-2025_16-36-30.jpg","1","0","Психогомеопатия: Алхимия души.","d45d0f3e54e90940fac87290bc71361601f732391a5818207f485070b773c033","💧СТИХИЯ ВОДЫ — 3 стадия: ЗАМИРАНИЕ Тема: «Я не справлюсь. Я исчезаю. Я никому не нужен». Это не ещё не истощение, но уже сильное снижение энергии. В человеке ещё есть ресурс, но он «сжимается», прячется, отказывается от контакта и действия, чтобы выжить. 🧱 СОСТОЯНИЕ Внутреннее замирание, будто жизнь поставлена на паузу . В теле — зябкость , ощущение холода","deep_alchemical","book_04","yes","yes","medium","mention_only","Arsenicum Album; Sepia; Silicea; Psorinum; Cinchona","arsenicum-album; sepia; silicea; psorinum; cinchona; sepia; silicea; psorinum; cinchona","","","Telegram Desktop/ChatExport_2026-09-04/messages.html","#message708"
"message709","default","03.07.2025 16:44:47 UTC-05:00","no","photos/photo_464@03-07-2025_16-44-47.jpg","1","0","Психогомеопатия: Алхимия души.","93260725ee0be003da83f652d2f014863837748cde3452342e917e86cbb52745","💧СТИХИЯ ВОДЫ — 2 стадия: ГИПЕРКОМПЕНСАЦИЯ Тема: «Я справлюсь. Я должен быть сильным. Мне нельзя быть слабым». Это стадия, где страх слабости и беспомощности маскируется под силу, контроль, собранность. Человек напряжён, держит всё «на себе», избегает близости, старается не показывать уязвимость. Это не ресурс, а панцирь , за которым прячется уставшее Я. 🧱 ","deep_alchemical","book_04","yes","yes","medium","mention_only","Lachesis; Arsenicum Album; Silicea; Hydrogenium; Kalium Iodatum","lachesis; arsenicum-album; silicea; hydrogenium; kalium-iodatum; silicea; hydrogenium; kalium-iodatum","","","Telegram Desktop/ChatExport_2026-09-04/messages.html","#message709"
"message710","default","03.07.2025 17:21:06 UTC-05:00","no","photos/photo_465@03-07-2025_17-21-06.jpg","1","0","Психогомеопатия: Алхимия души.","8e76959f85ebea18fd1dafb7a8b978473cdf4ff032f7e387ca61ea7757d245dd","💧СТИХИЯ ВОДЫ — 1 стадия: Баланс . Живая вода. Тема: «Я есть. Этого достаточно». Это здоровое, спокойное состояние, когда внутренняя тишина и опора ощущаются естественно. Человек не нуждается в внешнем подтверждении, он укоренён в жизни, в себе. 🧱 СОСТОЯНИЕ Глубокое спокойствие, внутренняя опора. Живое, тёплое присутствие в теле. Мягкое внимание к себе и ми","deep_alchemical","book_04","yes","yes","medium","mention_only","Aurum metallicum; Silicea; Saccharum Officinale","aurum-metallicum; silicea; saccharum-officinale; silicea; saccharum-officinale; aurum-metallicum","","","Telegram Desktop/ChatExport_2026-09-04/messages.html","#message710"
"message711","default","03.07.2025 20:53:15 UTC-05:00","no","photos/photo_466@03-07-2025_20-53-15.jpg","1","0","Психогомеопатия: Алхимия души.","5012678be80f6ef5a532fb8004606ea4c5eecf9ab4b6344cb1076cf3528b11db","УСИН-3. МЕРИДИАНЫ ВОДЫ (Углубленная работа). Меридиан Почек - внутренняя ось. Она трансформирует энергию - от состояния страха, сжатия, замирания, отсутствия веры в себя - в чувство опоры, принятия, доверие к себе и жизни, внутренний покой, устойчивость. ВСПОМОГАТЕЛЬНЫЕ ПРАКТИКИ 1. ПИТАНИЕ: бобы, бульйоны из костей, морская капуста, имбирь, корица, тмин 2. Т","deep_alchemical","book_04","yes","yes","medium","mention_only","Lac Humanum; Phosphoricum Acidum; Sepia; Psorinum; Hydrogenium; Camphora; Ambra Grisea; Berberis","lac-humanum; phosphoricum-acidum; sepia; psorinum; hydrogenium; camphora; ambra-grisea; phosphoricum-acidum; sepia; psorinum; hydrogenium; camphora; ambra-grisea; berberis","","","Telegram Desktop/ChatExport_2026-09-04/messages.html","#message711"
"message712","default","03.07.2025 21:16:11 UTC-05:00","no","photos/photo_467@03-07-2025_21-16-11.jpg","1","0","Психогомеопатия: Алхимия души.","dc395c3a65f6d5d028bd07ddb7be1fe14c31db940733818317f3e7e55a76cfe9","УСИН-3. МЕРИДИАНЫ ВОДЫ (Углубленная работа). Меридиан мочевого пузыря переводит энергию - от перенапряжения, гиперконтроля, упрямства, эмоциональной сдержанности и токсичности - в гибкость, текучесть, легкость и расслабление. ВСПОМОГАТЕЛЬНЫЕ УПРАЖНЕНИЯ: 1. ПИТАНИЕ теплая вода натощак, мочегонные отвары. 2. ТЕЛЕСНЫЕ ПРАКТИКИ - Растягивание позвоночника, посту","deep_alchemical","book_04","yes","yes","medium","mention_only","Gelsemium; Causticum; Kali Carbonicum; Staphysagria; Hypericum Perforatum; Silicea; Anacardium","gelsemium; causticum; kali-carbonicum; staphysagria; hypericum-perforatum; silicea; staphysagria; hypericum-perforatum; silicea; anacardium","","","Telegram Desktop/ChatExport_2026-09-04/messages.html","#message712"
"message713","default","03.07.2025 22:39:04 UTC-05:00","no","","0","0","Психогомеопатия: Алхимия души.","a6451af3844d4a3936201d70438555f249ab17680e52a8072d7ddeeee723fa36","Возникла сложность.🧐 Выше я расписал упражнения, как можно работать с энергией стихии воды/ почек. Но отслеживаю, что эта энергия сначала должна БЫТЬ. Без включения в поток эти упражнения могут быть пусты и бессмысленны. Нужно сначала включение/ инициация в поток стихии. Тогда упражнения наполняются силой. Где взять включение? - От мастера, который обучает ","deep_alchemical","book_04","yes","yes","medium","none","","","","","Telegram Desktop/ChatExport_2026-09-04/messages.html","#message713"
"message-246","service","","no","","0","0","Психогомеопатия: Алхимия души.","e3b0c44298fc1c149afbf4c8996fb92427ae41e4649b934ca495991b7852b855","","service_history","service","no","no","high","none","","","","","Telegram Desktop/ChatExport_2026-09-04/messages.html","#message-246"
"message714","default","04.07.2025 00:49:49 UTC-05:00","no","photos/photo_468@04-07-2025_00-49-49.jpg","1","0","Психогомеопатия: Алхимия души.","0e9bc72f58927021f7632c303ddcc83e5591a49baff8d5f06f7d7f078ea24c73","🧪 Zincum metallicum (Цинк металлический) Часто применяю этот препарат в работе. Он дает тонус, концентрацию сознания, активизацию силы нужных субличностей. Усиливает мышечный тонус, мозговую активность, внимание к деталям. Препарат подходит людям с умственным перенапряжением, зажатой нервной системой, стрессом без права на отдых. Препарат повышает ментальну","subpersonality","book_03","yes","yes","medium","none","","","","","Telegram Desktop/ChatExport_2026-09-04/messages.html","#message714"
"message715","default","04.07.2025 17:27:02 UTC-05:00","no","","0","0","Психогомеопатия: Алхимия души.","355294ed72f372b8586215c43da69f37e18d298bdfec87a8d1d28290b446bd7f","Мне часто говорят: В гомеопатию мы вообще не верили, ну никак. А когда других вариантов уже не осталось - обращаемся к тебе - и происходят чудеса. Встречаются нужные люди, растет сила, уверенность, формируются отношения, появляются новые предложения и возможности..","theory_method","book_01","yes","yes","medium","none","","","","","Telegram Desktop/ChatExport_2026-09-04/messages.html","#message715"
"message716","default","04.07.2025 18:31:02 UTC-05:00","no","photos/photo_469@04-07-2025_18-31-02.jpg","1","0","Психогомеопатия: Алхимия души.","c5ad52f13d2abdeb7a8b13cfe0924da494d35f71daa3d56b20ef11aec080edd9","🌼 TARAXACUM OFFICINALE (Одуванчик) Мягкий препарат, но глубокий. Он проходит в самые потаенные уголки детского сердца, вымывая пыль обид, стыда, недопонимания. Taraxacum очищает сердце, дает мягкость, легкость и принятие миру. Дает мягкую радость и свет. Taraxacum очиститель яда эмоций, особенно для тех кто врешне ""правильный"", ""хороший"" - а внутри злость, ","subpersonality","book_03","yes","yes","medium","none","","","","","Telegram Desktop/ChatExport_2026-09-04/messages.html","#message716"
"message717","default","04.07.2025 19:12:50 UTC-05:00","no","photos/photo_470@04-07-2025_19-12-50.jpg","1","0","Психогомеопатия: Алхимия души.","e2dd2aacc92149ca52690c7616fe0305af21b327f4a27d7efe1bac14f78a0f8c","💨 СТИХИЯ МЕТАЛЛА в УСИН. Металл это не только жесткость. Это ясность, четкость и достоинство. Баланс (эталон) металла позволяет быть мягким, но четко обозначать свои границы. Дисбаланс по металлу дает агрессивность или неспособность постоять за себя. Символ: поздняя осень, ствол дерева, меч, гора, дыхание. Металл даёт нам умение прощаться , завершать , отпу","deep_alchemical","book_04","yes","yes","medium","none","","","","","Telegram Desktop/ChatExport_2026-09-04/messages.html","#message717"
"message719","default","04.07.2025 20:09:55 UTC-05:00","no","photos/photo_471@04-07-2025_20-09-55.jpg","1","0","Психогомеопатия: Алхимия души.","fe33915600bdc5480a48b1121da3459bb90a045ad0d5094d8e03ac974d6e16a1","🪙 СХЕМА ОТРАБОТКИ СТИХИИ МЕТАЛЛ — путь к свободе, истине и лёгкости Стадия 4. ПУСТОТА / ИСТОЩЕНИЕ 🌀 Состояние: – Чувство ""Я пуст"" – Потеря смысла, внутренней ценности – Серость, депрессия, ощущение ""меня нет"" 🎯 Задача: Восстановить чувствование . Просто почувствовать себя живым. 🌿 Поддержка: - Начать дышать. Просто почувствовать: «Я жив». Вдох как первая","other","out_of_scope","no","no","low","none","","","","","Telegram Desktop/ChatExport_2026-09-04/messages.html","#message719"
"message720","default","04.07.2025 20:12:43 UTC-05:00","no","photos/photo_472@04-07-2025_20-12-43.jpg","1","0","Психогомеопатия: Алхимия души.","0af205cfe493cf07ed711ff84f6f87ca059621c8607587dd0f1d0ab90320da06","ВАРИАНТЫ КОРРЕКЦИИ ЧЕРЕЗ ПРЕПАРАТЫ ГОМЕОПАТИИ Стадия 4 — Истощение / Пустота Carbo vegetabilis — возвращает дыхание жизни при ощущении внутренней смерти. Antimonium tartaricum — оживляет при полном отрешении и апатии. Stannum metallicum — при обессиленности, утрате воли и дыхания. Camphora — при внутреннем охлаждении, ощущении ""меня нет"". Hydrastis canadensi","theory_method","book_01","yes","yes","medium","mention_only","Ferrum Phosphoricum; Gelsemium; Kali Carbonicum; Aurum metallicum; Carbo vegetabilis; Staphysagria; Silicea; Alumina; Camphora; Hydrastis Canadensis; Plumbum Metallicum","ferrum-phosphoricum; gelsemium; kali-carbonicum; aurum-metallicum; carbo-vegetabilis; staphysagria; silicea; alumina; camphora; hydrastis-canadensis; carbo-vegetabilis; staphysagria; silicea; alumina; camphora; hydrastis-canadensis; aurum-metallicum; plumbum-metallicum","","","Telegram Desktop/ChatExport_2026-09-04/messages.html","#message720"
"message721","default","04.07.2025 20:19:24 UTC-05:00","no","photos/photo_473@04-07-2025_20-19-24.jpg","1","0","Психогомеопатия: Алхимия души.","9b6995bb24c1ac06731a4dc217e258332560da9ee757c0a3867c17ab32555de2","УСИН-3. МЕРИДИАНЫ МЕТАЛЛА (Углубленная работа) 🌬 Меридиан Лёгких — дыхание, ценность, границы. Этот меридиан трансформирует энергию — от состояния стыда, сжатия, чувства ""я ничтожен"", не имею права дышать, быть, жить — в состояние достоинства, ценности, ясности, вдохновения и легкости бытия . Он отвечает за способность дышать полной грудью , чувствовать сво","deep_alchemical","book_04","yes","yes","medium","mention_only","Natrum Muriaticum; Aurum metallicum; Carbo vegetabilis; Silicea","natrum-muriaticum; aurum-metallicum; carbo-vegetabilis; silicea; carbo-vegetabilis; silicea","","","Telegram Desktop/ChatExport_2026-09-04/messages.html","#message721"
"message722","default","04.07.2025 20:22:33 UTC-05:00","no","photos/photo_474@04-07-2025_20-22-33.jpg","1","0","Психогомеопатия: Алхимия души.","97bf8422500908ffb5451b52ca84236ab578bb15bb8bac6568decab69fba9ecd","УСИН-3. МЕРИДИАН МЕТАЛЛА Меридиан Толстого Кишечника — путь очищения. Он трансформирует энергию — от состояния накопленного стыда, обиды, невозможности отпустить и ""переварить"" опыт — в состояние освобождения, лёгкости, простоты, способности отпускать и дышать свободно. Толстый кишечник — это способность очищаться от всего лишнего: физически, эмоционально, м","deep_alchemical","book_04","yes","yes","medium","mention_only","Natrum Muriaticum; Lycopodium; Alumina","natrum-muriaticum; lycopodium; alumina; lycopodium; alumina","","","Telegram Desktop/ChatExport_2026-09-04/messages.html","#message722"
"message-247","service","","no","","0","0","Психогомеопатия: Алхимия души.","e3b0c44298fc1c149afbf4c8996fb92427ae41e4649b934ca495991b7852b855","","service_history","service","no","no","high","none","","","","","Telegram Desktop/ChatExport_2026-09-04/messages.html","#message-247"
"message723","default","05.07.2025 00:05:45 UTC-05:00","no","","0","0","Психогомеопатия: Алхимия души.","ce5fe64051b2986f8ddbf32b789683b954de4ff33611617db8cec05a0dd223a0","Почему интересна работа через УСИН в гомеопатии? #1. По модели УСИН я могу работать даже с очень ослабленными людьми. Мы мягко подтягиваем нужные стихии к балансу, восстанавливая ресурс. Обычная психогомеопатия для ослабленных людей слишком сильная. #2. Акцент на психофизику. Мы не разбираем причины проблем - мы мягко даем нужный ресурс и организм восстанавл","deep_alchemical","book_04","yes","yes","medium","none","","","","","Telegram Desktop/ChatExport_2026-09-04/messages.html","#message723"
"message724","default","05.07.2025 09:38:03 UTC-05:00","no","","0","0","Психогомеопатия: Алхимия души.","f5980ffc019d2a0bee0251152e63a0339bdadbe71dc5e279c515915841134142","Психо-гомеопатия - работает в разы эффективней чем классическая гомеопатия. 1. Классическая гомеопатия - подбирает вибрацию одного препарата, актуального человеку. Эта вибрация помогает выровнять общий психо-физический баланс. Это ценно. 2. Гомеопатия УСИН - Более прицельный подбор препаратов балансировка психофизического состояния через модель 5 стихий УСИН","deep_alchemical","book_04","yes","yes","medium","none","","","","","Telegram Desktop/ChatExport_2026-09-04/messages.html","#message724"
"message725","default","05.07.2025 16:19:12 UTC-05:00","no","photos/photo_475@05-07-2025_16-19-12.jpg","1","0","Психогомеопатия: Алхимия души.","491e6d38edc246e3ec9a3d5862c82642c058303d9429845c4c48593abeaef7b7","🧪 COCCULUS INDICUS (Коккулюс, ядовитая лиана из Индии) Уникальный препарат, который помогает самым слабым, ранним субличностям. Cocculus для них дает глоток свободы, наполненность, расширение, ось. Это первый вдох после заморозки. Мягкое просыпание. Разрешение жить, дышать, быть собой. Дает выход из замороженной усталости и полу-сна. Это препарат для тех, к","remedy_card","book_02","yes","yes","high","full_card","Cocculus Indicus","cocculus-indicus","message725","","Telegram Desktop/ChatExport_2026-09-04/messages.html","#message725"
"message726","default","05.07.2025 16:41:19 UTC-05:00","no","photos/photo_476@05-07-2025_16-41-19.jpg","1","0","Психогомеопатия: Алхимия души.","804714179dd9a3c758fbef84f7adf12951dec777505d939dc8025d483fe4b1da","🌱 СТИХИЯ ДЕРЕВА в УСИН Дерево — это рост, движение, прорыв. Это право хотеть , отделяться , ставить цели и двигаться к ним . Это энергия ярости, гнева, творчества, желания жить , импульса, начала, весны. Если Вода — это «Я есть», то Дерево — это «Я хочу» и «Я иду». Символы: весна, росток, ветер, утро, молния, пробуждение. Когда дерево слабое: нет энергии на","deep_alchemical","book_04","yes","yes","medium","none","","","","","Telegram Desktop/ChatExport_2026-09-04/messages.html","#message726"
"message727","default","05.07.2025 17:00:50 UTC-05:00","no","photos/photo_477@05-07-2025_17-00-50.jpg","1","0","Психогомеопатия: Алхимия души.","8b992c319210c8c7cff6a0e58070af69531233da7372cc6cd9d8536e96af607a","УСИН-3. Стихия ДЕРЕВО МЕРИДИАН ПЕЧЕНИ: импульс и направление. Эмоции : вдохновение, напор, энтузиазм, решимость. Качества : гибкость, спонтанность, напористость, решительность. Он трансформирует: — подавленный гнев, внутреннее напряжение, обиды, бессилие — в ясное движение, уверенность в себе, гибкость и напористость. Печень - стратег, генерал Ци. Направляет","deep_alchemical","book_04","yes","yes","medium","mention_only","Lycopodium; Staphysagria","lycopodium; staphysagria; lycopodium; staphysagria","","","Telegram Desktop/ChatExport_2026-09-04/messages.html","#message727"
"message728","default","05.07.2025 17:18:09 UTC-05:00","no","photos/photo_478@05-07-2025_17-18-09.jpg","1","0","Психогомеопатия: Алхимия души.","0f6116ee98f1dc4d93cefc8030f8f87133e1b665255db359bb82dbdc12d560c9","🌳 УСИН-3. Стихия ДЕРЕВО МЕРИДИАН ЖЕЛЧНОГО ПУЗЫРЯ — ясность выбора и смелость действия Эмоции: решительность, ясность, смелость Качества: точность, честность, собранность, способность принимать решения. Желчный пузырь помогает нам не просто хотеть, но делать выбор и действовать . Если печень — это стратегия и направление, то желчный — тактическое решение , с","deep_alchemical","book_04","yes","yes","medium","none","","","","","Telegram Desktop/ChatExport_2026-09-04/messages.html","#message728"
"message729","default","05.07.2025 17:25:52 UTC-05:00","no","photos/photo_479@05-07-2025_17-25-52.jpg","1","0","Психогомеопатия: Алхимия души.","5971dd98afb9c4952fdcb231b8427343823b6f393c83138328831f742e5e9a94","🌱 СХЕМА ОТРАБОТКИ СТИХИИ ДЕРЕВО — путь к движению, импульсу и ясности . Стадия 4. ПУСТОТА / ОБЕЗДВИЖЕННОСТЬ 🌀 Состояние: – Чувство «я ничего не хочу» – Бессилие, подавленность, апатия – Нет импульса, тело как вялое, движения нет – Тоска, как будто душа не может пробиться 🎯 Задача: Зажечь искра желания . Пробудить телесный импульс к жизни. 🌿 Поддержка: – ","other","out_of_scope","no","no","low","none","","","","","Telegram Desktop/ChatExport_2026-09-04/messages.html","#message729"
"message732","default","05.07.2025 17:29:47 UTC-05:00","no","photos/photo_480@05-07-2025_17-29-47.jpg","1","0","Психогомеопатия: Алхимия души.","365bbb22223d109d9d88018885792fd5620018d1f82d483315e40db3b6689c18","🌱 ВАРИАНТЫ КОРРЕКЦИИ СТИХИИ ДЕРЕВО ЧЕРЕЗ ГОМЕОПАТИЮ Стадия 4 — Истощение / Пустота Phosphoricum acidum — при полном упадке сил, утрате желания и жизненной энергии. China (Cinchona) — восстанавливает энергию после потерь, истощения, кровопотерь. Avena sativa — оживляет нервную систему, особенно после переутомления. Hydrastis canadensis — при дряблости, вялос","theory_method","book_01","yes","yes","medium","mention_only","Sulphur; Ferrum Phosphoricum; Pulsatilla; Calcarea Carbonica; Avena Sativa; Phosphoricum Acidum; Lycopodium; Staphysagria; Silicea; Alumina; Cinchona; Veratrum Album; Hydrastis Canadensis","sulphur; ferrum-phosphoricum; pulsatilla; calcarea-carbonica; avena-sativa; phosphoricum-acidum; lycopodium; staphysagria; silicea; alumina; cinchona; veratrum-album; hydrastis-canadensis; phosphoricum-acidum; lycopodium; staphysagria; silicea; alumina; cinchona; veratrum-album; hydrastis-canadensis","","","Telegram Desktop/ChatExport_2026-09-04/messages.html","#message732"
"message733","default","05.07.2025 20:20:10 UTC-05:00","no","photos/photo_481@05-07-2025_20-20-10.jpg","1","0","Психогомеопатия: Алхимия души.","fdcad6b321fbf949e4f0241cb13b9d0d5955ad3460da9c7877e73187d0ecf977","🧪 AETHUSA CYNAPIUM (Собачья петрушка) Препарат, потрясающий по глубине. Он возвращает жизнь, когда психика уже казалось бы свернулась. Когда глубокий стыд, страх, в голове туман и нет желания контакта с миром. Препарат идеален для ранних субличностей, которые потеряли смысл существования и замерли в своей глубине. Это архетип маленького ребенка, которого не","remedy_card","book_02","yes","yes","high","full_card","Aethusa Cynapium","aethusa-cynapium","message733","","Telegram Desktop/ChatExport_2026-09-04/messages.html","#message733"
"message-248","service","","no","","0","0","Психогомеопатия: Алхимия души.","e3b0c44298fc1c149afbf4c8996fb92427ae41e4649b934ca495991b7852b855","","service_history","service","no","no","high","none","","","","","Telegram Desktop/ChatExport_2026-09-04/messages.html","#message-248"
"message734","default","07.07.2025 00:13:38 UTC-05:00","no","","0","0","Психогомеопатия: Алхимия души.","7928a07ece8846f0e10707aa88f9f9d96d9df46fd59f631ccc4ca29a68d7024c","Коррекция УСИН. Идет мягко, но кардинально. Это похоже на медленное разжигание из спички костра. - На первом этапе поддержка даже одной лишь стихии может перегрузить человека, вызвать симптом - На втором этапе удается уже укрепить все стихии сразу - это левел ап. - На третьем этапе мы начинаем разгонять стихии Усин. Корректируем нужные меридианы, задействуем","deep_alchemical","book_04","yes","yes","medium","none","","","","","Telegram Desktop/ChatExport_2026-09-04/messages.html","#message734"
"message735","default","07.07.2025 00:44:57 UTC-05:00","no","photos/photo_482@07-07-2025_00-44-57.jpg","1","0","Психогомеопатия: Алхимия души.","d90face0e2c04c42900c750a9d3a6e038032ca134abda9b10c010d2f38277bba","🧪 BERYLLIUM METALLICUM (Бериллий / бериллий металл) Особый препарат, который работает на этапе до рождения. Он возвращает чувство Я ЕСТЬ Я - для тех субличностей, которые сливаются с внешним миром, испытывают зависимость и тревогу от других. Он подходит для тех, кто боится быть неидеальным, отвергнутым, и потому стремится быть «совершенным» или «невидимым».","remedy_card","book_02","yes","yes","high","full_card","Beryllium Metallicum","beryllium-metallicum","message735","","Telegram Desktop/ChatExport_2026-09-04/messages.html","#message735"
"message736","default","07.07.2025 08:38:18 UTC-05:00","no","photos/photo_483@07-07-2025_08-38-18.jpg","1","0","Психогомеопатия: Алхимия души.","63f9ab43ad6a159825fcb7a47d4cbf0425708f2e91e1d0f4dbe9daa9cfcc7348","СОПРОВОЖДЕНИЕ В ПСИХО-ГОМЕОПАТИИ: Это поддержка вашего психофизического состояния, чтобы вывести вас на новый уровень в делах и отношениях. Выход на новое качество жизни. 1. Стандартный формат: - психогомеопатия: коррекция внутренних ступоров к цели. Дает больше легкости и уверенности в движении вперед к мечте, снятие проблем. 2. Расширенный формат: - психог","deep_alchemical","book_04","yes","yes","medium","none","","","","","Telegram Desktop/ChatExport_2026-09-04/messages.html","#message736"
"message737","default","07.07.2025 15:22:26 UTC-05:00","no","photos/photo_484@07-07-2025_15-22-26.jpg","1","0","Психогомеопатия: Алхимия души.","506a060c8a115580ed7252b3f94666a9974dc522ffa867470dc0a552a41c3ff3","🧪 BOVISTA LYCOPERDON (гриб пылевик) Особенность этого препарата - он возвращает корни, опору, чувство Я есть, я существую, я имею право быть. Актуален, когда человек забывает о себе, прислушивается к социальным оценкам, ожиданиям - старается понравиться. Раздает всего себя, как облачко пыли. Препарат возвращает чувство внутренней целостности и самодостаточн","remedy_card","book_02","yes","yes","high","full_card","Bovista Lycoperdon","bovista-lycoperdon","message737","","Telegram Desktop/ChatExport_2026-09-04/messages.html","#message737"
"message738","default","07.07.2025 15:51:40 UTC-05:00","no","photos/photo_485@07-07-2025_15-51-40.jpg","1","0","Психогомеопатия: Алхимия души.","48b039b27ac4c835d17d6190f3e936fc94f2b1391dd7ddb9d3c971b23e9a0220","🔥 СТИХИЯ ОГНЯ в УСИН Огонь — это любовь, свет, вдохновение и живое сердце . Это право испытывать радость , светиться , выражать себя , делиться собой . Это энергия влюблённости, творчества, общения, жара жизни . Если Вода говорит ""Я есть"" Дерево говорит ""Я хочу"", то Огонь говорит: "" Я живу. Я люблю. Я сияю "". Символы: лето, полдень, пламя, сердце, солнце, с","deep_alchemical","book_04","yes","yes","medium","none","","","","","Telegram Desktop/ChatExport_2026-09-04/messages.html","#message738"
"message739","default","07.07.2025 16:08:31 UTC-05:00","no","photos/photo_486@07-07-2025_16-08-31.jpg","1","0","Психогомеопатия: Алхимия души.","fa9008464bb9d303ab0fbc67e5f5800ba01530976d4581beb791b1f9cd22f0c0","🔥 СХЕМА ОТРАБОТКИ СТИХИИ ОГОНЬ — путь к теплу, любви и вдохновению Стадия 4. ПУСТОТА / ЗАМЕРЗАНИЕ 🌀 Состояние: – Нет тепла, сердце “не горит” – Чувство одиночества, изоляции – Ощущение, что не любят, не нужен – Холод в груди, пустота, тоска 🎯 Задача: Разжечь огонёк внутреннего тепла . Почувствовать себя достойным любви. 🌿 Поддержка: – Положить ладони на ","other","out_of_scope","no","no","low","none","","","","","Telegram Desktop/ChatExport_2026-09-04/messages.html","#message739"
"message740","default","07.07.2025 16:16:11 UTC-05:00","no","photos/photo_487@07-07-2025_16-16-11.jpg","1","0","Психогомеопатия: Алхимия души.","ae14e7a98c62400d9952199c38834a97de3a4922eb015b69aa9ae351b448172a","🔥 УСИН-3. Стихия ОГОНЬ МЕРИДИАН СЕРДЦА — Любовь, подлинность и глубинная связь Эмоции: радость, любовь, искренность, открытость Качества: теплотворность, центрированность, харизма, доверие, тонкая интуиция Сердце — это внутренний император , хранящий истину и подлинность. Через него мы соединяемся с собой, с другими, с миром — по-настоящему, сердцем . Это ц","deep_alchemical","book_04","yes","yes","medium","mention_only","Ignatia Amara; Lachesis; Aurum metallicum; Carcinosinum; Hydrogenium; Magnesium Carbonicum","ignatia-amara; lachesis; aurum-metallicum; carcinosinum; hydrogenium; magnesium-carbonicum; hydrogenium; magnesium-carbonicum; aurum-metallicum; carcinosinum","","","Telegram Desktop/ChatExport_2026-09-04/messages.html","#message740"
"message741","default","07.07.2025 16:21:57 UTC-05:00","no","photos/photo_488@07-07-2025_16-21-57.jpg","1","0","Психогомеопатия: Алхимия души.","69090d7d7de32f297d06f851740e0ccd4fb0fefc3aa1d3363014d3dcc424cafd","🔥 УСИН-4. Стихия ОГОНЬ МЕРИДИАН ТОНКОГО КИШЕЧНИКА — различение, ясность, правда сердца Эмоции: различение, лёгкость, доброжелательность Качества: способность отделять главное от второстепенного, честность, искренность, ясность в коммуникации Тонкий кишечник в китайской медицине не только переваривает пищу, но и отвечает за способность различать , что истинн","deep_alchemical","book_04","yes","yes","medium","mention_only","Pulsatilla; Lycopodium; Carbo vegetabilis; Veratrum Album","pulsatilla; lycopodium; carbo-vegetabilis; veratrum-album; lycopodium; carbo-vegetabilis; veratrum-album","","","Telegram Desktop/ChatExport_2026-09-04/messages.html","#message741"
"message742","default","07.07.2025 16:36:40 UTC-05:00","no","photos/photo_489@07-07-2025_16-36-40.jpg","1","0","Психогомеопатия: Алхимия души.","d77426407b24a2a63aff92caf8cf05b39b1516970cb84392ddb569d3ec4d4829","🔥 СТИХИЯ ОГОНЬ — ПРЕПАРАТЫ 🕳️ Стадия 4 — ПУСТОТА / ИСТОЩЕНИЕ 🌀 Состояние: – Пустота в груди, холод, одиночество 💊 Препараты: Carcinosinum — душа, забывшая свои желания, живёт ради других, внутренне выгорела Saccharum officinale — тоска по детской любви, потребность в сладости, тепле, принятии Phosphoricum acidum — апатия, истощение, вялость после утраты ","deep_alchemical","book_04","yes","yes","medium","mention_only","Natrum Muriaticum; Ignatia Amara; Sulphur; Ferrum Phosphoricum; Lachesis; Pulsatilla; Aurum metallicum; Phosphoricum Acidum; Silicea; Carcinosinum; Psorinum; Hydrogenium; Veratrum Album; Saccharum Officinale; Crocus Sativus; Anacardium","natrum-muriaticum; ignatia-amara; sulphur; ferrum-phosphoricum; lachesis; pulsatilla; aurum-metallicum; phosphoricum-acidum; silicea; carcinosinum; psorinum; hydrogenium; veratrum-album; saccharum-officinale; phosphoricum-acidum; silicea; psorinum; hydrogenium; veratrum-album; saccharum-officinale; aurum-metallicum; carcinosinum; crocus-sativus; anacardium","","","Telegram Desktop/ChatExport_2026-09-04/messages.html","#message742"
"message-249","service","","no","","0","0","Психогомеопатия: Алхимия души.","e3b0c44298fc1c149afbf4c8996fb92427ae41e4649b934ca495991b7852b855","","service_history","service","no","no","high","none","","","","","Telegram Desktop/ChatExport_2026-09-04/messages.html","#message-249"
"message743","default","08.07.2025 09:06:29 UTC-05:00","no","photos/photo_490@08-07-2025_09-06-29.jpg","1","0","Психогомеопатия: Алхимия души.","7e33ddb8ef8993bd38a7bea81f6331b479dc5d9d207b2ed8a77dd4b269646a7f","Диагностика УСИН Весьма любопытна. Она дает понимание, что у вас сейчас происходит в жизни/ деньгах/ отношениях и с что сейчас важно для развития. Чтоб получить диагностику, пишите: T.me/Andytherapist","deep_alchemical","book_04","yes","yes","medium","none","","","","","Telegram Desktop/ChatExport_2026-09-04/messages.html","#message743"
"message-250","service","","no","","0","0","Психогомеопатия: Алхимия души.","e3b0c44298fc1c149afbf4c8996fb92427ae41e4649b934ca495991b7852b855","","service_history","service","no","no","high","none","","","","","Telegram Desktop/ChatExport_2026-09-04/messages.html","#message-250"
"message744","default","11.07.2025 01:07:17 UTC-05:00","no","","0","0","Психогомеопатия: Алхимия души.","9356807104ba34b201e838eea4b69e7d43a954ad879d5eb4a22636231bd1a8eb","Программа Здоровья УСИН. Методика по уровням восстановления здоровья Мы гармонизируем 5 стихий организма — Воду, Дерево, Огонь, Землю, Металл — восстанавливая тело и глубинные функции психики. Программа подходит даже для ослабленных пациентов и работает дистанционно (в том числе для поддержки родственников). Структура программы: 5 основных стадий и 2 углубле","deep_alchemical","book_04","yes","yes","medium","none","","","","","Telegram Desktop/ChatExport_2026-09-04/messages.html","#message744"
"message-251","service","","no","","0","0","Психогомеопатия: Алхимия души.","e3b0c44298fc1c149afbf4c8996fb92427ae41e4649b934ca495991b7852b855","","service_history","service","no","no","high","none","","","","","Telegram Desktop/ChatExport_2026-09-04/messages.html","#message-251"
"message745","default","13.07.2025 12:37:35 UTC-05:00","no","photos/photo_491@13-07-2025_12-37-35.jpg","1","0","Психогомеопатия: Алхимия души.","4362b9d4392e77a8ff88912b713488c9953ed47e3b924f9d3cdbd7ec9aee1d0a","МАРАФОН: УСИН + деньги. ЧТО БУДЕТ: - 4 недели сопровождения группы участников по раскачке нужных качеств/ стихий усин. Каждую неделю я проверяю какая стихия сейчас больше нужна группа и мы работаем с качествами этой стихии через * медитации, энергетические подкачки * образные упражнения * питание * физические упражнения * препараты гомеопатии. УДОБНЫЙ ФОРМАТ","deep_alchemical","book_04","yes","yes","medium","none","","","","","Telegram Desktop/ChatExport_2026-09-04/messages.html","#message745"
"message-252","service","","no","","0","0","Психогомеопатия: Алхимия души.","e3b0c44298fc1c149afbf4c8996fb92427ae41e4649b934ca495991b7852b855","","service_history","service","no","no","high","none","","","","","Telegram Desktop/ChatExport_2026-09-04/messages.html","#message-252"
"message746","default","16.07.2025 13:08:52 UTC-05:00","no","photos/photo_492@16-07-2025_13-08-52.jpg","1","0","Психогомеопатия: Алхимия души.","79bb994099f760f9e1c1abcd2eb7f2034aa377a69daf056429501d297cac4e06","Гомеопатия 4 уровень: Источники Силы. КУРС 4.1. СИЛА РОДА. Это курс расширенных сессий по восстановлению связи с источниками Силы Рода. В программу входит 12 расширенных сессий, каждая из которых включает - глубинную коррекцию через методы образной терапии / архетипических мистерий - поддержку личности через препараты гомеопатии, - усиление эффекта через кри","subpersonality","book_03","yes","yes","medium","none","","","","","Telegram Desktop/ChatExport_2026-09-04/messages.html","#message746"
"message747","default","16.07.2025 17:48:19 UTC-05:00","no","","0","0","Психогомеопатия: Алхимия души.","418e79c98e113ce7990a4da16b7161be5fb83d2afa2a7f081e0ab9cc1b55b26e","Программа Здоровья (Усин) Наблюдения: 1 фаза (0-2.5 ед). Это самая сложная фаза. Организм пациента находится в стадии истощения. Ресурсы уже почти иссякли. Многие процессы в организме происходят на воле/ страхе, в режиме гиперкомпенсации. - Часто на этом этапе уже отсутствует /исчерпан базовый витальный ресурс (стихия вода), нет сил и устойчивости. - Земля у","deep_alchemical","book_04","yes","yes","medium","none","","","","","Telegram Desktop/ChatExport_2026-09-04/messages.html","#message747"
"message748","default","16.07.2025 20:32:06 UTC-05:00","no","","0","0","Психогомеопатия: Алхимия души.","a44427ec6732944c4ba264dff71a4733cdd7614d64bf67138c54dc4042db4094","ПРОГРАММА ЗДОРОВЬЯ УСИН Наблюдения: 2 фаза. Когда мы переходим на 2 уровень, ресурс человека уже стабильный. Мы не боимся ""потерять человека"" в любой момент. Но на этом уровне есть высокое истощение ресурса в одной или нескольких сферах. Например, - истощенная земля, что приводит к проблемам в ЖКТ, - замерзшая вода, что приводит к проблемам в мочеполовой сфе","deep_alchemical","book_04","yes","yes","medium","none","","","","","Telegram Desktop/ChatExport_2026-09-04/messages.html","#message748"
"message749","default","16.07.2025 22:39:34 UTC-05:00","no","photos/photo_493@16-07-2025_22-39-34.jpg","1","0","Психогомеопатия: Алхимия души.","0e22604898e338db869a7eb12dd1fdb1fe8808482cfbe00049db9db71eb5e27b","BOTHROPS LANCEOLATUS (Ботропс, копьеголовая змея) Критический препарат, но он творит чудеса. Те ранние части души, которые были заморожены в шоковых ситуациях - обретают жизнь. Это может касаться стрессов рождения и до рождения. Например, асфиксия (ребенок рождается с удучшением пуповиной и т.п.). Те части души, которые испытывают общую тревожность от мира, ","remedy_card","book_02","yes","yes","high","full_card","Bothrops Lanceolatus","bothrops-lanceolatus","message749","","Telegram Desktop/ChatExport_2026-09-04/messages.html","#message749"
"message-253","service","","no","","0","0","Психогомеопатия: Алхимия души.","e3b0c44298fc1c149afbf4c8996fb92427ae41e4649b934ca495991b7852b855","","service_history","service","no","no","high","none","","","","","Telegram Desktop/ChatExport_2026-09-04/messages.html","#message-253"
"message750","default","17.07.2025 12:11:52 UTC-05:00","no","","0","0","Психогомеопатия: Алхимия души.","9eb939a6c1894321073182865d8fa3477b5b8a5e78f3de142020e9e6589b3e6e","В ЧЕМ ОТЛИЧИЕ КРАТКОЙ И РАСШИРЕННОЙ СЕССИИ? 1. КРАТКАЯ СЕССИЯ В рамках краткой сессии мы можем - провести блиц-диагностику текущего состояния, - проверить назначение текущих препаратов - выписать новые препараты. Краткая сессия - поддержка текущего состояния личности. Стоимость краткой сессии: 50 eur/ 30 мин. Для более глубокой работы с корнем проблемы, ранн","deep_alchemical","book_04","yes","yes","medium","none","","","","","Telegram Desktop/ChatExport_2026-09-04/messages.html","#message750"
"message-254","service","","no","","0","0","Психогомеопатия: Алхимия души.","e3b0c44298fc1c149afbf4c8996fb92427ae41e4649b934ca495991b7852b855","","service_history","service","no","no","high","none","","","","","Telegram Desktop/ChatExport_2026-09-04/messages.html","#message-254"
"message751","default","18.07.2025 00:42:30 UTC-05:00","no","photos/photo_494@18-07-2025_00-42-30.jpg","1","0","Психогомеопатия: Алхимия души.","070d279938e10503b2b0db863839b18218d0e850e14520b72cf7e3f4637e5554","🧪AMBRA GRISEA Редкий препарат, который даёт расширение, лёгкость, свободу. Он актуален для тем очень раннего стыда, за само свое существование. Препарат позволяет отпустить стыд и быть собой. Это архетип застенчивого ребёнка, который боится сказать слово , сжимается в комок от чужого внимания, боится быть обузой и занять пространство. Это препарат подавленн","remedy_card","book_02","yes","yes","high","full_card","Ambra Grisea","ambra-grisea","message751","","Telegram Desktop/ChatExport_2026-09-04/messages.html","#message751"
"message752","default","18.07.2025 01:08:36 UTC-05:00","no","photos/photo_495@18-07-2025_01-08-36.jpg","1","0","Психогомеопатия: Алхимия души.","ae0f6ebf2e57eb745439555b5343a02e343566b4cfec20bab2924216d6a40b74","AMBRA GRISEA В тени я родилась, и не смела дышать, Душа не пыталась судьбу изменить. Но в сердце звучал тихий робкий вопрос: «А могу ль я звучать, а могу ли ожить?» В синих далях морей, где сокрыт сердца свет. В волн качаниях спит старый древний завет. Дар ты свой — не забудь, он не стёрт среди бед, Ожидает тебя, чтоб явиться на свет. Кит спокойный пронзил т","remedy_card_support","book_02","yes","yes","high","supporting_post","Ambra Grisea","ambra-grisea","message751","","Telegram Desktop/ChatExport_2026-09-04/messages.html","#message752"
"message753","default","18.07.2025 08:04:16 UTC-05:00","no","","0","0","Психогомеопатия: Алхимия души.","141dbdb2f6049532a8a0c97e0770d10a54569da3bb5ba763107524822a6e24c0","Ребята, Марафон Усин мы начинаем с понедельника. Кто ещё не успел, сегодня можно записаться. Такого больше не будет. T.me/andytherapist","deep_alchemical","book_04","yes","yes","medium","none","","","","","Telegram Desktop/ChatExport_2026-09-04/messages.html","#message753"
"message-255","service","","no","","0","0","Психогомеопатия: Алхимия души.","e3b0c44298fc1c149afbf4c8996fb92427ae41e4649b934ca495991b7852b855","","service_history","service","no","no","high","none","","","","","Telegram Desktop/ChatExport_2026-09-04/messages.html","#message-255"
"message754","default","19.07.2025 01:05:11 UTC-05:00","no","photos/photo_496@19-07-2025_01-05-11.jpg","1","0","Психогомеопатия: Алхимия души.","7d1d41073e1bfbcb9aa1432be137da61df7fefee2283f4753c907aef17139511","CENCHRIS CONTORTRIX (Медноголовая змея) Этот препарат - как пробуждение вулкана. Он запускает внутри огненную энергию, которая наполняет, напитывает Это препарат людей, которые жаждут контакта, страсти, любви, но одновременно боятся своей дикости, агрессии и сексуальности. Когда есть желание внимания и проявления, но страшно. Препарат пробуждает силу и досто","remedy_card","book_02","yes","yes","high","full_card","Cenchris Contortrix","cenchris-contortrix","message754","","Telegram Desktop/ChatExport_2026-09-04/messages.html","#message754"
"message-256","service","","no","","0","0","Психогомеопатия: Алхимия души.","e3b0c44298fc1c149afbf4c8996fb92427ae41e4649b934ca495991b7852b855","","service_history","service","no","no","high","none","","","","","Telegram Desktop/ChatExport_2026-09-04/messages.html","#message-256"
"message755","default","20.07.2025 00:56:16 UTC-05:00","no","photos/photo_497@20-07-2025_00-56-16.jpg","1","0","Психогомеопатия: Алхимия души.","a70179739320fa4ba34a145150e591768005738de3ccdbd5ca549c6394fd22de","🧪 FOLLICULINUM (Женский половой гармон экстраген) Еще один препарат, который творит чудеса. Он дает свободу, силу, смелость тем ранним частям души, которые долго были в заточении. Он позволяет сделать то, что часто не могут слелать другие препараты - сбросить покрытие страха, вины и начать излучать силу жизни. Его архетип — подавленная личность, растворённа","remedy_card","book_02","yes","yes","high","full_card","Folliculinum","folliculinum","message755","","Telegram Desktop/ChatExport_2026-09-04/messages.html","#message755"
"message756","default","20.07.2025 01:01:43 UTC-05:00","no","photos/photo_498@20-07-2025_01-01-43.jpg","1","0","Психогомеопатия: Алхимия души.","85535464718f017452d7e21d1abf57b098138486b5874c5e3f7fe93056c8f08c","FOLLICULINUM для мужчин Архетип: Мужчина, вернувший себе свободу. Лидер, вырвавшийся из чужих ожиданий. Мужская природа, очищенная от подавления. 🌿 Основа Folliculinum изготавливается из эстрадиола — гормона женской природы. У мужчин его назначение символично — очищение от подавляющего влияния чужих эмоциональных ожиданий . Символика: освобождение от размыт","subpersonality","book_03","yes","yes","medium","mention_only","Folliculinum","folliculinum; folliculinum","","","Telegram Desktop/ChatExport_2026-09-04/messages.html","#message756"
"message757","default","20.07.2025 11:32:36 UTC-05:00","no","","0","0","Психогомеопатия: Алхимия души.","418a562973ab8ee11f86001b865ae088c0148e3d1854a801aacd7786be282f0d","КОРРЕКЦИЯ РАННИХ ТРАВМ Cхема работы с ранними травмами личности (во время беременности и позже). Фокус - разморозка жизненного импульса — от глубокой заморозки до свободного движения. 📌 СХЕМА 6 ЭТАПОВ ПРОРАБОТКИ РАННИХ ТРАВМ #1 . ДО ЖИЗНИ (архетипический уровень) Т очка до воплощения Ощущение «жить страшно», «лучше не воплощаться» , «здесь слишком тяжело», ","subpersonality","book_03","yes","yes","medium","mention_only","Sulphur; Lachesis; Pulsatilla; Calcarea Carbonica; Avena Sativa; Lac Humanum; Sepia; Staphysagria; Carcinosinum; Thuja; Magnesium Muriaticum; Hydrogenium; Baptisia Tinctoria; Folliculinum; Magnesium Carbonicum; Aconitum; Medorrhinum; Anandamide; Cineraria; Amniotic Fluid; Placenta; Lac Amnioticum; Aquamarinus; Lac Caninum; Berberis; Plumbum Metallicum; Helium; Dolphin Milk; Crocus Sativus; Tuberculinum; Moschus; Anacardium; Magnesium sulphuricum","sulphur; lachesis; pulsatilla; calcarea-carbonica; avena-sativa; lac-humanum; sepia; staphysagria; carcinosinum; thuja; magnesium-muriaticum; hydrogenium; baptisia-tinctoria; folliculinum; magnesium-carbonicum; sepia; staphysagria; thuja; magnesium-muriaticum; hydrogenium; baptisia-tinctoria; folliculinum; magnesium-carbonicum; carcinosinum; aconitum; medorrhinum; anandamide; cineraria; amniotic-fluid; placenta; lac-amnioticum; aquamarinus; lac-caninum; berberis; plumbum-metallicum; helium; dolphin-milk; crocus-sativus; tuberculinum; moschus; anacardium","","","Telegram Desktop/ChatExport_2026-09-04/messages.html","#message757"
"message759","default","20.07.2025 19:45:37 UTC-05:00","no","photos/photo_499@20-07-2025_19-45-37.jpg","1","0","Психогомеопатия: Алхимия души.","e03523fd4ef8d4e64e6c46a693459004b2fd735c4c91132a1482b2d92386c503","СБОРКА ЛИЧНОСТИ Падение энергии, мотивации, здоровья, неспособность завершить дела, достичь цели - часто связана со ""структурным дефектом"" личности. Т.е. наличие дефицита в процессе развития: - отсутствие внутренней опоры - сложность вступать в контакт - ослабление волевой функции - травмирование границ, идентичности, сексуальности, самоуважения и т.п. Ключе","subpersonality","book_03","yes","yes","medium","none","","","","","Telegram Desktop/ChatExport_2026-09-04/messages.html","#message759"
"message-257","service","","no","","0","0","Психогомеопатия: Алхимия души.","e3b0c44298fc1c149afbf4c8996fb92427ae41e4649b934ca495991b7852b855","","service_history","service","no","no","high","none","","","","","Telegram Desktop/ChatExport_2026-09-04/messages.html","#message-257"
"message760","default","21.07.2025 00:16:11 UTC-05:00","no","photos/photo_500@21-07-2025_00-16-11.jpg","1","0","Психогомеопатия: Алхимия души.","c856ad018962696731fe9a2f4c31954d9f9cc44c31419990dc712eccceafd8b9","🧪 HELLEBORUS NIGER (Черный морозник) Этот препарат обитает между жизнью и смертью. Он заходит в те стрессовые истории, где душа просто отключается, сознание замирает. Человек живет в тумане, чувства не ощущаются, человек существует на автопилоте. Препарат размораживает забытые, отщепленные части души, восстаналивает целостность личности. Helleborus возвраща","remedy_card","book_02","yes","yes","high","full_card","Helleborus Niger","helleborus-niger","message760","","Telegram Desktop/ChatExport_2026-09-04/messages.html","#message760"
"message765","default","21.07.2025 17:32:35 UTC-05:00","no","","0","0","Психогомеопатия: Алхимия души.","d87e9a2654c9fba20894397d858bbf1c3d704bc81d6c3dfe0f5442d4e1eef4f6","💧 СХЕМА КОРРЕКЦИИ УСИН СТИХИЯ ВОДЫ. 1 СТАДИЯ: СТАБИЛИЗАЦИЯ (Критическое истощение, 0–2.5 ед ресурса из 10) 🌀 СОСТОЯНИЕ Ресурса почти нет вообще , человек находится в полном энергетическом дне . Желание исчезнут ь. Полная апатия , отсутствие смыслов , сил нет даже на базовые действия. Часто присутствует желание спрятаться , исчезнуть , полная социальная отс","deep_alchemical","book_04","yes","yes","medium","none","","","","","Telegram Desktop/ChatExport_2026-09-04/messages.html","#message765"
"message766","default","21.07.2025 17:48:44 UTC-05:00","no","","0","0","Психогомеопатия: Алхимия души.","c2d098d13819995f4ba362054c534277ff0ae5339ba03a3fb0d6c1ac2a11a5f2","КОРРЕКЦИ Я ВОДЫ. 2 Стадия: ВОССТАНОВЛЕНИЕ. 🌀 СОСТОЯНИЕ : 2.1. Снежная королева (2–2.5 ед) Есть проблески жизни после истощения. В теле пока ещё зябкость, в пояснице и ногах. Состояние мягкой вялости с редкими импульсами подвигаться или потянуться. Человек балансирует между желанием остаться в покое, вспышками интереса и пробами активности. Любая нагрузка бы","remedy_mention","out_of_scope","no","no","low","mention_only","Teucrium","teucrium","","","Telegram Desktop/ChatExport_2026-09-04/messages.html","#message766"
"message767","default","21.07.2025 17:53:17 UTC-05:00","no","","0","0","Психогомеопатия: Алхимия души.","9dcf5e76ba01ff8be6b65814d8ce3485b977e8748117a67ae8607fc0917c84bf","💧 СХЕМА КОРРЕКЦИИ УСИН СТИХИЯ ВОДЫ — 3 ФАЗА: Укрепление силы. (3.5–4.5 ед ресурса из 10) 🌀 СОСТОЯНИЕ Жизнь возвращается в тело . Уже не просто выживание , появляется движение и первые успехи . Появляются силы вставать, делать простые дела , возвращаются интерес и инициативность . Однако активность ещё ломкая , иногда скользящая в лишний контроль . Тело реа","deep_alchemical","book_04","yes","yes","medium","none","","","","","Telegram Desktop/ChatExport_2026-09-04/messages.html","#message767"
"message-258","service","","no","","0","0","Психогомеопатия: Алхимия души.","e3b0c44298fc1c149afbf4c8996fb92427ae41e4649b934ca495991b7852b855","","service_history","service","no","no","high","none","","","","","Telegram Desktop/ChatExport_2026-09-04/messages.html","#message-258"
"message768","default","22.07.2025 09:12:57 UTC-05:00","yes","photos/photo_501@22-07-2025_09-12-57.jpg","1","0","Психогомеопатия: Алхимия души.","9eb612489983a192ff24af037a4f2289c831961812b068045c05756f5046bdc0","✅ СИСТЕМА ДИАГНОСТИКИ РЕСУРСА ВОДЫ (УСИН) Я разработал новую модель диагностики потенциала воды, основуюясь на классику китайской школы. Вы можете сами оценить себя, к какой стадии относится ваше состояние. КАК ПРОВЕРИТЬ? Оцените каждый из 10 параметров от 1 до 4 баллов, сложите итоговую сумму и разделите на 10. Полученное число покажет вашу текущую стадию р","deep_alchemical","book_04","yes","yes","medium","none","","","","","Telegram Desktop/ChatExport_2026-09-04/messages.html","#message768"
"message-259","service","","no","","0","0","Психогомеопатия: Алхимия души.","e3b0c44298fc1c149afbf4c8996fb92427ae41e4649b934ca495991b7852b855","","service_history","service","no","no","high","none","","","","","Telegram Desktop/ChatExport_2026-09-04/messages.html","#message-259"
"message769","default","23.07.2025 00:17:44 UTC-05:00","no","","0","0","Психогомеопатия: Алхимия души.","45e368d6e8638300e4275c0c7ba5c6a0389713fa414c061d989544ce78e38141","Меня периодически просят поработать со сложными пациентами через УСИН. Получается. Но, скажу я вам, это сложная работа. Приходится проверять состояние пациента каждый день и порой по несколько раз в день. Это похоже на начало разжигания костра. - Если где-то не добавить препарат - огонь может потухнуть. - Если передержать препарат дольше чем надо, огонь може","deep_alchemical","book_04","yes","yes","medium","none","","","","","Telegram Desktop/ChatExport_2026-09-04/messages.html","#message769"
"message770","default","23.07.2025 16:33:23 UTC-05:00","no","","0","0","Психогомеопатия: Алхимия души.","6378deadff724e880d0235ed21c3fd04707b6b5be65597bdc94eabd4c97d2a03","РАЗМОРОЗКА МИРА. Кажется, я нашел новое решение. Последние пару недель я тормозил: пытался найти выход из ситуации. Когда мы уходим глубже в корень проблем с клиентами, в какой-то момент мы порой доходим не только до стресса, но до Заморозки. Это состояние глубокого стресса и беспомощности, когда ранняя субличность сказала ""Нет!"" Жизни. На этом уровне уже мы","subpersonality","book_03","yes","yes","medium","mention_only","Lac Humanum; Camphora","lac-humanum; camphora; camphora","","","Telegram Desktop/ChatExport_2026-09-04/messages.html","#message770"
"message-260","service","","no","","0","0","Психогомеопатия: Алхимия души.","e3b0c44298fc1c149afbf4c8996fb92427ae41e4649b934ca495991b7852b855","","service_history","service","no","no","high","none","","","","","Telegram Desktop/ChatExport_2026-09-04/messages.html","#message-260"
"message772","default","24.07.2025 14:22:14 UTC-05:00","no","photos/photo_502@24-07-2025_14-22-14.jpg","1","0","Психогомеопатия: Алхимия души.","62b1c50d95a0a9e6bf0796c70bac3015947f3e538ec6972aea5743ee2b522c67","ПРОГРАММА РАЗМОРОЗКИ ЖИЗНИ : 8 уровней коррекции судьбы на основе 3х подходов: 1) Телесная психотерапия: Бодинамика. 2) Образная психотерапия: Символдрама 3) Архетипическая гомеопатия. ПРОГРАММА 8 ЭТАПОВ : 1. Разморозка Мира 2. Разморозка желаний Я 3. Разморозка Свободы 4. Разморозка Воли 5. Разморозка Любви 6. Разморозка Ценности 7. Разморозка Признания 8. ","subpersonality","book_03","yes","yes","medium","none","","","","","Telegram Desktop/ChatExport_2026-09-04/messages.html","#message772"
"message-261","service","","no","","0","0","Психогомеопатия: Алхимия души.","e3b0c44298fc1c149afbf4c8996fb92427ae41e4649b934ca495991b7852b855","","service_history","service","no","no","high","none","","","","","Telegram Desktop/ChatExport_2026-09-04/messages.html","#message-261"
"message773","default","25.07.2025 00:35:34 UTC-05:00","no","","0","0","Психогомеопатия: Алхимия души.","75e8ff266291cb470962a188fe11ecdca504d9caed8776f85c98a77250e40c12","КЛЮЧЕВЫЕ ПРОГРАММЫ: Сейчас у меня в работе 2 глубинные программы: #1. Психогомеопатия стыда (Разморозка жизни). #2. Психогомеопатия Усин. ЗАЧЕМ 2 ПРОГРАММЫ: #1. Психогомеопатия УСИН нужна для работы с теми людьми, у которых ресурс значительно снижен. Для качественной терапии и осознанности нужно поднять ресурс хотя бы до 3.5 ед (пройти 1, 2 фазу). #2. Психог","deep_alchemical","book_04","yes","yes","medium","none","","","","","Telegram Desktop/ChatExport_2026-09-04/messages.html","#message773"
"message774","default","25.07.2025 21:54:55 UTC-05:00","no","","0","0","Психогомеопатия: Алхимия души.","8efe2e7c431d5dffd23fd3870d4027fab4b0f4351cf8ae3dc0b569579bafcd15","УСИН + ГОМЕОПАТИЯ (Коррекция и сопровождение) Скажу честно, коррекция стихий Усин - сложная задача. Стихии - как крылья огня, то вспыхивают, то гаснут. И чтобы добиться ровного горения ""Огня Жизни"" внутри человека, нужно мастерство. Я стал работать со стихиями усин в гомеопатии лишь потому, что меня просили помочь очень ослабленным людям на границе жизни и с","deep_alchemical","book_04","yes","yes","medium","none","","","","","Telegram Desktop/ChatExport_2026-09-04/messages.html","#message774"
"message-262","service","","no","","0","0","Психогомеопатия: Алхимия души.","e3b0c44298fc1c149afbf4c8996fb92427ae41e4649b934ca495991b7852b855","","service_history","service","no","no","high","none","","","","","Telegram Desktop/ChatExport_2026-09-04/messages.html","#message-262"
"message777","default","26.07.2025 00:40:38 UTC-05:00","no","photos/photo_503@26-07-2025_00-40-38.jpg","1","0","Психогомеопатия: Алхимия души.","97378870e4bf80e98ebf200d7af08ad7688d53b199a119b5bce4e539f13c7984","🌾 SECALE CORNUTUM Я этот препарат называю ""Крылья Ангела"". Он мягко разжимает напряжение внутри, а за спиной и головой возникает теплая поддержка и бережное присутствие. Это препарат нежно снимает страх/ тьму в самых сложных ситуациях, вызовах жизни. А вместо этого вносит мягкий свет и принятие. Препарат подходит для очень глубоких ситуаций невыраженной бол","subpersonality","book_03","yes","yes","medium","mention_only","Secale Cornutum","secale-cornutum; secale-cornutum","","","Telegram Desktop/ChatExport_2026-09-04/messages.html","#message777"
"message778","default","26.07.2025 00:40:43 UTC-05:00","no","photos/photo_504@26-07-2025_00-40-43.jpg","1","0","Психогомеопатия: Алхимия души.","f8c3ee53bef9de2b33a580c4ae6b09052cf7f1e37209d7155bee1caa45cd00af","SECALE CORNUTUM ОБРАЗЫ/ МЕДИТАЦИИ. Образ 1 Ты стоишь в заснеженном поле. Ьы дрожишь от холода и боли. Изнутри горит жар, но не согревает. Ты слышишь голос: ""Ты можешь не бороться. Просто дыши."" С каждым вдохом тело отпускает. Огонь внутри превращается в тепло. Ты распрямляешься. Свет сквозь облака падает на твоё лицо. Ты жив. Образ 2 Ты лежишь в чёрной пещер","remedy_mention","out_of_scope","no","no","low","mention_only","Secale Cornutum","secale-cornutum; secale-cornutum","","","Telegram Desktop/ChatExport_2026-09-04/messages.html","#message778"
"message780","default","26.07.2025 11:14:40 UTC-05:00","no","photos/photo_505@26-07-2025_11-14-40.jpg","1","0","Психогомеопатия: Алхимия души.","c430d4f12b47cd940b1b7bbb85c1c98293ce256cfc8fc2acb525c124ad38e226","ОТ КАРАКАТИЦЫ ДО ЛЮТИКА: Фазы пробуждения стихии ВОДА в Усин через призму гомеопатии. Вода - это наша опора, открытость к миру, эмоции, способность чувствовать, воспринимать, жить. Есть несколько способов отследить ваш текущий потенциал воды: #1. Заполнить опросник. #2. Провести энергетическую диагностику силы воды #3. Определить резонирующий гомеопатический","deep_alchemical","book_04","yes","yes","medium","mention_only","Sepia; Hydrogenium","sepia; hydrogenium; sepia","","","Telegram Desktop/ChatExport_2026-09-04/messages.html","#message780"
"message-263","service","","no","","0","0","Психогомеопатия: Алхимия души.","e3b0c44298fc1c149afbf4c8996fb92427ae41e4649b934ca495991b7852b855","","service_history","service","no","no","high","none","","","","","Telegram Desktop/ChatExport_2026-09-04/messages.html","#message-263"
"message788","default","27.07.2025 20:17:01 UTC-05:00","no","","0","0","Психогомеопатия: Алхимия души.","ec16c1d36b0e7497a5a7dd0173dce44524563aaec89b4df2386a6bd7cb053a7f","КАК РАБОТАЕТ ГОМЕОПАТИЯ. Довольно хитро. По принципу резонанса и смены сценария. Травма - это старый закапсулированный стресс в подсознании, так как не было сил решить позитивно раннюю стрессовую ситуацию. И из нее вытекает сценарий жизни/ боли. Препарат - если точно подобран, резонирует на частоте травмы, размыкает ее, дает момент освобождения. Смена сценар","subpersonality","book_03","yes","yes","medium","none","","","","","Telegram Desktop/ChatExport_2026-09-04/messages.html","#message788"
"message-264","service","","no","","0","0","Психогомеопатия: Алхимия души.","e3b0c44298fc1c149afbf4c8996fb92427ae41e4649b934ca495991b7852b855","","service_history","service","no","no","high","none","","","","","Telegram Desktop/ChatExport_2026-09-04/messages.html","#message-264"
"message789","default","31.07.2025 14:01:38 UTC-05:00","no","","0","0","Психогомеопатия: Алхимия души.","1264c56d1ad69d65e08470e24637fb93fbe2fc8ed3805e4afb3ddcf256bc71c1","Я в последнию неделю провожу масштабное переосмысление типов препаратов и принципов работы. Фактически я перепроверил несколько сотен препаратов, уточнил их качества, эффект. Перепроверил категорию к которой они относятся и качество воздействия. Теперь буду подбирать их еще точнее.","theory_method","book_01","yes","yes","medium","none","","","","","Telegram Desktop/ChatExport_2026-09-04/messages.html","#message789"
"message790","default","31.07.2025 14:01:52 UTC-05:00","no","","0","0","Психогомеопатия: Алхимия души.","801a0117aade5e9bc51b8566b1eb5b183594792cf1afbc328454e235d3d9e06a","ИМПУЛЬСНОЕ СОПРОВОЖДЕНИЕ Постепенно меняется мой подход к сопровождению. Так как я начинаю - применять все более глубокие препараты и - более тонкое воздействие (на меридианы), то я буду переходить к формату импульсной поддержки. Что это означает. Для работы с темами здоровья: - фоновую поддержку 24/7 я буду меньше применять, - а вместо этого буду делать пер","deep_alchemical","book_04","yes","yes","medium","none","","","","","Telegram Desktop/ChatExport_2026-09-04/messages.html","#message790"
"message791","default","31.07.2025 20:00:16 UTC-05:00","no","","0","0","Психогомеопатия: Алхимия души.","cfe086e4f5d053201dfbe5da3d825bfd8a2040815f4844bd3e496d7d6c9c101f","Гомеопатия Усин. Скажу вам честно, работать с нестабильным клиентом (ресурс &lt;2.5 из 10) в Усин для меня как американские горки. Стихии нестабильны. Даже мельчайшие воздействия препаратами гомеопатии могут вызывать мощнейшие колебания стихий. Усиливаем металл - проседает вода (отдает ресурс) и т.д. Нужна особая точность. Мы как строим башню из песка. Она п","deep_alchemical","book_04","yes","yes","medium","none","","","","","Telegram Desktop/ChatExport_2026-09-04/messages.html","#message791"
"message-265","service","","no","","0","0","Психогомеопатия: Алхимия души.","e3b0c44298fc1c149afbf4c8996fb92427ae41e4649b934ca495991b7852b855","","service_history","service","no","no","high","none","","","","","Telegram Desktop/ChatExport_2026-09-04/messages.html","#message-265"
"message792","default","02.08.2025 07:45:07 UTC-05:00","no","","0","0","Психогомеопатия: Алхимия души.","f51be36180742395069a0eb21b03cca07d1413e39ec8e8c2a7e900c829d822f0","ВОПРОС: КАК ДОЛГО СМОТРЕТЬ НА МАНДАЛЫ? ОТВЕТ: Гомеопатия действует как импульс, активирующий внутренние силы организма. Потому достаточно смотреть 3 раза в день по 1й минуте. Если чувствуете, что уже не тянет, возможно организму стоит отдохнуть. Тогда достаточно уменьшать частоту: 1 раз в день или 1 раз в неделю. В нашей работе мы начинаем с более легких пре","deep_alchemical","book_04","yes","yes","medium","none","","","","","Telegram Desktop/ChatExport_2026-09-04/messages.html","#message792"
"message-266","service","","no","","0","0","Психогомеопатия: Алхимия души.","e3b0c44298fc1c149afbf4c8996fb92427ae41e4649b934ca495991b7852b855","","service_history","service","no","no","high","none","","","","","Telegram Desktop/ChatExport_2026-09-04/messages.html","#message-266"
"message793","default","03.08.2025 21:40:37 UTC-05:00","no","photos/photo_506@03-08-2025_21-40-37.jpg","1","0","Психогомеопатия: Алхимия души.","29c3980995377493bc2f992690d116971e30460351a53132b328f9777ab70f3e","🌿 CINERARIA MARITIMA (Пепельник приморский) Удивительно светлый, легкий препарат. Он добавляет мягкую ясность. Восприятие мира как зажигается сиянием светлячков. Жизнь, реальность, контакты становятся ближе, легче и теплее. Во внутреннем мире становится больше света и красоты. Cineraria — это свет в глазах , который пробивается сквозь пепел усталости, раздр","deep_alchemical","book_04","yes","yes","medium","mention_only","Cineraria","cineraria","","","Telegram Desktop/ChatExport_2026-09-04/messages.html","#message793"
"message-267","service","","no","","0","0","Психогомеопатия: Алхимия души.","e3b0c44298fc1c149afbf4c8996fb92427ae41e4649b934ca495991b7852b855","","service_history","service","no","no","high","none","","","","","Telegram Desktop/ChatExport_2026-09-04/messages.html","#message-267"
"message794","default","04.08.2025 19:06:59 UTC-05:00","no","","0","0","Психогомеопатия: Алхимия души.","950e35b8a113d4922268635bcb3535f056f9976dc7ff9236085db53331bb9a89","ТИПЫ СЕССИЙ Наша работа может включать 3 уровня: 1) Коррекция основная: - Анализ ситуации, причин и возможностей (расстановки, психотерапия) - Подбор решения (гомеопатия). - воздействие препаратами средних потенций, проверка актуальности препаратов, мягкая дистанционная коррекция Одна неделя сопровождения идет в подарок к расширенной личной сессии. 2) Коррек","deep_alchemical","book_04","yes","yes","medium","none","","","","","Telegram Desktop/ChatExport_2026-09-04/messages.html","#message794"
"message-268","service","","no","","0","0","Психогомеопатия: Алхимия души.","e3b0c44298fc1c149afbf4c8996fb92427ae41e4649b934ca495991b7852b855","","service_history","service","no","no","high","none","","","","","Telegram Desktop/ChatExport_2026-09-04/messages.html","#message-268"
"message795","default","05.08.2025 07:40:25 UTC-05:00","no","photos/photo_507@05-08-2025_07-40-25.jpg","1","0","Психогомеопатия: Алхимия души.","6bc7a67ece05b1c7af685f931a06ef6dfc1bbab2a66916560dcc4f43105010e0","Психо-гомеопатия - это то, что возвращает человеку его жизнь, силу и потенциал. Выводит из закаулков травм и сомнений.","theory_method","book_01","yes","yes","medium","none","","","","","Telegram Desktop/ChatExport_2026-09-04/messages.html","#message795"
"message-269","service","","no","","0","0","Психогомеопатия: Алхимия души.","e3b0c44298fc1c149afbf4c8996fb92427ae41e4649b934ca495991b7852b855","","service_history","service","no","no","high","none","","","","","Telegram Desktop/ChatExport_2026-09-04/messages.html","#message-269"
"message797","default","07.08.2025 22:16:20 UTC-05:00","yes","","0","0","Психогомеопатия: Алхимия души.","366670c060e9a4434f986ce2200c0cd37ab2ec93acc72ad4d59e450e81204e37","УРОК 3. ЧЕМ МЕНЬШЕ, ТЕМ ЛУЧШЕ. 1. Когда я только начинал заниматься гомеопатией, я сомневался, что эффект от гомеопатии возможен и достаточен при работе по фото. И ставил препараты на неделю, месяц. По отзывам пациентов, уже за неделю в их жизни происходили очень важные изменения. 2. Потом я стал работать с темами здоровья, Усин и так же из щедрости, ставил ","deep_alchemical","book_04","yes","yes","medium","none","","","","","Telegram Desktop/ChatExport_2026-09-04/messages.html","#message797"
"message798","default","07.08.2025 22:16:27 UTC-05:00","no","photos/photo_508@07-08-2025_22-16-27.jpg","1","0","Психогомеопатия: Алхимия души.","4a08108de7f3ba9e82a2d0fed894d11d7705c94fe31b79302496d575e93f70ae","В последнее время начал работать с новым инструментом - цветочные эссенции Баха. Это не совсем гомеопатия. Они работают мягче. Но глубоко. И есть плюс, я могу этими препаратами оказывать воздействие 24/7. Проверяю эффект. Смотрю базовую серию RESCUE. Она применяется для особо стрессовых, шоковых состояний. Реальный эффект: - дает успокоение, смягчение и напо","deep_alchemical","book_04","yes","yes","medium","none","","","","","Telegram Desktop/ChatExport_2026-09-04/messages.html","#message798"
"message-270","service","","no","","0","0","Психогомеопатия: Алхимия души.","e3b0c44298fc1c149afbf4c8996fb92427ae41e4649b934ca495991b7852b855","","service_history","service","no","no","high","none","","","","","Telegram Desktop/ChatExport_2026-09-04/messages.html","#message-270"
"message799","default","10.08.2025 00:10:05 UTC-05:00","no","","0","0","Психогомеопатия: Алхимия души.","c9f23d0f077cea34e4ed7ec97fb702b25db646267da8a318a3003db9ae0cf9e5","Я некоторое время не писал. Сейчас я больше развиваю направлением усин-гомеопатия. Это метод работы с функциями организма на основе: - усин (китайская мкдицина) и - модели уровней здоровья Витулкоса (гомеопатия). В последнее время я все больше замечаю, что до работы с психическими вопросами требуется восстановить ресурсы физического тела. Особенно это касает","deep_alchemical","book_04","yes","yes","medium","none","","","","","Telegram Desktop/ChatExport_2026-09-04/messages.html","#message799"
"message-271","service","","no","","0","0","Психогомеопатия: Алхимия души.","e3b0c44298fc1c149afbf4c8996fb92427ae41e4649b934ca495991b7852b855","","service_history","service","no","no","high","none","","","","","Telegram Desktop/ChatExport_2026-09-04/messages.html","#message-271"
"message801","default","11.08.2025 11:13:28 UTC-05:00","no","","0","0","Психогомеопатия: Алхимия души.","e1e0b3d198b38b7e316fd1668a6e3d81500c4ed412c084652b9cfc5499401b07","Попалась сегодня история жизни Раисы Горбачевой, жена Генсекретаря Союза всю жизнь любила не мужа, а иностранца и умерла от лейкомии от невозможности быть вместе. Болезнь не приходит вдруг. Она приходит как следствие потери смысла Жить. Нужно лечить не тело. Сложные болезни не вылечить. Нужно лечить СМЫСЛЫ. Со смыслами работает психотерапия и психо-гомеопати","deep_alchemical","book_04","yes","yes","medium","none","","","","","Telegram Desktop/ChatExport_2026-09-04/messages.html","#message801"
"message802","default","11.08.2025 15:38:34 UTC-05:00","no","photos/photo_509@11-08-2025_15-38-34.jpg","1","0","Психогомеопатия: Алхимия души.","f64cd160fbfb38a8d9482e74db4cfb9528e0e0386db6d70519349a1ad982e7de","MAGNESIUM CARBONICUM Это препарат, который часто подходит клиентам в начале работы в усин-гомеопатии. Его энергия бережна, но стабильна. Этот препарат часто связан с темой потребности в заботе и страхом брошенности, особенно в раннем детском опыте. Он дает мягкую опору, в которой можно обрести устойчивость. Позволяет обрести чувство поддержки, которой многим","remedy_card","book_02","yes","yes","high","full_card","Magnesium Carbonicum","magnesium-carbonicum","message802","","Telegram Desktop/ChatExport_2026-09-04/messages.html","#message802"
"message803","default","11.08.2025 20:41:46 UTC-05:00","no","","0","0","Психогомеопатия: Алхимия души.","ececae62c64b76c947611f32d2ba118dbf183218413cf7ca4d15838d1e1f0251","ОБНОВЛЕНИЕ. Улучшил подход работы с симптомами. - Ранее я подбирал препараты/ решения в целом для человека и ситуации - Сейчас я рассматриваю симптом через призму УСИН. Т.е. сейчас по стихиям мы более тонко находим где лежит причина симптома и даем коррекцию. Получается работать с более сложными запросами.","deep_alchemical","book_04","yes","yes","medium","none","","","","","Telegram Desktop/ChatExport_2026-09-04/messages.html","#message803"
"message-272","service","","no","","0","0","Психогомеопатия: Алхимия души.","e3b0c44298fc1c149afbf4c8996fb92427ae41e4649b934ca495991b7852b855","","service_history","service","no","no","high","none","","","","","Telegram Desktop/ChatExport_2026-09-04/messages.html","#message-272"
"message804","default","13.08.2025 20:35:01 UTC-05:00","no","","0","0","Психогомеопатия: Алхимия души.","3c5b426971943c437226cb421f0d2849e331b1db6e90bb7b54d67a7b240e9dba","ГОМЕОПАТИЯ УСИН. В последнее время перед тем как решать сложные психические вопросы я предлагаю клиентам начать с укрепления базовой опоры в УСИН: - сила, - здоровье, - уверенность в себе. Мы работаем по модели китайской медицины. Воздействие идет сразу через несколько систем, подобранных под человека: - гомеопатию, - натуропатию, - цветочные эссенции Баха -","deep_alchemical","book_04","yes","yes","medium","none","","","","","Telegram Desktop/ChatExport_2026-09-04/messages.html","#message804"
"message-273","service","","no","","0","0","Психогомеопатия: Алхимия души.","e3b0c44298fc1c149afbf4c8996fb92427ae41e4649b934ca495991b7852b855","","service_history","service","no","no","high","none","","","","","Telegram Desktop/ChatExport_2026-09-04/messages.html","#message-273"
"message805","default","14.08.2025 10:18:35 UTC-05:00","no","","0","0","Психогомеопатия: Алхимия души.","fbaba81d1cc509dfb87e6bf1e78af7e6b84ec6cab81b4df5b69c48c8d908e64c","МЕТОДИЧКА (для специалистов, учеников) Какие потенции гомеопатии я использую для работы с каким уровнем здоровья. Этапы работы: 1. Шторм , 0–2 ед ресурса. Стабилизация: 6CH (1 мин), аромамасла, эссенции Баха (4-8 часов) Активация: 6CH (30–60 сек). Задача: мягко удержать жизнь без раскачки. 2.1. Снежная королева , 2.0–2.5 ед Стабилизация: 6CH (1-2 мин). арома","subpersonality","book_03","yes","yes","medium","none","","","","","Telegram Desktop/ChatExport_2026-09-04/messages.html","#message805"
"message806","default","14.08.2025 10:59:36 UTC-05:00","no","photos/photo_510@14-08-2025_10-59-36.jpg","1","0","Психогомеопатия: Алхимия души.","2b5752b453d33f9e7f8a9022ecfd8d54b574a119ce811def8ab0998c82ef8e9c","🧪 SACCHARUM OFFICINALE (Тростниковый сахар) Этот препарат очень эффективен на ранних этапах усин-гомеопатии. Он наполняет изголодавшуюся душу ресурсом. Дает чувство стабильности. А на более поздних этапах работы дает состояние удовольствия и расслабления. Это препарат внутреннего голода — голода любви, тепла, признания, который маскируется внешней сладостью","remedy_card","book_02","yes","yes","high","full_card","Saccharum Officinale","saccharum-officinale","message806","","Telegram Desktop/ChatExport_2026-09-04/messages.html","#message806"
"message807","default","14.08.2025 11:25:22 UTC-05:00","no","","0","0","Психогомеопатия: Алхимия души.","a75214f7688498a97ab239724821502b17ba2d15f04f26309497769758c583f6","Я довольно занят был с клиентами в последнее время. Но, думаю, могу сейчас еще одного взять. Можем начать с бесплатной диагностики. Пишите: t.me/AndyTherapist","other","out_of_scope","no","no","low","none","","","","","Telegram Desktop/ChatExport_2026-09-04/messages.html","#message807"
"message-274","service","","no","","0","0","Психогомеопатия: Алхимия души.","e3b0c44298fc1c149afbf4c8996fb92427ae41e4649b934ca495991b7852b855","","service_history","service","no","no","high","none","","","","","Telegram Desktop/ChatExport_2026-09-04/messages.html","#message-274"
"message808","default","16.08.2025 00:47:26 UTC-05:00","no","","0","0","Психогомеопатия: Алхимия души.","d697f73c24e81ac72db00abdadde862384e746aa08ef9660aec29526ed601f93","МЕТОДИЧКА (для учеников). Акценты в работе с пациентом на разных Уровнях Здоровья Усин. Каждый уровень кардинально отличается от другого. Здесь надо не только брать другие препараты и потенции, но меняется даже принцип работы. А. 7 Базовых Уровней Злоровья #1. Этап 1 — Шторм (0-2 ед) Здесь энергетика крайне ослабленна и хаотична. Любые сильные импульсы возде","deep_alchemical","book_04","yes","yes","medium","mention_only","Ambra Grisea; Berberis","ambra-grisea; ambra-grisea; berberis","","","Telegram Desktop/ChatExport_2026-09-04/messages.html","#message808"
"message809","default","16.08.2025 08:40:45 UTC-05:00","no","","0","0","Психогомеопатия: Алхимия души.","45a7e914a42fe928a6c490c61208eb45f0f2d2927ee8ad3d82afe72aa2361b72","Скажу честно, гомеопатия Усин в разы сложнее чем психо-гомеопатия. Тут мы не просто подбираем подходящий телу и психике препараты, но и учитываем их воздействие на баланс стихий и меридианов Усин в организме. Это ювелирная работа. Для сложных пациентов каждая минута воздействия влияет. Нужно подбирать такую дозу, чтобы и сработало и не перегрузило. Сопровожд","deep_alchemical","book_04","yes","yes","medium","none","","","","","Telegram Desktop/ChatExport_2026-09-04/messages.html","#message809"
"message-275","service","","no","","0","0","Психогомеопатия: Алхимия души.","e3b0c44298fc1c149afbf4c8996fb92427ae41e4649b934ca495991b7852b855","","service_history","service","no","no","high","none","","","","","Telegram Desktop/ChatExport_2026-09-04/messages.html","#message-275"
"message810","default","19.08.2025 11:45:49 UTC-05:00","no","","0","0","Психогомеопатия: Алхимия души.","0da35919adade690d0fba8e1ce0e01fa648c3f8fe9267e027794f4b9ac7b9830","ВОПРОС : когда мы используем травы, когда масла, а когда гомеопатию? ОТВЕТ : все зависит от уровня ресурса человека и типа материала. Но в целом можно предложить такую схему. 1. Эфирные масла: Очень мягкая коррекция , даже для самых ослабленных пациентов (этапы Шторм и Снежная Королева) - коррекция: 0-2.5 ед ресурса - поддержка: 2.5-4.0 ед ресурса 2. Натуроп","deep_alchemical","book_04","yes","yes","medium","mention_only","Aurum metallicum","aurum-metallicum","","","Telegram Desktop/ChatExport_2026-09-04/messages.html","#message810"
"message-276","service","","no","","0","0","Психогомеопатия: Алхимия души.","e3b0c44298fc1c149afbf4c8996fb92427ae41e4649b934ca495991b7852b855","","service_history","service","no","no","high","none","","","","","Telegram Desktop/ChatExport_2026-09-04/messages.html","#message-276"
"message815","default","20.08.2025 15:45:22 UTC-05:00","no","photos/photo_511@20-08-2025_15-45-22.jpg","1","0","Психогомеопатия: Алхимия души.","b6aef2269f303e75cf429d14d2787984e8ea2e2d4241dbdef0220b82b9fa9348","МЕСТА СИЛЫ В ГОМЕОПАТИИ. Дистанционное воздействие препаратом может быть прямым (по фото). А может быть более мягким, фоновым (в пространстве силы). Пространство силы можно создавать раличными предметами, мандалами. И в том числе кристаллами. Причем кристаллы задают разную частоту. Разберем. 1 ) Белый кварц. Укрепляет силу личности. Задает ясность концентрац","deep_alchemical","book_04","yes","yes","medium","none","","","","","Telegram Desktop/ChatExport_2026-09-04/messages.html","#message815"
"message-277","service","","no","","0","0","Психогомеопатия: Алхимия души.","e3b0c44298fc1c149afbf4c8996fb92427ae41e4649b934ca495991b7852b855","","service_history","service","no","no","high","none","","","","","Telegram Desktop/ChatExport_2026-09-04/messages.html","#message-277"
"message816","default","22.08.2025 21:54:02 UTC-05:00","no","photos/photo_512@22-08-2025_21-54-02.jpg","1","0","Психогомеопатия: Алхимия души.","a8a81d472ef617dbc05121261d731058fa8a7d7a538698b60c75bd8e6d6c6d39","АРХЕТИПИЧЕСКАЯ ГОМЕОПАТИЯ. - Что это такое? Как идет процессс? - Архетипическая гомеопатия - это фактически Мистерия жизни. #1. Сначала мы создаем сюжет мистерии. Он формируется из мотивов вашего подсознания, образы, сказки, мифы. Внутренний образ в скрытом символическом виде отражает суть травмы/ внутреннего ступора/ проблемы и способ выхода из него. #2. Вн","subpersonality","book_03","yes","yes","medium","none","","","","","Telegram Desktop/ChatExport_2026-09-04/messages.html","#message816"
"message-278","service","","no","","0","0","Психогомеопатия: Алхимия души.","e3b0c44298fc1c149afbf4c8996fb92427ae41e4649b934ca495991b7852b855","","service_history","service","no","no","high","none","","","","","Telegram Desktop/ChatExport_2026-09-04/messages.html","#message-278"
"message817","default","31.08.2025 14:35:53 UTC-05:00","no","","0","0","Психогомеопатия: Алхимия души.","17955a6c9e9c79e36db9cc8347d882c00d057173d8a8b5ec0645c3d45d0958eb","Я продолжаю работать с гомеопатией, но я сейчас ее интегрирую в китайскую систему Усин. Как так? #1. Диагностика . Корень проблем человека можно понять по дисбалансу стихий Усин. Т.е. стихии покажут нам, где в энергетике человека провал и почему. Хотя, на первых парах, конечно, надо нам в целом ресурс укрепить. А уже позднее различать нюансы. #2. Коррекция. ","deep_alchemical","book_04","yes","yes","medium","none","","","","","Telegram Desktop/ChatExport_2026-09-04/messages.html","#message817"
"message-279","service","","no","","0","0","Психогомеопатия: Алхимия души.","e3b0c44298fc1c149afbf4c8996fb92427ae41e4649b934ca495991b7852b855","","service_history","service","no","no","high","none","","","","","Telegram Desktop/ChatExport_2026-09-04/messages.html","#message-279"
"message818","default","05.09.2025 07:47:26 UTC-05:00","yes","","0","0","Психогомеопатия: Алхимия души.","c67709f9af902c673e74bef1b2c92ff564d2fd6112ec151f1fb963d31cbcf85e","Какие препараты эффективней? На сессиях своим клиентам я назначаю целый комплекс препаратов. Это гомеопатия, натуропатия, китайская медицина, аромамасла Эмсенции Баха и так далее. Потому сделаю небольшое пояснение, какие препараты по опыту показали себя наиболее эффективно. #1. ГОМЕОПАТИЯ В 1-ю очередь, конечно же, мощно работает гомеопатия. Она воздействует","subpersonality","book_03","yes","yes","medium","none","","","","","Telegram Desktop/ChatExport_2026-09-04/messages.html","#message818"
"message819","default","05.09.2025 10:00:34 UTC-05:00","no","photos/photo_513@05-09-2025_10-00-34.jpg","1","0","Психогомеопатия: Алхимия души.","b3e5c8ab52054bc6086a0a39bccb7334733b13cdbc2fe105b2aa6d0c308783db","🧪 CYCLAMEN EUROPAEUM (Цикламен / альпийская фиалка) Это препарат, который пробуждает радость жизни, размораживает скованность стихии воды, запускает динамику перемен. Ключевая суть: Это препарат для тех, кто живёт в тени вины, самоукорения и чувства «я не имею права на радость». Cyclamen возвращает способность чувствовать красоту, принимать радость и свет, ","remedy_card","book_02","yes","yes","high","full_card","Cyclamen Europaeum","cyclamen-europaeum","message819","","Telegram Desktop/ChatExport_2026-09-04/messages.html","#message819"
"message820","default","05.09.2025 10:35:40 UTC-05:00","no","","0","0","Психогомеопатия: Алхимия души.","21a0f74eb21ad32a1bf66a5c8f767bf1ec9df174c39a06cebdfb00a8fae39e50","Новый прогресс. Я наконец-то обьединил гомеопатию и усин. В последнее время у меня была трудность в работе с глубокими симптомами: - под симптом можно подобрать подходящие препараты гомеопатии - они дают облегчение, снимают стресс и спазм - но ситуация подвисает, в корне не меняется. Какие только препараты я не подбирал. Но ситуация не меняется. Процесс изме","deep_alchemical","book_04","yes","yes","medium","none","","","","","Telegram Desktop/ChatExport_2026-09-04/messages.html","#message820"
"message-280","service","","no","","0","0","Психогомеопатия: Алхимия души.","e3b0c44298fc1c149afbf4c8996fb92427ae41e4649b934ca495991b7852b855","","service_history","service","no","no","high","none","","","","","Telegram Desktop/ChatExport_2026-09-04/messages.html","#message-280"
"message821","default","06.09.2025 11:58:56 UTC-05:00","no","","0","0","Психогомеопатия: Алхимия души.","df9a798688867f7e3ed0a5939afb1c60afbfc575f2f798fd24c276cac0124221","Апгрейд. Коррекция внутренних программ . Я прихожу к тому, что важно не только укрепить ресурс и качества стихий, но убрать ключевые внутренние программы, которые гасят потенциал стихий. Я собрал список ключевых внутренних конфликтов в глубинной психотерапии и бодинамике и соотнес их с меридианами Усин. Таким образом, появилась комплексная схема работы по вс","deep_alchemical","book_04","yes","yes","medium","none","","","","","Telegram Desktop/ChatExport_2026-09-04/messages.html","#message821"
"message822","default","06.09.2025 12:12:33 UTC-05:00","no","","0","0","Психогомеопатия: Алхимия души.","f5542d5ed090729f9d203e67fbdc88ff2a16649336ef80b83b5dbb3389af6da0","ПСИХОТЕСТ УСИН. - Оцените следующие утверждения по 10 баллам. 🌊 Вода Почки (Шэнь) 1. «Я не имею права быть/ боюсь существовать» 2. «Мир опасен, я беззащитен, лучше замереть» Мочевой пузырь (Пан-гуан) 1. «Я должен всё время быть настороже» 2. «Если я расслаблюсь, раскроюсь — меня уничтожат/ накажут/ сломают» 🌱 Дерево Печень (Гань) 1. «Я не имею права хотеть","deep_alchemical","book_04","yes","yes","medium","none","","","","","Telegram Desktop/ChatExport_2026-09-04/messages.html","#message822"
"message-281","service","","no","","0","0","Психогомеопатия: Алхимия души.","e3b0c44298fc1c149afbf4c8996fb92427ae41e4649b934ca495991b7852b855","","service_history","service","no","no","high","none","","","","","Telegram Desktop/ChatExport_2026-09-04/messages.html","#message-281"
"message823","default","10.09.2025 21:51:40 UTC-05:00","yes","","0","0","Психогомеопатия: Алхимия души.","b72287dbdd804863b2371139c5120d3a371e3775de002bd71d9270ce3ad7fe18","Грани работы. У меня есть 2 вектора работы: 1 . Психогомеопатия (расстановка и образная терапия, плюс препараты гомеопатии). 2 . Даосская алхимия (Ступени Дао): восстановливает потенциал стихий Усин - внутренний ресурс. Они работают по-разному. 1. Психогомеопатия Позволяет проработать ранние глубокие стрессы, у вас быстро меняется отношение к ситуации, ресур","deep_alchemical","book_04","yes","yes","medium","none","","","","","Telegram Desktop/ChatExport_2026-09-04/messages.html","#message823"
"message824","default","10.09.2025 21:51:40 UTC-05:00","yes","","0","0","Психогомеопатия: Алхимия души.","71021be493ddb59180bf415b5b8fead8aa33d83507ba45ea638ee264e72899a4","ПРИМЕР КАК ИДЕТ СЕССИЯ: /Психогомеопатия / Запрос: симптом тела в стрессе. Шаг 1. Мы раскрываем смысл симптома мы через образ бессознательного, который в дальнейшем рисуется. Шаг 2. По рисунку, через расстановки я считываю ключевые динамики, проблемы, точки ступора, где нужна коррекция. Шаг 3. Подбираются препараты, которые дают нужную коррекцию. Например, 1","theory_method","book_01","yes","yes","medium","none","","","","","Telegram Desktop/ChatExport_2026-09-04/messages.html","#message824"
"message825","default","10.09.2025 21:51:41 UTC-05:00","yes","","0","0","Психогомеопатия: Алхимия души.","81deebc48b96cd782a1869ad160a0019aa6d0c71d1e0f66a8d6e2ea223a84f04","ОСОБЕННОСТЬ РАБОТЫ ПРЕПАРАТОВ 1. Препараты натуропатии: Ближе всего к телу. Укрепляют телесный, физический ресурс. На работу с травмой почти не влияют. Только косвенно, через наполнение силой. 2. Аромамасла. Хорошо влияют на нервную систему. Стабилизируют психику, эмоциональный фон. Масла снимают остроту психической травмы и несколько подпитывают ресурс тела","deep_alchemical","book_04","yes","yes","medium","none","","","","","Telegram Desktop/ChatExport_2026-09-04/messages.html","#message825"
"message-282","service","","no","","0","0","Психогомеопатия: Алхимия души.","e3b0c44298fc1c149afbf4c8996fb92427ae41e4649b934ca495991b7852b855","","service_history","service","no","no","high","none","","","","","Telegram Desktop/ChatExport_2026-09-04/messages.html","#message-282"
"message826","default","14.09.2025 19:17:12 UTC-05:00","no","photos/photo_514@14-09-2025_19-17-12.jpg","1","0","Психогомеопатия: Алхимия души.","bcebf76930986dd84a558586a32c270469eb735b0de986ff9c255c0da92ebe13","SYZYGIUN JAMBOLANUM (Джамболан, восточная слива). Этот препарат ключевой для темы принятия удовольствия. - В гомеопатии здоровья он применяется для лечения диабета, снижения сахара - В психогомеопатии он применяется при травмах доверия первых шагов ребенка к миру. Этот препарат - мистерия. Он учит открываться Сладости жизни, разрешить принимать удовольствие ","remedy_card","book_02","yes","yes","high","full_card","Syzygium jambolanum","syzygium-jambolanum","message826","","Telegram Desktop/ChatExport_2026-09-04/messages.html","#message826"
"message827","default","14.09.2025 21:20:19 UTC-05:00","no","","0","0","Психогомеопатия: Алхимия души.","b33d9d89f825e251a6dcae44bfba68cb4b578c9345712cfb985655653a35a1a6","В последнее время я работаю гомеопатией уже даже - не по фото - не по модели цели - а по системе меридианов Усин. Так получается более глубокое воздействие. Но чтобы выдержать такую глубину воздействия сейчас я рекомендую для начала пройти несколько циклов Даосской Алхимии через препараты натуропатии и поднять свой уровень хотя бы до 5 ступени (Король/ Корол","deep_alchemical","book_04","yes","yes","medium","none","","","","","Telegram Desktop/ChatExport_2026-09-04/messages.html","#message827"
"message-283","service","","no","","0","0","Психогомеопатия: Алхимия души.","e3b0c44298fc1c149afbf4c8996fb92427ae41e4649b934ca495991b7852b855","","service_history","service","no","no","high","none","","","","","Telegram Desktop/ChatExport_2026-09-04/messages.html","#message-283"
"message828","default","19.09.2025 15:32:45 UTC-05:00","yes","","0","0","Психогомеопатия: Алхимия души.","b11c56e4fd3683af4948f7f2d53960441f028b099de1a896240562a9a4dcb29c","Моя работа сейчас все больше стремится к научной медицине и биологии. #1. Начинал я с поддержки человека в целом - одним препаратом натуропатии (гомеопатии), которые резонируют с травмой человека. Классический подход гомеопатии. #2. Далее я стал глубже работать с субличностями и архетипами (психогомеопатия). #3. Позже объединил работу в гомеопатии с китайско","deep_alchemical","book_04","yes","yes","medium","none","","","","","Telegram Desktop/ChatExport_2026-09-04/messages.html","#message828"
"message829","default","19.09.2025 15:32:45 UTC-05:00","yes","","0","0","Психогомеопатия: Алхимия души.","876baa986fbbd02b6438040b5994e22def79c23a9c23628dbeff495b0f628496","Я постепенно перехожу на уровень нейрофизиологии. Это любопытно. Это как раз та точка, где пересекаются - психотерапия - физиология, медицина - и гомеопатия. Мозг человека реагирует на ситуации не сознанием, а подсознанием, почти мгновенно. И мы не всегда это контролируем. - глубинная психотерапия это как software, юзерский интерфейс: достает картинки из под","theory_method","book_01","yes","yes","medium","none","","","","","Telegram Desktop/ChatExport_2026-09-04/messages.html","#message829"
"message-284","service","","no","","0","0","Психогомеопатия: Алхимия души.","e3b0c44298fc1c149afbf4c8996fb92427ae41e4649b934ca495991b7852b855","","service_history","service","no","no","high","none","","","","","Telegram Desktop/ChatExport_2026-09-04/messages.html","#message-284"
"message830","default","25.09.2025 18:27:23 UTC-05:00","no","","0","0","Психогомеопатия: Алхимия души.","8d94564563a987e34ae16578839514a115b301b9822e36ff118c2310b4dd0138","Небольшой апдейт. В даосской алхимии сейчас я начинаю подбирать препараты не только по резонансу (актуальности), но и по реальному эффекту влияния на фигуру здоровья. Анализирую сразу комплекс препаратов: - гомеопатия - настойки трав - эссенции Баха - аромамасла - натуропатия. Проверяю эффективность и подбираю ключевые. Пару десятков препаратов рассматриваю ","deep_alchemical","book_04","yes","yes","medium","none","","","","","Telegram Desktop/ChatExport_2026-09-04/messages.html","#message830"
"message-285","service","","no","","0","0","Психогомеопатия: Алхимия души.","e3b0c44298fc1c149afbf4c8996fb92427ae41e4649b934ca495991b7852b855","","service_history","service","no","no","high","none","","","","","Telegram Desktop/ChatExport_2026-09-04/messages.html","#message-285"
"message831","default","26.09.2025 11:08:36 UTC-05:00","no","","0","0","Психогомеопатия: Алхимия души.","13b48e9c85aee98980e126ac721c4f4441e0fa1888ce5f3ae62105b0dc017487","Вспоминаю. Ранее я, как многие молодые специалисты, предпочитал начинать с мощных препаратов, тысячных потенций гомеопатии - ну уж, чтобы точно почувствовать эффект! Сейчас нет. Сейчас я предпочитаю начинать работать со сверхнизких потенций, 6ch. И медленно повышать потенцию. Это как если бы вы занимались в спортзале. Сначала небольшой груз. И потом уже дела","deep_alchemical","book_04","yes","yes","medium","none","","","","","Telegram Desktop/ChatExport_2026-09-04/messages.html","#message831"
"message-286","service","","no","","0","0","Психогомеопатия: Алхимия души.","e3b0c44298fc1c149afbf4c8996fb92427ae41e4649b934ca495991b7852b855","","service_history","service","no","no","high","none","","","","","Telegram Desktop/ChatExport_2026-09-04/messages.html","#message-286"
"message832","default","27.09.2025 18:05:47 UTC-05:00","no","","0","0","Психогомеопатия: Алхимия души.","ba835dca7994c6cb44a087bf438b115c270efdda8ef6fdaf3e43833a402ea599","В последние 3 месяца я активно занимаюсь вопросами не психического здоровья, а занимаюсь сложными физическими заболеваниями: онкология, диабет и т.п. Такая работа идет дольше, глубже. Потому я в последнее время пишу меньше заметок. Может казаться, что ничего не происходит. Но на самом деле работа идет, очень глубокая. Получается достичь успехов в очень сложн","other","out_of_scope","no","no","low","none","","","","","Telegram Desktop/ChatExport_2026-09-04/messages.html","#message832"
"message-287","service","","no","","0","0","Психогомеопатия: Алхимия души.","e3b0c44298fc1c149afbf4c8996fb92427ae41e4649b934ca495991b7852b855","","service_history","service","no","no","high","none","","","","","Telegram Desktop/ChatExport_2026-09-04/messages.html","#message-287"
"message833","default","28.09.2025 15:51:25 UTC-05:00","no","","0","0","Психогомеопатия: Алхимия души.","dbd50a1654b08d000dca4be592c4f20cdcf93f7f6a161a8d6f01519501ef9dcf","КАЧЕСТВО ВЕН. Сейчас у меня еще один запрос. Тема: качество сосудов, вен, варикоз, варикоцеле. Для эффекта нам надо проконтролировать и улучшить в работе сразу ряд ключевых параметров. Приведу протокол точек анализа. #1. Прочность и эластичность сосудов и клапанов: - коллаген (белок, строит) - эластин (упругость) - гиалурововая кислота (гибкость, удержание в","theory_method","book_01","yes","yes","medium","mention_only","Testosteronum","testosteronum","","","Telegram Desktop/ChatExport_2026-09-04/messages.html","#message833"
"message834","default","28.09.2025 22:41:50 UTC-05:00","no","","0","0","Психогомеопатия: Алхимия души.","773f2babff4df97439f5a73e09abe0bef57921a354ee8d6f487a6844c4cd8f71","УСИН И ЛЕЧЕНИЕ ДИАБЕТА. Расскажу как я обьединяю в работе воссточную модель Усин и западную физиологию. Они хорошо соотносятся. #1. ВОДА (надпочечники) Ключевой фактор диабета - отсутствие опоры, ресурса, хронический стресс. Нервная система в стрессе выделяет адреналин и кортизол, чтобы повысить сахар в крови, выдавить его запасы из печени и мышц для борьбы.","deep_alchemical","book_04","yes","yes","medium","none","","","","","Telegram Desktop/ChatExport_2026-09-04/messages.html","#message834"
"message-288","service","","no","","0","0","Психогомеопатия: Алхимия души.","e3b0c44298fc1c149afbf4c8996fb92427ae41e4649b934ca495991b7852b855","","service_history","service","no","no","high","none","","","","","Telegram Desktop/ChatExport_2026-09-04/messages.html","#message-288"
"message835","default","29.09.2025 15:09:55 UTC-05:00","no","","0","0","Психогомеопатия: Алхимия души.","831d646351636e4d7301f3aa6eaacb2f2e009b9a778af61f83ac9480f98d7033","Эх, исследования стоят денег. Каждый раз, когда я захожу на фабрику гомео-препаратов, заказ стоит порядка 200 долларов. И из них потом окажутся эффективны лишь парочка. И далеко не каждому и не во всех случаях они будут полезны. Да и найти эти препараты не просто. Так что, стоимость моих сессий достаточно небольшая, если сопоставлять с затратами.","theory_method","book_01","yes","yes","medium","none","","","","","Telegram Desktop/ChatExport_2026-09-04/messages.html","#message835"
"message836","default","29.09.2025 15:22:34 UTC-05:00","no","","0","0","Психогомеопатия: Алхимия души.","1dbc78b638761a24ff1cb5b9ed9107f5fa8e48cd80b32a184310265d255e1da0","По моему опыту, даже если следовать описаниям, клиенту подходит лишь 15-20% рекомендованных препаратов. Остальные бесполезны. А из этих 15% препаратов - реально значимо влияют на показатели здоровья лишь 3%. Так что без четкой проверки препаратов по энергетике - гомеопатия бессмысленна. Но если найти КЛЮЧ - им можно открыть двери к самым сложным проблемам.","theory_method","book_01","yes","yes","medium","none","","","","","Telegram Desktop/ChatExport_2026-09-04/messages.html","#message836"
"message837","default","29.09.2025 16:41:43 UTC-05:00","no","photos/photo_515@29-09-2025_16-41-43.jpg","1","0","Психогомеопатия: Алхимия души.","f6d1cf6629ddb21ac136a8044b70f6db3dee9c6ee62d033c64529162cec3a04c","ГОРМОНАЛЬНАЯ КОРРЕКЦИЯ. Гормоны - это ""руки"" нервной системы. Это тот ключ, через который психика регулирует внутренние процессы организма. Например, - регулировка имунной системы тимусом - регулировкв уровня стресса, возбужденности гипофизом и т.п. Сейчас я начал диагностировать корень проблем здоровья человека - через выявление ключевых зон, где нарушен эт","theory_method","book_01","yes","yes","medium","none","","","","","Telegram Desktop/ChatExport_2026-09-04/messages.html","#message837"
"message838","default","29.09.2025 16:41:52 UTC-05:00","no","photos/photo_516@29-09-2025_16-41-52.jpg","1","0","Психогомеопатия: Алхимия души.","28c8452f044c2154f632c85ff8528fc4e876c1a8bf9e762b6f580187eb856611","ГОРМОНАЛЬНЫЕ ПРЕПАРАТЫ Сейчас я провожу диагностику и коррекцию нервно-гормональной системы через следующие препараты: Ключевые препараты регуляторы . Это ""дирижёры"", универсальные точки входа, через которые можно тестировать и балансировать систему: • Thymuline - регулировка имунной системы, тимуса • Adrenalinum , Hydrocartisol – регулировка уровня стресса ","remedy_card","book_02","yes","yes","high","full_card","Testosteronum","testosteronum","message838","","Telegram Desktop/ChatExport_2026-09-04/messages.html","#message838"
"message839","default","29.09.2025 22:16:41 UTC-05:00","no","photos/photo_517@29-09-2025_22-16-41.jpg","1","0","Психогомеопатия: Алхимия души.","abc3d929bc2a2bb79ccba5aec0c43369e9089732baf08e1095767770620f5c67","Начинаю работать с препаратом гомеопатии на основе тестостерона - Testosteronum. Ранее его не было в продаже. Только нашел. Довольно интересный эффект: добавляет четкости, решительности, смелости, ясности, ""взрослости"", опоры на себя. Это архетип ""внутреннего мужчины"", зрелой мужской силы. Препарат настраивает работу гипофиза. Пожалуй, большей половине мужск","subpersonality","book_03","yes","yes","medium","mention_only","Testosteronum","testosteronum","","","Telegram Desktop/ChatExport_2026-09-04/messages.html","#message839"
"message-289","service","","no","","0","0","Психогомеопатия: Алхимия души.","e3b0c44298fc1c149afbf4c8996fb92427ae41e4649b934ca495991b7852b855","","service_history","service","no","no","high","none","","","","","Telegram Desktop/ChatExport_2026-09-04/messages.html","#message-289"
"message840","default","30.09.2025 14:56:07 UTC-05:00","no","photos/photo_518@30-09-2025_14-56-07.jpg","1","0","Психогомеопатия: Алхимия души.","8577dec8183accd53720a2494ff2b1199d85b70e25c66705d9b5d3674ec154be","🧪 OOPHORINUM Гормональный гомеопатический препарат, который подходит женщинам. Он дает состояние особой внутренней полноты, гармонии, достатка. Все благополучно, все есть, все спокойно. Это близко к образу 3го аркана Таро. 🌙 Архетип Архетип женской Луны, ритма и тайного дыхания тела. Это препарат циклов, переходов и гормональных волн. Его тема — женская ид","remedy_card","book_02","yes","yes","high","full_card","Oophorinum","oophorinum","message840","","Telegram Desktop/ChatExport_2026-09-04/messages.html","#message840"
"message-290","service","","no","","0","0","Психогомеопатия: Алхимия души.","e3b0c44298fc1c149afbf4c8996fb92427ae41e4649b934ca495991b7852b855","","service_history","service","no","no","high","none","","","","","Telegram Desktop/ChatExport_2026-09-04/messages.html","#message-290"
"message841","default","01.10.2025 08:03:22 UTC-05:00","no","photos/photo_519@01-10-2025_08-03-22.jpg","1","0","Психогомеопатия: Алхимия души.","dcb03d7ac56b401589e91bed5362ce797f38a4a6cc2b9c5faaad1790dffac689","Тестостеронум - хороший препарат. Если подобрать нужную дозу, он значительно активирует организм. Вот, например, отзыв на следующий день после воздействия:","theory_method","book_01","yes","yes","medium","mention_only","Testosteronum","testosteronum","","","Telegram Desktop/ChatExport_2026-09-04/messages.html","#message841"
"message-291","service","","no","","0","0","Психогомеопатия: Алхимия души.","e3b0c44298fc1c149afbf4c8996fb92427ae41e4649b934ca495991b7852b855","","service_history","service","no","no","high","none","","","","","Telegram Desktop/ChatExport_2026-09-04/messages.html","#message-291"
"message842","default","02.10.2025 15:10:46 UTC-05:00","no","photos/photo_520@02-10-2025_15-10-46.jpg","1","0","Психогомеопатия: Алхимия души.","194f1df6f706e4c0c4f8d1878414391e78649e7573040dd53d30d955588b219a","♂️ Testosteronum (Тестостерон) 1. Краткое введение / архетип Архетип Мужчины-Воина, Солнца, зрелого Лидера. Это энергия стержня, ясности и решимости. Препарат помогает выйти из инфантильности, страха и сомнений, вернуть силу и внутреннюю опору. 2. Основа – Гормон тестостерон, ключевой мужской гормон. – Символика: солнечный огонь, ян-энергия, проявленность, с","remedy_card_support","book_02","yes","yes","high","supporting_post","Testosteronum","testosteronum","message838","","Telegram Desktop/ChatExport_2026-09-04/messages.html","#message842"
"message-292","service","","no","","0","0","Психогомеопатия: Алхимия души.","e3b0c44298fc1c149afbf4c8996fb92427ae41e4649b934ca495991b7852b855","","service_history","service","no","no","high","none","","","","","Telegram Desktop/ChatExport_2026-09-04/messages.html","#message-292"
"message843","default","03.10.2025 13:17:15 UTC-05:00","no","photos/photo_521@03-10-2025_13-17-15.jpg","1","0","Психогомеопатия: Алхимия души.","5c2e1ab2cbbc5848db2a469d1807d360cd66d4e70ce9f4289d6c3a8513506786","Вот еще один отзыв как проявляется воздействие препаратами на основе тестостерона . Впрочем, каждому нужен свой препарат. Кому-то стресс снять, кому душу излечить, кому бодрость поднять. Все возможно.","theory_method","book_01","yes","yes","medium","mention_only","Testosteronum","testosteronum","","","Telegram Desktop/ChatExport_2026-09-04/messages.html","#message843"
"message844","default","03.10.2025 13:20:32 UTC-05:00","no","","0","0","Психогомеопатия: Алхимия души.","3e4d4c3a66e36d1f7ce1c034e241336011f1eb7f255db53468dded1f4577159d","В последнее время я больше углубляюсь в работу с гормональной системой. Это промежуточное звено между нервной системой и работой органов и систем. В последнее время ко мне идет больше запросов не столько про достижение целей, как про излечение сложных болезней. Потому занимаюсь больше сейчас задачами ""ближе к телу"".","other","out_of_scope","no","no","low","none","","","","","Telegram Desktop/ChatExport_2026-09-04/messages.html","#message844"
"message845","default","03.10.2025 14:01:35 UTC-05:00","no","photos/photo_522@03-10-2025_14-01-35.jpg","1","0","Психогомеопатия: Алхимия души.","f4f2cc960d043a95acec2b7a02db27cacd3858041d8ab42f7b61f2f7b9d1b259","РЕГУЛИРОВКА НЕРВНОЙ СИСТЕМЫ. Регулировка гормонов обычно начинается со снятия избыточного нервного стресса. Для этой цели мы работаем через препараты - гомеопатии - натуропатии (БАДы) - настойки. Мне нравится воздействие настоек: эффект практически сразу. Воздействие идет в первую очередь на эмоциональную сферу. С разной глубиной работы: # 1. Настойка валерь","theory_method","book_01","yes","yes","medium","none","","","","","Telegram Desktop/ChatExport_2026-09-04/messages.html","#message845"
"message846","default","03.10.2025 23:48:54 UTC-05:00","no","","0","0","Психогомеопатия: Алхимия души.","63e8c0e1d24dca317b9597e1a7e5eeccf619c59e1e4e341ab9228f15bbddc426","Расскажу пример, как препараты корректируют симптомы. Возьму пример работы с диабетом. Шаг #1. Диагностика. Мы определяем с каким уровнем гормональной системы связан симптом. Во взятом мной примере диабет оказался связан с надпочечниками. Т.е. парадоксально, но на заболевание в данный момент более всего влияет - не работа поджелудочной, - не кишечник (питани","theory_method","book_01","yes","yes","medium","none","","","","","Telegram Desktop/ChatExport_2026-09-04/messages.html","#message846"
"message-293","service","","no","","0","0","Психогомеопатия: Алхимия души.","e3b0c44298fc1c149afbf4c8996fb92427ae41e4649b934ca495991b7852b855","","service_history","service","no","no","high","none","","","","","Telegram Desktop/ChatExport_2026-09-04/messages.html","#message-293"
"message847","default","04.10.2025 09:37:23 UTC-05:00","no","","0","0","Психогомеопатия: Алхимия души.","2a202250e9a5b4f98b7e31525bf6a1996374b8333bde48c3eb790be0e1bc2758","Еще пример. Работаю с тревожными состояниями. 1. Смысл симптома: - желание поддержки, но страх контакта из-за страха контроля. Т.е. это детская реакция тревоги на фигуру контролирующего родителя. 2. Анализ. Находим звенья нервно-гормональной системы, которые более всего напрягаются при этом симптоме. На данном примере это оказались: - миндалина мозга, - гипп","theory_method","book_01","yes","yes","medium","none","","","","","Telegram Desktop/ChatExport_2026-09-04/messages.html","#message847"
"message-294","service","","no","","0","0","Психогомеопатия: Алхимия души.","e3b0c44298fc1c149afbf4c8996fb92427ae41e4649b934ca495991b7852b855","","service_history","service","no","no","high","none","","","","","Telegram Desktop/ChatExport_2026-09-04/messages.html","#message-294"
"message848","default","05.10.2025 18:30:33 UTC-05:00","no","photos/photo_523@05-10-2025_18-30-33.jpg","1","0","Психогомеопатия: Алхимия души.","878527910cb945bca25013c22db5f1da16c750bba1ddbf6c5d48941c3102278c","Расскажу про препарат Баха Rock Water. Физически это вода ручья разведенная с бренди. ;) Но все не так просто. ИДЕЯ. Сама вода берется из горных ущелий, где она активно взаимодействует с камнями, перенимает свойства камней. ЦЕЛЬ. Считается, что данный препарат помогает от сверхнапряжения, когда человек ставит перед собой высокие цели и весь зажимается, стано","remedy_card","book_02","yes","yes","high","full_card","Rock Water","rock-water","message848","","Telegram Desktop/ChatExport_2026-09-04/messages.html","#message848"
"message850","default","05.10.2025 22:10:13 UTC-05:00","no","","0","0","Психогомеопатия: Алхимия души.","e123381378afa8d033e7fe7d4cc553e203261095221bf2d13a17f87092b1e94d","ЭФФЕКТ АЛКОГОЛЯ После предыдущей заметки я задался вопросом, а если взять просто бренди. Какой будет эффект?! Бренди у меня под рукой не оказалось, но было вино и чистый спирт. Стал проверять влияние на систему внутренних связей (симптом). - Спирт. Переворачивает связь. Т.е. если раньше вы отвергали что-то, то теперь наоборот, вы тянетесь, а отвергают вас. С","theory_method","book_01","yes","yes","medium","mention_only","Rock Water","rock-water; rock-water","","","Telegram Desktop/ChatExport_2026-09-04/messages.html","#message850"
"message851","default","05.10.2025 22:21:53 UTC-05:00","no","photos/photo_524@05-10-2025_22-21-53.jpg","1","0","Психогомеопатия: Алхимия души.","10b2f069dfaa56d8e3c3ca59e798e3d20de663cc5a1b0e76a38507c675c50c74","Как принимать эссенции Баха? * Классическая схема: По 4 капли, 4 раза в день под язык или в стакан воды. * Вариант 2 . Углубленный. 4-15 капель в стакан/ бутылку, пить по 2 глотка каждый час. * Вариант 3. В острых состояниях: - по 4 капли каждые 5–10 минут,пока не почувствуешь, что дыхание стало спокойным и тело расслабилось. Эффект не зависит от количества ","theory_method","book_01","yes","yes","medium","none","","","","","Telegram Desktop/ChatExport_2026-09-04/messages.html","#message851"
"message-295","service","","no","","0","0","Психогомеопатия: Алхимия души.","e3b0c44298fc1c149afbf4c8996fb92427ae41e4649b934ca495991b7852b855","","service_history","service","no","no","high","none","","","","","Telegram Desktop/ChatExport_2026-09-04/messages.html","#message-295"
"message852","default","06.10.2025 09:34:52 UTC-05:00","no","","0","0","Психогомеопатия: Алхимия души.","6b677196e77321924977c885f3cfe04fe80a5ed216894c63a2303a6910a6e576","ЧТО ТАКОЕ СИМПТОМ Через Системное моделирование Зелинского можно увидеть как работает система человека. Симптом - это форма проявления внутреннего смысла. Т.е. если внутри смысл ""прятаться от агрессии"", эта агрессия будет везде: в мире, в людях, в теле, симптомах. Наша коррекция симптома сводится к диагностике и коррекции базовой внутренней программы (смысла","deep_alchemical","book_04","yes","yes","medium","none","","","","","Telegram Desktop/ChatExport_2026-09-04/messages.html","#message852"
"message853","default","06.10.2025 09:55:38 UTC-05:00","no","","0","0","Психогомеопатия: Алхимия души.","587f518765659c7c21a65ce5db871af2dcc2ebc423f8465dd853db1818bfff6d","ПРИМЕР. ПРЕПАРАТЫ ОТ ТРЕВОЖНОСТИ Возьмем, например, тревожность как симптом. Причин (смыслов) тревожности может быть очень много. Возьмем пример смысл ""избегание контроля"". ЧИТАЕМ СВЯЗЬ: Т.е. вариации - тревожно, когда меня контролируют, - я пытаюсь все контролировать, чтобы избежать тревожности. ЧИТАЕМ СМЫСЛ СВЯЗИ: Т.е. чужой контроль страшит, потому я не м","deep_alchemical","book_04","yes","yes","medium","mention_only","Rock Water","rock-water; rock-water","","","Telegram Desktop/ChatExport_2026-09-04/messages.html","#message853"
"message-296","service","","no","","0","0","Психогомеопатия: Алхимия души.","e3b0c44298fc1c149afbf4c8996fb92427ae41e4649b934ca495991b7852b855","","service_history","service","no","no","high","none","","","","","Telegram Desktop/ChatExport_2026-09-04/messages.html","#message-296"
"message854","default","08.10.2025 14:04:19 UTC-05:00","no","","0","0","Психогомеопатия: Алхимия души.","243e5cada2ee75f4c0341ae2594253bb26e7b3cb73f39556d70d8cbbdfbac7c7","Ученые начинают понимать гомеопатию.","theory_method","book_01","yes","yes","medium","none","","","","","Telegram Desktop/ChatExport_2026-09-04/messages.html","#message854"
"message-297","service","","no","","0","0","Психогомеопатия: Алхимия души.","e3b0c44298fc1c149afbf4c8996fb92427ae41e4649b934ca495991b7852b855","","service_history","service","no","no","high","none","","","","","Telegram Desktop/ChatExport_2026-09-04/messages.html","#message-297"
"message855","default","09.10.2025 12:16:32 UTC-05:00","no","photos/photo_525@09-10-2025_12-16-32.jpg","1","0","Психогомеопатия: Алхимия души.","2bdab1f57be8cdfd961cdf820045a5ebd0387e3c0be4f3951caf976c45051c01","АЛХИМИЯ ДУШИ. Это коррекция психических основ - заболеваний тела, - сложностей в отношениях, - ступоров в деньгах и работе. Алхимия души - это комбинация 1. Анализа ситуации, системных расстановок 2. Коррекция через методы - гомеопатии, - натуропатии, - эссенций Баха На основе принципов даосской алхимии и 5 стихий Усин. Благодаря холистическому подходу сейча","deep_alchemical","book_04","yes","yes","medium","none","","","","","Telegram Desktop/ChatExport_2026-09-04/messages.html","#message855"
"message-298","service","","no","","0","0","Психогомеопатия: Алхимия души.","e3b0c44298fc1c149afbf4c8996fb92427ae41e4649b934ca495991b7852b855","","service_history","service","no","no","high","none","","","","","Telegram Desktop/ChatExport_2026-09-04/messages.html","#message-298"
"message856","default","10.10.2025 16:24:02 UTC-05:00","no","","0","0","Психогомеопатия: Алхимия души.","aa17bd0ae7f9cb619229ae6cd7fa517557e1cb9811fd347d51182c9e2fb03df7","Сейчас прохожу дополнительное обучение по гомеопатии. ВОПРОС: по каким показателям определить, что идет улучшение хронических заболеваний? Нам говорят ОТВЕТ: первый показатель - у человека идет увеличение энергии, человек начинает больше двигаться, ходить и т.п. __ ПС. Вопрос количества энергии достаточно субъективный, но можно измерить количество энергии че","deep_alchemical","book_04","yes","yes","medium","none","","","","","Telegram Desktop/ChatExport_2026-09-04/messages.html","#message856"
"message857","default","10.10.2025 16:56:04 UTC-05:00","no","photos/photo_526@10-10-2025_16-56-04.jpg","1","0","Психогомеопатия: Алхимия души.","0d0fabd83e97c38e349f1d7b1220d1e2ef15c038d5771fe54c981c98b172cf03","Любопытно то, что сушествуют препараты гомеопатии, которые содержат энергии планет: Марс, Венера, Луна и Солнце и т.д. - Как делается? - Телескоп наводится на планету, а фокус телескопа на воду. И потом эта информация потенцируется. _ PS. У меня есть препарат гомеопатии с энергией Солнца. Действительно, работает. Интересная вибрация. Препарат увеличивает лид","theory_method","book_01","yes","yes","medium","mention_only","Testosteronum","testosteronum","","","Telegram Desktop/ChatExport_2026-09-04/messages.html","#message857"
"message858","default","10.10.2025 17:08:26 UTC-05:00","no","","0","0","Психогомеопатия: Алхимия души.","242f0a1f57cc5b854aadc49ee2e7701bdaaa86bb965a4d81e794995a5b798b67","Есть мнение, что гомеопатия лечит простые болезни, а в сложных случаях надо идти к обычному врачу. Но, пожалуй, все-таки наоборот. По мнению моих учителей, да и по моим наблюденияи, гомеопатия - прорабатывает не столько симптомы, а корень ситуации. Т.е. работает глубже. Например, в Швейцарии гомеопатия входит в базовую страховую медицину. И там в гомеопатиче","theory_method","book_01","yes","yes","medium","none","","","","","Telegram Desktop/ChatExport_2026-09-04/messages.html","#message858"
"message-299","service","","no","","0","0","Психогомеопатия: Алхимия души.","e3b0c44298fc1c149afbf4c8996fb92427ae41e4649b934ca495991b7852b855","","service_history","service","no","no","high","none","","","","","Telegram Desktop/ChatExport_2026-09-04/messages.html","#message-299"
"message859","default","11.10.2025 11:01:02 UTC-05:00","yes","photos/photo_268@13-04-2025_09-26-29.jpg; photos/photo_268@13-04-2025_09-26-29_thumb (1).jpg","2","0","Психогомеопатия: Алхимия души.","7d6abbee74179b7b234cfad1b25dd4fea30c3bd3f1cc383420e00ce15eeb032d","Алхимия Осириса и Гомеопатия как Путь Возвращения Алхимический принцип четырёх этапов трансформации лежит в основе множества храмовых и мистериальных традиций. Гомеопатия, повторяет те же этапы, что и путь Осириса в египетской мистерии. Если брать Египетскую Модель Трансформации: 1. Осирис был повержен Сетом (силами хаоса, Нигредо) 2. Был отыскан по эталонны","deep_alchemical","book_04","yes","yes","medium","none","","","","","Telegram Desktop/ChatExport_2026-09-04/messages.html","#message859"
"message860","default","11.10.2025 18:07:10 UTC-05:00","no","photos/photo_528@11-10-2025_18-07-10.jpg","1","0","Психогомеопатия: Алхимия души.","222fd0fe00bfaadead5b8922b1403de77aa395d3e261f62f7ca84b64ed96bc27","Шелковица и диабет. (пример еще одного моего исследования) 1. Исходная гипотеза При изучении препарата Morus Alba я обратил внимание, что он используется для снижения сахара. Но он редкий, дорогостоящий и трудно доступный на западных площадках, например Amazon. Позже выяснилось, что Morus Alba — это листья шелковицы, а шелковица растёт у меня буквально за до","theory_method","book_01","yes","yes","medium","none","","","","","Telegram Desktop/ChatExport_2026-09-04/messages.html","#message860"
"message-300","service","","no","","0","0","Психогомеопатия: Алхимия души.","e3b0c44298fc1c149afbf4c8996fb92427ae41e4649b934ca495991b7852b855","","service_history","service","no","no","high","none","","","","","Telegram Desktop/ChatExport_2026-09-04/messages.html","#message-300"
"message861","default","26.10.2025 08:07:01 UTC-05:00","no","photos/photo_529@26-10-2025_08-07-01.jpg","1","0","Психогомеопатия: Алхимия души.","67e11b6cdb528cfc694a8efe864d08c9bb78baec0a91f89dc8c6afb6303ed05f","ДАОССКАЯ АЛХИМИЯ. Какие препараты наиболее эффекивны для увеличения внутреннего ресурса? Мой опыт работы с клиентами подтверждает общий принцип. 1. Натуропатия (травы, аромамасла) - вещь хорошая, но только для ослабленных людей. Т.е. лишь для тех, кто на 1й-5й ступени Уровня здоровья по системе Дао. Когда внутренний ресурс поднимается до 7 ступени (Ручей) ар","deep_alchemical","book_04","yes","yes","medium","none","","","","","Telegram Desktop/ChatExport_2026-09-04/messages.html","#message861"
"message862","default","26.10.2025 14:16:00 UTC-05:00","no","photos/photo_530@26-10-2025_14-16-00.jpg","1","0","Психогомеопатия: Алхимия души.","4898db050d75ffb1a5bf2449bd464c63990480ae6ef4a33fc17417991dc2b976","Анекдот 19 века. - Как сделать гомеопатический суп? - Поставить кастрюлю на огонь и заставить петуха вокруг нее бегать. ;-)","theory_method","book_01","yes","yes","medium","none","","","","","Telegram Desktop/ChatExport_2026-09-04/messages.html","#message862"
"message863","default","26.10.2025 14:23:50 UTC-05:00","no","photos/photo_531@26-10-2025_14-23-50.jpg","1","0","Психогомеопатия: Алхимия души.","e3b0c44298fc1c149afbf4c8996fb92427ae41e4649b934ca495991b7852b855","","empty_or_media","empty_or_media","no","no","medium","none","","","","","Telegram Desktop/ChatExport_2026-09-04/messages.html","#message863"
"message864","default","26.10.2025 19:26:19 UTC-05:00","no","","0","0","Психогомеопатия: Алхимия души.","023b832478c065d8f677ff5dffbabeb98902bb59e7929d963d653d0664715ada","Я сейчас обучаюсь на курсе Интуитивной Гомеопатии. Здесь мои границы возможного еще больше расширяются)) Например: ""Чтобы препарат сработал, его не обязательно даже пить. Можно о нем думать. Иногда, препарат может просто прийти во сне и даст эффект."" __ Я вспомнил, примерно на таком принципе, кстати говоря, работало античное целительство в Храмах Асклепия /А","theory_method","book_01","yes","yes","medium","none","","","","","Telegram Desktop/ChatExport_2026-09-04/messages.html","#message864"
"message-301","service","","no","","0","0","Психогомеопатия: Алхимия души.","e3b0c44298fc1c149afbf4c8996fb92427ae41e4649b934ca495991b7852b855","","service_history","service","no","no","high","none","","","","","Telegram Desktop/ChatExport_2026-09-04/messages.html","#message-301"
"message866","default","28.10.2025 11:34:18 UTC-05:00","no","photos/photo_532@28-10-2025_11-34-18.jpg","1","0","Психогомеопатия: Алхимия души.","9a4d844ac1ede87c3e97a5806d4fbab84b536304de95150afbe71674afc6e56e","Тестостерон. Не знаю так ли это, решил разобраться __ 1. Психологический эффект Психологически тестостерон связан с внутренним чувством достоинства, направленности и автономии. Когда уровень падает — чаще появляется апатия, тревожность, неуверенность, ощущение бессилия. Но важно: тестостерон не делает мужчину агрессивным. Он делает его решительным, сфокусиро","remedy_card_support","book_02","yes","yes","high","supporting_post","Testosteronum","testosteronum","message838","","Telegram Desktop/ChatExport_2026-09-04/messages.html","#message866"
"message-302","service","","no","","0","0","Психогомеопатия: Алхимия души.","e3b0c44298fc1c149afbf4c8996fb92427ae41e4649b934ca495991b7852b855","","service_history","service","no","no","high","none","","","","","Telegram Desktop/ChatExport_2026-09-04/messages.html","#message-302"
"message867","default","29.10.2025 23:04:05 UTC-05:00","no","photos/photo_533@29-10-2025_23-04-05.jpg","1","0","Психогомеопатия: Алхимия души.","8dd9768bb505962d0158ff6fc6d00b75b683ba537c00b4b3a54b110a5f32c8bb","Это любопытная гипотеза. Надо будет проверить. Я в последнее время занимаюсь гормональной гомеопатией: регулирую процессы гормональной системы в организме. Это довольно перспективно. Гормоны - руки нервной системы. Через регулировку гормонов получается четче закрепить информационное воздействие на уровне физического тела.","theory_method","book_01","yes","yes","medium","none","","","","","Telegram Desktop/ChatExport_2026-09-04/messages.html","#message867"
"message868","default","29.10.2025 23:04:05 UTC-05:00","no","photos/photo_534@29-10-2025_23-04-05.jpg","1","0","Психогомеопатия: Алхимия души.","e3b0c44298fc1c149afbf4c8996fb92427ae41e4649b934ca495991b7852b855","","empty_or_media","empty_or_media","no","no","medium","none","","","","","Telegram Desktop/ChatExport_2026-09-04/messages.html","#message868"
"message869","default","29.10.2025 23:04:05 UTC-05:00","no","photos/photo_535@29-10-2025_23-04-05.jpg","1","0","Психогомеопатия: Алхимия души.","e3b0c44298fc1c149afbf4c8996fb92427ae41e4649b934ca495991b7852b855","","empty_or_media","empty_or_media","no","no","medium","none","","","","","Telegram Desktop/ChatExport_2026-09-04/messages.html","#message869"
"message870","default","29.10.2025 23:04:05 UTC-05:00","no","photos/photo_536@29-10-2025_23-04-05.jpg","1","0","Психогомеопатия: Алхимия души.","e3b0c44298fc1c149afbf4c8996fb92427ae41e4649b934ca495991b7852b855","","empty_or_media","empty_or_media","no","no","medium","none","","","","","Telegram Desktop/ChatExport_2026-09-04/messages.html","#message870"
"message871","default","29.10.2025 23:04:05 UTC-05:00","no","photos/photo_537@29-10-2025_23-04-05.jpg","1","0","Психогомеопатия: Алхимия души.","e3b0c44298fc1c149afbf4c8996fb92427ae41e4649b934ca495991b7852b855","","empty_or_media","empty_or_media","no","no","medium","none","","","","","Telegram Desktop/ChatExport_2026-09-04/messages.html","#message871"
"message872","default","29.10.2025 23:04:05 UTC-05:00","no","photos/photo_538@29-10-2025_23-04-05.jpg","1","0","Психогомеопатия: Алхимия души.","e3b0c44298fc1c149afbf4c8996fb92427ae41e4649b934ca495991b7852b855","","empty_or_media","empty_or_media","no","no","medium","none","","","","","Telegram Desktop/ChatExport_2026-09-04/messages.html","#message872"
"message873","default","29.10.2025 23:04:05 UTC-05:00","no","photos/photo_539@29-10-2025_23-04-05.jpg","1","0","Психогомеопатия: Алхимия души.","e3b0c44298fc1c149afbf4c8996fb92427ae41e4649b934ca495991b7852b855","","empty_or_media","empty_or_media","no","no","medium","none","","","","","Telegram Desktop/ChatExport_2026-09-04/messages.html","#message873"
"message-303","service","","no","","0","0","Психогомеопатия: Алхимия души.","e3b0c44298fc1c149afbf4c8996fb92427ae41e4649b934ca495991b7852b855","","service_history","service","no","no","high","none","","","","","Telegram Desktop/ChatExport_2026-09-04/messages.html","#message-303"
"message874","default","30.10.2025 06:57:24 UTC-05:00","no","photos/photo_540@30-10-2025_06-57-24.jpg","1","0","Психогомеопатия: Алхимия души.","9b6c8f26726cf50602594320d518b992b98da6b4c5d96fdd58c83bff5da9ff31","РОЛЬ КОРТИЗОЛА Высокий кортизол - Это один из первых параметров, на который я обращаю внимание в гормональной терапии. Когда мы снижаем перегруз кортизола, человек становится мягче, спокойнее. И я бы сказал счастливее)","other","out_of_scope","no","no","low","none","","","","","Telegram Desktop/ChatExport_2026-09-04/messages.html","#message874"
"message875","default","30.10.2025 07:02:08 UTC-05:00","no","photos/photo_541@30-10-2025_07-02-08.jpg","1","0","Психогомеопатия: Алхимия души.","e3b0c44298fc1c149afbf4c8996fb92427ae41e4649b934ca495991b7852b855","","empty_or_media","empty_or_media","no","no","medium","none","","","","","Telegram Desktop/ChatExport_2026-09-04/messages.html","#message875"
"message-304","service","","no","","0","0","Психогомеопатия: Алхимия души.","e3b0c44298fc1c149afbf4c8996fb92427ae41e4649b934ca495991b7852b855","","service_history","service","no","no","high","none","","","","","Telegram Desktop/ChatExport_2026-09-04/messages.html","#message-304"
"message876","default","08.11.2025 15:48:20 UTC-05:00","no","photos/photo_542@08-11-2025_15-48-20.jpg","1","0","Психогомеопатия: Алхимия души.","7b1fbb3607f7526f43c200021f723cc214a7035b98bcf002794f4afeb4b013c3","Гомеопатия и психиатрия. Я продолжаю обучение, осваиваю психиатрию. Это любопытно. Те состояния, которые мы испытываем (горе, радость, страх, депрессия, интерес и т.п.) - по сути это проявление НЕЙРОМЕДИАТОРОВ. Это биология. Сигнал от нейрона к нейрону передается через эти медитаторы- специальные импульсы-молекулы. Это серотонин, дофамин, норадреналин, эндор","deep_alchemical","book_04","yes","yes","medium","none","","","","","Telegram Desktop/ChatExport_2026-09-04/messages.html","#message876"
"message-305","service","","no","","0","0","Психогомеопатия: Алхимия души.","e3b0c44298fc1c149afbf4c8996fb92427ae41e4649b934ca495991b7852b855","","service_history","service","no","no","high","none","","","","","Telegram Desktop/ChatExport_2026-09-04/messages.html","#message-305"
"message877","default","09.11.2025 09:48:56 UTC-05:00","yes","","0","0","Психогомеопатия: Алхимия души.","e095419180af4e19f831bb52f62d326c83aa37566fe3dc286409d8c6fc573e64","Привет. Сделал для вас методичку о принципах работы Системной гомеопатии. Это интересный метод, который обьединяет системные расстановки, алхимию и гомеопатию. Такой комплексный подход позволяет за неделю достигать значимых изменений в личности (внутренняя уверенность, спокойствие, сила) и в отношениях. Скачать методичку в Pdf можно по ссылке у нас в группе:","duplicate_repost","duplicate","no","no","high","none","","","","message124","Telegram Desktop/ChatExport_2026-09-04/messages.html","#message877"
"message-306","service","","no","","0","0","Психогомеопатия: Алхимия души.","e3b0c44298fc1c149afbf4c8996fb92427ae41e4649b934ca495991b7852b855","","service_history","service","no","no","high","none","","","","","Telegram Desktop/ChatExport_2026-09-04/messages.html","#message-306"
"message878","default","10.11.2025 08:44:39 UTC-05:00","no","photos/photo_543@10-11-2025_08-44-39.jpg","1","0","Психогомеопатия: Алхимия души.","f1cb4a07a33938db9124f51356e451f706dab84e789889f3b3e40a99ed747edc","Акция. Даосская Алхимия + Египетская храмовая поддержка. ДАОССКАЯ АЛХИМИЯ: - система 18 циклов поддержки внутреннего ресурса по стихиям Усин через препараты китайской медицины, натуропатии, гомеопатии. Это тонкая настройка, но очень значимая. По уровням резонанса в организм встраиваются нужные качества: сила, уверенность, смелость, мягкость, гармония и т.п. ","deep_alchemical","book_04","yes","yes","medium","none","","","","","Telegram Desktop/ChatExport_2026-09-04/messages.html","#message878"
"message-307","service","","no","","0","0","Психогомеопатия: Алхимия души.","e3b0c44298fc1c149afbf4c8996fb92427ae41e4649b934ca495991b7852b855","","service_history","service","no","no","high","none","","","","","Telegram Desktop/ChatExport_2026-09-04/messages.html","#message-307"
"message879","default","16.11.2025 12:14:03 UTC-05:00","no","photos/photo_544@16-11-2025_12-14-03.jpg","1","0","Психогомеопатия: Алхимия души.","4d0995ace601ec4564c99048e64b37f0aded156cffcd83830fe16d1c3a9affe0","ЭССЕНЦИИ БАХА. Сейчас в работе я начинаю активнее применять Эссенции Баха. Они - источник эмоционального вдохновения и поддержки. Эссенции Баха - тонкий тюнинг вашей нервной системы. Они мягко раскрывают сердце и дают опору, защиту, где это нужно. Эссенции Баха не работают громко, как молния, как гомеопатия высокой потенции. Они скорее как мягкое утреннее со","deep_alchemical","book_04","yes","yes","medium","none","","","","","Telegram Desktop/ChatExport_2026-09-04/messages.html","#message879"
"message880","default","16.11.2025 23:26:15 UTC-05:00","no","","0","0","Психогомеопатия: Алхимия души.","fd40b3d3dd6f95caaa151a42570d243afac16121898c222f9cbd7068c493a029","Я немного поменял подход в работе. Раньше я в основном работал препаратами в аспекте психо-гомеопатии, средними потенциями 30, 200. Но этот подход актуален для психически и физически здоровых людей, которым нужен импульс перемен. Сейчас я работаю гораздо более бережно, мягко - через гомеопатию низких потенций (6-9), натуропатию и эссенции Баха. - Почему? - Д","deep_alchemical","book_04","yes","yes","medium","none","","","","","Telegram Desktop/ChatExport_2026-09-04/messages.html","#message880"
"message-308","service","","no","","0","0","Психогомеопатия: Алхимия души.","e3b0c44298fc1c149afbf4c8996fb92427ae41e4649b934ca495991b7852b855","","service_history","service","no","no","high","none","","","","","Telegram Desktop/ChatExport_2026-09-04/messages.html","#message-308"
"message881","default","17.11.2025 16:26:47 UTC-05:00","no","photos/photo_545@17-11-2025_16-26-47.jpg","1","0","Психогомеопатия: Алхимия души.","9991a34db1f11007d58076e6ac2a76964b133e05a42fa2d8f9b8374c1c8e1c83","Препарат BACH VINE. Имеет довольно яркий эффект. Подходит для сильных, волевых людей, которые все контролируют, но при этом их жизненная сила, энергия начинает сжиматься и таять. Опыт показывает, препарат дает вздох облегчения. Цепкость хватки остается, но без пережима. А энергия внутри начинает восстанавливаться. СУТЬ ПРЕПАРАТА VINE - это не вино, как может","remedy_card","book_02","yes","yes","high","full_card","Bach Vine","bach-vine","message881","","Telegram Desktop/ChatExport_2026-09-04/messages.html","#message881"
"message-309","service","","no","","0","0","Психогомеопатия: Алхимия души.","e3b0c44298fc1c149afbf4c8996fb92427ae41e4649b934ca495991b7852b855","","service_history","service","no","no","high","none","","","","","Telegram Desktop/ChatExport_2026-09-04/messages.html","#message-309"
"message882","default","18.11.2025 00:13:52 UTC-05:00","no","","0","0","Психогомеопатия: Алхимия души.","f527945c7f5f0319f5cde01463daa1b8c1bbd8a16c32571810beeb6d6ea11b3e","Про БАДы. Уже говорил, но повторюсь. БАДы - вещь хорошая, но для ослабленного организма. Я прописываю БАДы, но только в начале терапии (1-5 ступень), когда надо встроить нужные качества на уровне тела. К 6й ступени («Капитан») эффективность БАДов снижается в разы. Внутренний ресурс человека растет и добавки для тела уже почти бесполезны. Акцент переходит с р","deep_alchemical","book_04","yes","yes","medium","none","","","","","Telegram Desktop/ChatExport_2026-09-04/messages.html","#message882"
"message-310","service","","no","","0","0","Психогомеопатия: Алхимия души.","e3b0c44298fc1c149afbf4c8996fb92427ae41e4649b934ca495991b7852b855","","service_history","service","no","no","high","none","","","","","Telegram Desktop/ChatExport_2026-09-04/messages.html","#message-310"
"message883","default","20.11.2025 08:20:39 UTC-05:00","no","photos/photo_546@20-11-2025_08-20-39.jpg","1","0","Психогомеопатия: Алхимия души.","64c40d2a05e5c953bcc8e79438c98c8a49dd683e825a9d942062d525f5c032b5","НЕЙРОГОМЕОПАТИЯ. Психодинамика стресса и точечная коррекция управляющих систем организма. Нейрогормональная система похожа на микросхему, на которой работает процессор - сознание, эмоции человека. Эта система может ""буксовать"" из-за избыточного напряжения в какой-то зоне - что приводит к стрессам, бессилию, психосоматике и нарушению здоровья. Сейчас я работа","theory_method","book_01","yes","yes","medium","none","","","","","Telegram Desktop/ChatExport_2026-09-04/messages.html","#message883"
"message884","default","20.11.2025 08:53:07 UTC-05:00","no","","0","0","Психогомеопатия: Алхимия души.","d1048055cd5d09ba799e766bcf5589dc4f586d05a5241e85d777893edcb54f31","Ранее я вам рассказывал уже про основную нейрогормональную ось: 1. Тимус (считывание угрозы) 2. Гиппокамп (оценка угрозы на основании опыта) 3. Миндалина мозга (сирена) 4. Гиппоталамус (запуск гормональных и нервных реакций) 5. Гипофиз (запуск нужных гормонов) 6. Надпочеченики (выработка гормонов стресса: адреналин, кортизол). 7. И далее гормоны и нервная си","theory_method","book_01","yes","yes","medium","none","","","","","Telegram Desktop/ChatExport_2026-09-04/messages.html","#message884"
"message885","default","20.11.2025 12:57:38 UTC-05:00","no","photos/photo_547@20-11-2025_12-57-38.jpg","1","0","Психогомеопатия: Алхимия души.","d49588495bfc469bb1da6c9fb290cf63c71decf9adcef30870d93c1457fff3fa","Расширенная модель психодинамики стресса. / В ряде случаев источник стресса прячется не во внешней угрозе, а в структуре личности / Можно выделить 4 этапа обработки входящих сигналов структурами человека: Шаг 1. ВОСПРИЯТИЕ - таламус (промежуточный мозг): получает информацию от органов чувств, фильтрует информацию Шаг 2. ОЦЕНКА УГРОЗЫ Лимбическая система (Зде","other","out_of_scope","no","no","low","none","","","","","Telegram Desktop/ChatExport_2026-09-04/messages.html","#message885"
"message-311","service","","no","","0","0","Психогомеопатия: Алхимия души.","e3b0c44298fc1c149afbf4c8996fb92427ae41e4649b934ca495991b7852b855","","service_history","service","no","no","high","none","","","","","Telegram Desktop/ChatExport_2026-09-04/messages.html","#message-311"
"message886","default","21.11.2025 08:09:32 UTC-05:00","no","photos/photo_548@21-11-2025_08-09-32.jpg","1","0","Психогомеопатия: Алхимия души.","75264b9bc1760429decaa696fa152ad8e02b3978e9b5c2da087f8cbe503ea26a","МОЗГ И ПОДСОЗНАНИЕ. Физиология психотерапии. 5ти уровневая модель работы с проблемой. Если понять, на каком уровне застряла проблема, — то можно найти верное решение. Опишу для вас общую схему: #1. СОЗНАНИЕ Зона больших полушарий мозга. Здесь процессы мышления, когнитивные реакции. Это корректируется методами коучинга и когнитивной терапии. // Но источник си","subpersonality","book_03","yes","yes","medium","none","","","","","Telegram Desktop/ChatExport_2026-09-04/messages.html","#message886"
"message888","default","21.11.2025 10:03:08 UTC-05:00","no","photos/photo_549@21-11-2025_10-03-08.jpg","1","0","Психогомеопатия: Алхимия души.","04a87c37b6194fd23d7efe6db5fc0e61f48b643c3fdc76a9e5ca2a659dd1724f","Что пишут клиенты.","other","out_of_scope","no","no","low","none","","","","","Telegram Desktop/ChatExport_2026-09-04/messages.html","#message888"
"message889","default","21.11.2025 10:03:23 UTC-05:00","no","photos/photo_550@21-11-2025_10-03-23.jpg","1","0","Психогомеопатия: Алхимия души.","b02deaea6f851c8e2bab6a93fd4efb292e6e5b2f4743ac2fa7e728a3bfd990ef","Исследования нейрогомеопатии и пятиуровневая модель воздействия. Поделюсь с вами новыми наблюдениями и результатами работы по пятиуровневой модели мозга и подсознания, которую я сейчас развиваю. Эта модель позволяет точно понимать, на каком уровне закреплена проблема и какие методы способны туда достичь. Каждый инструмент — натуропатия, ароматерапия, гомеопа","subpersonality","book_03","yes","yes","medium","none","","","","","Telegram Desktop/ChatExport_2026-09-04/messages.html","#message889"
"message890","default","21.11.2025 10:03:52 UTC-05:00","no","photos/photo_551@21-11-2025_10-03-52.jpg","1","0","Психогомеопатия: Алхимия души.","c7236020b62e5ebe1bdb2a5e573119cf3190f218a3204600a0091e55b32be017","Что пишут клиенты:","other","out_of_scope","no","no","low","none","","","","","Telegram Desktop/ChatExport_2026-09-04/messages.html","#message890"
"message-312","service","","no","","0","0","Психогомеопатия: Алхимия души.","e3b0c44298fc1c149afbf4c8996fb92427ae41e4649b934ca495991b7852b855","","service_history","service","no","no","high","none","","","","","Telegram Desktop/ChatExport_2026-09-04/messages.html","#message-312"
"message891","default","22.11.2025 07:47:06 UTC-05:00","no","photos/photo_552@22-11-2025_07-47-06.jpg","1","0","Психогомеопатия: Алхимия души.","22dd612d1029743f9a0ead2fa02c93bb127e6f38d794046e7ff08675f875b144","Фундамент Фундамента Глубинная перестройка. У человека бывают реакции, которые сложно контролировать: дрожь, сжатие тела, оцепенение, тревога. Когда напряжение чуть больше, оно может приводить к симптомам в теле или душе, к усталости, тревоге, смущению и т.п. Это автоматические реакции тела, от которых хотелось бы избавиться, но они ""прошиты"" у человека как ","theory_method","book_01","yes","yes","medium","none","","","","","Telegram Desktop/ChatExport_2026-09-04/messages.html","#message891"
"message-313","service","","no","","0","0","Психогомеопатия: Алхимия души.","e3b0c44298fc1c149afbf4c8996fb92427ae41e4649b934ca495991b7852b855","","service_history","service","no","no","high","none","","","","","Telegram Desktop/ChatExport_2026-09-04/messages.html","#message-313"
"message892","default","23.11.2025 08:09:55 UTC-05:00","no","photos/photo_553@23-11-2025_08-09-55.jpg","1","0","Психогомеопатия: Алхимия души.","6fc7dc857eee037f83a1e11704c85b696e7f6f538d51837808595db1d8c6af3e","ЭВОЛЮЦИЯ МОЕЙ РАБОТЫ В ГОМЕОПАТИИ. Приятно сообщить, что уровень работы растет. Расскажу какие стадии я проходил в практике. #1. Начинал я работать с психо-гомеопатии, т.е. коррекция внутреннего состояния препаратами гомеопатии. Работает хорошо, быстро снимает ступоры, добавляет силы и активности. // но мне в тот момент казалось, что гомеопатия дает импульс,","deep_alchemical","book_04","yes","yes","medium","none","","","","","Telegram Desktop/ChatExport_2026-09-04/messages.html","#message892"
"message-314","service","","no","","0","0","Психогомеопатия: Алхимия души.","e3b0c44298fc1c149afbf4c8996fb92427ae41e4649b934ca495991b7852b855","","service_history","service","no","no","high","none","","","","","Telegram Desktop/ChatExport_2026-09-04/messages.html","#message-314"
"message893","default","24.11.2025 08:17:16 UTC-05:00","no","","0","0","Психогомеопатия: Алхимия души.","4e1c70c9e669c7ad2093e79c4e1a01869f721894d6cc1d8889616cc2cb8f5d56","Нейрогомеопатия довольно интересна. Моя работа чем-то похожа на MRT для мозга, для нервной системы. В медицине обычно это очень сложная и дорогая процедура. Но реально у меня получается на уровне резонанса получить подобные показатели, скан вашей нервной системы как и на MRT. - КАК? - Это непростая задача. Я делаю довольно много первичных диагностик - ""срезо","theory_method","book_01","yes","yes","medium","none","","","","","Telegram Desktop/ChatExport_2026-09-04/messages.html","#message893"
"message-315","service","","no","","0","0","Психогомеопатия: Алхимия души.","e3b0c44298fc1c149afbf4c8996fb92427ae41e4649b934ca495991b7852b855","","service_history","service","no","no","high","none","","","","","Telegram Desktop/ChatExport_2026-09-04/messages.html","#message-315"
"message894","default","25.11.2025 08:28:00 UTC-05:00","no","","0","0","Психогомеопатия: Алхимия души.","979aedaa751880be486975caa1d2afc0a797dd3455f769c01dd97c5c98adf195","ПРИМЕР. Приведу пример, как работают нейрогормональные схемы человека. Их довольно много, разберу одну из глубоких: Симптом: падение энергии при стрессе (например, стыд при социальном контакте). Один из факторов, который отвечает за тонус, активность - норадреналин. Норадреналин вырабатывается в LC ""голубом пятне"" зоны моста в стволе мозга. И тут есть фишка:","other","out_of_scope","no","no","low","none","","","","","Telegram Desktop/ChatExport_2026-09-04/messages.html","#message894"
"message-316","service","","no","","0","0","Психогомеопатия: Алхимия души.","e3b0c44298fc1c149afbf4c8996fb92427ae41e4649b934ca495991b7852b855","","service_history","service","no","no","high","none","","","","","Telegram Desktop/ChatExport_2026-09-04/messages.html","#message-316"
"message895","default","28.11.2025 07:44:31 UTC-05:00","no","photos/photo_554@28-11-2025_07-44-31.jpg","1","0","Психогомеопатия: Алхимия души.","cfb57ec1dd6ad1e647c5b0845d7a05006d9a0735f86fe282cbd437c5d21f152b","Счастье с точки зрения нейрофизиологии. Это глубокое расслабление базовых структур мозга. Мы счастливы, когда нас любят, когда мы в безопасности, когда вкусно поели, сбросили груз и тп - это все про расслабление. Рост личности иногда связывают с уменьшением внутренних зажимов. Счастье наступает, когда снижается хронический тонус амигдалы, расслабляется серое","theory_method","book_01","yes","yes","medium","none","","","","","Telegram Desktop/ChatExport_2026-09-04/messages.html","#message895"
"message-317","service","","no","","0","0","Психогомеопатия: Алхимия души.","e3b0c44298fc1c149afbf4c8996fb92427ae41e4649b934ca495991b7852b855","","service_history","service","no","no","high","none","","","","","Telegram Desktop/ChatExport_2026-09-04/messages.html","#message-317"
"message896","default","29.11.2025 09:37:27 UTC-05:00","no","","0","0","Психогомеопатия: Алхимия души.","bd8cf3343fc0776a3e18b9c057f7a8d38033a319495c2ffa7e66bcdf4b5397e0","Небольшие наблюдения с полей. Сейчас я занимаюсь регулировкой паттернов в среднем мозге через аромамасла. Казалось бы, могут ли реально аромамасла влиять на процессы в мозге? Оказалось, могут, и очень сильно. Но все зависит от глубины детализации и фокусировки. Например, при работе с продолговатым мозгом 1) сначала мы тестируем уровень напряжения структур мо","other","out_of_scope","no","no","low","none","","","","","Telegram Desktop/ChatExport_2026-09-04/messages.html","#message896"
"message897","default","29.11.2025 17:10:15 UTC-05:00","no","photos/photo_555@29-11-2025_17-10-15.jpg","1","0","Психогомеопатия: Алхимия души.","8a1324ade2d35a3edf485492a68d76ac119fe9e53b49d102bf8f425cd569499f","РОЛЬ АРОМАМАСЕЛ. Это мощный инструмент, но надо понимать его место. - Гомеопатия лучше других методов воздействует на высшую нервную деятельность, установки, страхи, убеждения (""крыша"") - Эссенции Баха - регулируют эмоциональные состояния - лимбический мозг (""стены"") - Аромамасла - влияют на ствол мозга, автоматические, рептильные защитные рефлексы тела ""зам","theory_method","book_01","yes","yes","medium","none","","","","","Telegram Desktop/ChatExport_2026-09-04/messages.html","#message897"
"message898","default","29.11.2025 17:36:13 UTC-05:00","no","photos/photo_556@29-11-2025_17-36-13.jpg","1","0","Психогомеопатия: Алхимия души.","57c94b27d29c05836a2b36925b0a8ffc7676711c1fdde088f41b80ad6c86d619","КАК ПРИМЕНЯТЬ АРОМАМАСЛА? #1. Нюхать. Обоняние - это прямой доступ к мозгу без фильтра. Как? - раз в 3-4 часа, для создания (настроя) - при стрессе можно вдыхать аромат чаще. #2. Наносить на тело. * Куда? В первую очередь мы наносим масла на зоны вагуса и блуждающего нерва лица для прямого доступа в ствол мозга. Это следующие точки: #1. За ушами (jugular for","other","out_of_scope","no","no","low","none","","","","","Telegram Desktop/ChatExport_2026-09-04/messages.html","#message898"
"message-318","service","","no","","0","0","Психогомеопатия: Алхимия души.","e3b0c44298fc1c149afbf4c8996fb92427ae41e4649b934ca495991b7852b855","","service_history","service","no","no","high","none","","","","","Telegram Desktop/ChatExport_2026-09-04/messages.html","#message-318"
"message899","default","30.11.2025 20:39:00 UTC-05:00","no","","0","0","Психогомеопатия: Алхимия души.","034d8608f256ce61eed96ca756ee3e90e2f89b786f113af8304c04fb85a1fcd7","Ребята, аромамасла - это мощная вещь. Это «психотерапия для нейронов». Каждое масло несет определенную частоту. Это как, например, нота, струна. Если взять близкие масла, это все равно будет уже другое звучание, другая частота. Так вот, когда мы работаем с частотами мозга, каждому центру человека соответствует своя частота масла, более того, каждой нити разн","other","out_of_scope","no","no","low","none","","","","","Telegram Desktop/ChatExport_2026-09-04/messages.html","#message899"
"message-319","service","","no","","0","0","Психогомеопатия: Алхимия души.","e3b0c44298fc1c149afbf4c8996fb92427ae41e4649b934ca495991b7852b855","","service_history","service","no","no","high","none","","","","","Telegram Desktop/ChatExport_2026-09-04/messages.html","#message-319"
"message900","default","02.12.2025 21:31:54 UTC-05:00","no","","0","0","Психогомеопатия: Алхимия души.","832adb0dd86fbaa0e64e192c48338893e8caf104d169290e81c596a5d6b33e36","Небольшой пример. Работаю со структурами ствола мозга. Тут зоны, которые отвечают за концетрацию, ясность, собранность, активность, а так же тревожность, бессилие, тяжесть и тд Тут, так сказать, находится пульт управления сознанием человека и его телом. Это как микросхема, материнская плата. Так вот, принцип работы: - нахожу слабое звено, - начинаю разбирать","deep_alchemical","book_04","yes","yes","medium","none","","","","","Telegram Desktop/ChatExport_2026-09-04/messages.html","#message900"
"message-320","service","","no","","0","0","Психогомеопатия: Алхимия души.","e3b0c44298fc1c149afbf4c8996fb92427ae41e4649b934ca495991b7852b855","","service_history","service","no","no","high","none","","","","","Telegram Desktop/ChatExport_2026-09-04/messages.html","#message-320"
"message901","default","04.12.2025 13:08:57 UTC-05:00","no","photos/photo_557@04-12-2025_13-08-57.jpg","1","0","Психогомеопатия: Алхимия души.","14b75f050c36ed04f7c6c0ceef37091e436299d4b1d1ed135ca3e97b52fcd444","Ребята, чем больше я разбираюсь в вопросе, тем более сложнее становится схема работы. Расскажу на примере. 1. Раньше я думал: нашел проблему - подобрал/ выпил настойку-гомеопатию под проблему - проблема прошла. 2. Потом, когда я раскрыл систему человека через 5 стихий Усин понял, что для одной стихии человека подобранный препарат полезен, для другой нейтрале","deep_alchemical","book_04","yes","yes","medium","none","","","","","Telegram Desktop/ChatExport_2026-09-04/messages.html","#message901"
"message-321","service","","no","","0","0","Психогомеопатия: Алхимия души.","e3b0c44298fc1c149afbf4c8996fb92427ae41e4649b934ca495991b7852b855","","service_history","service","no","no","high","none","","","","","Telegram Desktop/ChatExport_2026-09-04/messages.html","#message-321"
"message902","default","07.12.2025 08:17:58 UTC-05:00","no","","0","0","Психогомеопатия: Алхимия души.","ef8de31a6ea0df401f87864a15c0ee05da22366ef4332e5747243ae0d1184416","Нейрофизиология просветления. Сейчас я изучаю работу сознания через модель мозга человека. Задача подобна следующей: починить микросхему, чтобы телевизор показывал четкую картинку. Микросхема сложная. Сознание человека - это не большие полушария мозга, как многие думают. Я объясню вам по частям. #1. Большие полушария - отвечают за когнитивные навыки: сбор, а","theory_method","book_01","yes","yes","medium","none","","","","","Telegram Desktop/ChatExport_2026-09-04/messages.html","#message902"
"message-322","service","","no","","0","0","Психогомеопатия: Алхимия души.","e3b0c44298fc1c149afbf4c8996fb92427ae41e4649b934ca495991b7852b855","","service_history","service","no","no","high","none","","","","","Telegram Desktop/ChatExport_2026-09-04/messages.html","#message-322"
"message903","default","09.12.2025 15:37:52 UTC-05:00","no","","0","0","Психогомеопатия: Алхимия души.","1479327bf974e9be281e7b3dc9ce0df29a0cda259540bac6a67cb01675dcf4b9","Пара слов про то, как сейчас идут исследования и разработки. Сейчас я фокусируюсь на вопросе нейрогормональной коррекции функций головного мозга. Это непростая задача. Но увлекательная:) Зачем: - источник проблем здоровья, психических симптомов, а так же - качество мышления, продуктивность, - да и просто чувство удовольствия и радости жизни определяется имен","other","out_of_scope","no","no","low","none","","","","","Telegram Desktop/ChatExport_2026-09-04/messages.html","#message903"
"message-323","service","","no","","0","0","Психогомеопатия: Алхимия души.","e3b0c44298fc1c149afbf4c8996fb92427ae41e4649b934ca495991b7852b855","","service_history","service","no","no","high","none","","","","","Telegram Desktop/ChatExport_2026-09-04/messages.html","#message-323"
"message904","default","11.12.2025 12:43:45 UTC-05:00","no","photos/photo_558@11-12-2025_12-43-45.jpg","1","0","Психогомеопатия: Алхимия души.","e2404eadcb20194a4fe14778410ad9b7080da6296e33646bd7c28d3f3991f22f","Расскажу про масла. Меня удивляет из эффективность. Масла мгновенно меняют нейрофизиологическое состояние. Но все зависит от того, какие и куда масла наносить. Поясню общие принципы. #1. Помните, точку между бровями у индийских девушек? По факту это не прихоть, а здесь есть важный нейрофизиологический центр. В зону выше переносицы выходят нити верхнего тройн","other","out_of_scope","no","no","low","none","","","","","Telegram Desktop/ChatExport_2026-09-04/messages.html","#message904"
"message905","default","11.12.2025 13:11:01 UTC-05:00","no","","0","0","Психогомеопатия: Алхимия души.","50a76d39ca4a839949eb4252778a8ec65a37f83a2ea571ae93e0f77604814d9d","Кстати, сейчас я делаю новый метод анализа. Для клиентов: вы можете выслать мне несколько своих фото лица: - когда вы в стрессе, симптоме, падении энергии - и когда вы себя хорошо чувствуете. По изменению некоторых мышц и зон лица можно провести дополнительный анализ тех центров мозга, которые у вас перегружаются. И значит подобрать оптимальные препараты для","theory_method","book_01","yes","yes","medium","none","","","","","Telegram Desktop/ChatExport_2026-09-04/messages.html","#message905"
"message906","default","11.12.2025 15:26:04 UTC-05:00","no","","0","0","Психогомеопатия: Алхимия души.","0fa556682da752f5fae9c1ca77213d234463cd1b37972ce110d1c311d5cfefe2","МОДЕЛЬ 1. схема нанесения масел для мягкой верхней коррекции. #1. Наносим масло на зону подзатылком. Ждем 1-2 мин. Этот центр начинает отпускать внутреннее напряжение на уровне тела (ядра вагуса DMNV, NTS). #2. Наносим масло под носом на верхнюю губу. Это активирует центр мозга DRN, активирует ясность и стабильность сознания. Ждем 1-2 мин. #3. Наносим масло ","other","out_of_scope","no","no","low","none","","","","","Telegram Desktop/ChatExport_2026-09-04/messages.html","#message906"
"message907","default","11.12.2025 18:17:05 UTC-05:00","no","","0","0","Психогомеопатия: Алхимия души.","066bc3d44c87536fcc785b3aec9e227f03e90bcb271dc8f3d3c971ccaf6d50f9","МОДЕЛЬ 2. Нейровегетативная модель терапии аромамаслами для проблем фундаментальной опоры. Подходит для тех людей, у которых источник нагрузке в дисбалансе вагуса (DMNV/ NTS). Шаг #1. Нижняя стабилизация. Укрепление опоры. Ядра мозга: NTS, DMNV (ядра вагуса). Врата: солнечное сплетение, центр груди. Масла: плотные, например Мирра. Шаг #2. Внутреннее спокойст","other","out_of_scope","no","no","low","none","","","","","Telegram Desktop/ChatExport_2026-09-04/messages.html","#message907"
"message-324","service","","no","","0","0","Психогомеопатия: Алхимия души.","e3b0c44298fc1c149afbf4c8996fb92427ae41e4649b934ca495991b7852b855","","service_history","service","no","no","high","none","","","","","Telegram Desktop/ChatExport_2026-09-04/messages.html","#message-324"
"message908","default","12.12.2025 08:26:58 UTC-05:00","no","photos/photo_548@21-11-2025_08-09-32.jpg; photos/photo_548@21-11-2025_08-09-32_thumb (1).jpg","2","0","Психогомеопатия: Алхимия души.","399b4aaa8df944f86690356ed513d31cff04774bdfd016acfebd966d6146c452","НЕЙРОФИЗИОЛОГИЯ И чувство внутренней защиты. ""Чувство защищенности"" - это та базовая опора, которую необходимо наработать в детстве. И если не вышло, далее укрепляется в психотерапии и в травматерапии. Но бывают случаи, когда ""состоянии защищенности"" сложно вернуть даже в терапии. Это имеет название структурные нарушения личности. В таких случах эффективна н","theory_method","book_01","yes","yes","medium","none","","","","","Telegram Desktop/ChatExport_2026-09-04/messages.html","#message908"
"message909","default","12.12.2025 14:21:34 UTC-05:00","no","","0","0","Психогомеопатия: Алхимия души.","d20e36cdcb556a2f169ad0c23479affbd549e5eb149b4cc6efe1aef824419b37","DMNV Дорсальный вагус. Расскажу про этот центр безопасности, так как он бесподобен. Его можно назвать Центр Жизни. Именно он отвечает за то, разрешаете ли вы себе Жить или запрещаете. Он определяет функции дыхания, метаболизма. Именно здесь формируется импульс сжаться или расслабиться. Когда у вас непонятная телесная тревога, стенокардия, тяжесть дыхания, хо","theory_method","book_01","yes","yes","medium","none","","","","","Telegram Desktop/ChatExport_2026-09-04/messages.html","#message909"
"message910","default","12.12.2025 14:21:54 UTC-05:00","no","","0","0","Психогомеопатия: Алхимия души.","4d334215db3b7076bff06c9e167511b5a69fa38a4904fc2332ef7c2f8235173a","УРОВНИ DMNV И методы стабилизации. Особенность в том, что DMNV не любит, когда его трогают. Он, как ворчливая старушка, вообще не любит каких-то напряжений. Для него главное - покой, безопасность и чтобы ему не мешали. Тогда он начинает восстанивливаться. А когда внутри есть подсознательная тревожность, DMNV все время на взводе, постепенно истощается. И тогд","other","out_of_scope","no","no","low","none","","","","","Telegram Desktop/ChatExport_2026-09-04/messages.html","#message910"
"message911","default","12.12.2025 14:22:14 UTC-05:00","no","photos/photo_560@12-12-2025_14-22-14.jpg","1","0","Психогомеопатия: Алхимия души.","9f5d4ca2fa4aa9d4a785e1b994f2c90d1c055ea2d1ba1e3b3368dd0b7c20d5d9","ВЫСОТА ВЗЛЕТА И ПАДЕНИЯ. 7 Уровней коллапса DMNV #1. SHUT DOWN Активный коллапс. Это когда ваш ""самолет уже приземлился- врезался"". Резко выключились жизненные функции. Сил нет. Режим экономии. Тяжесть, депрессия, пустота. #2. Хронический коллапс. Мертвая петля. DMNV в коллапсе. Самолет еще летит, но все ближе коллапсу. Все функции, двигатели отключены. Оста","other","out_of_scope","no","no","low","none","","","","","Telegram Desktop/ChatExport_2026-09-04/messages.html","#message911"
"message912","default","12.12.2025 16:38:23 UTC-05:00","no","","0","0","Психогомеопатия: Алхимия души.","3f7c4e0f38c5ef70cccc954e8299f5021455f1e81fca7511a1fa1a1fca52162e","ЧЕК-ЛИСТ Маркеры, по которым можно определить провал Личной Опоры (DMNV). #1. ВЗГЛЯД * Идеал: взгляд присутствующий, есть контакт с миром, легкий интерес, без напряжения. * Провал: взгляд как будто изнутри, без тяги к взаимодействию, глаза тускнеют, желание отвести взгляд. #2. НИЗ ЛИЦА * Идеал: подбородок в тонусе, нижняя губа живая. * Провал: ""подбородок ст","other","out_of_scope","no","no","low","none","","","","","Telegram Desktop/ChatExport_2026-09-04/messages.html","#message912"
"message913","default","12.12.2025 18:55:12 UTC-05:00","no","","0","0","Психогомеопатия: Алхимия души.","d18e7dd0000dfb7fc109bb20d96a2862d6c59188b25c66bd02bc06fe80e04b4a","ПРОГРАММА КОРРЕКЦИИ КАК РЕГУЛИРОВАТЬ Внутреннюю опору (DMNV) Это самый важный вопрос. Тут есть нюанс. На DMNV сложно оказать прямое воздействие. DMNV - сверхзащищенная спрятанная система, чтобы как раз сохранить ее устойчивость. И чаще регулируют состояние человека через ряд Врат - входов в структуры мозга. ПЛАН-ПОРЯДОК ВОССТАНОВЛЕНИЯ. #1. Врата Жизни Глубин","theory_method","book_01","yes","yes","medium","none","","","","","Telegram Desktop/ChatExport_2026-09-04/messages.html","#message913"
"message-325","service","","no","","0","0","Психогомеопатия: Алхимия души.","e3b0c44298fc1c149afbf4c8996fb92427ae41e4649b934ca495991b7852b855","","service_history","service","no","no","high","none","","","","","Telegram Desktop/ChatExport_2026-09-04/messages.html","#message-325"
"message914","default","13.12.2025 11:28:18 UTC-05:00","no","","0","0","Психогомеопатия: Алхимия души.","cd3c06dc6e893e94f1dc7a8d18ec5f117b44d965c759ea25593dad75d462a75b","АЛГОРИТМ ВОССТАНОВЛЕНИЯ НЕЙРОВЕГАТАТИВНОЙ СТРУКТУРЫ МОЗГА Особенность в том, что система восстанавливается по этапам. Нельзя воздействовать на более сложные зоны (кора мозга), пока не стабильны базовые уровни мозга (ядра вагуса). Что интересно: - Модель этапов восстановления дорсального вагуса (DMNV) ""Самолет"" - Хорошо соотносится с Моделью 8 шагов Нейровеге","other","out_of_scope","no","no","low","none","","","","","Telegram Desktop/ChatExport_2026-09-04/messages.html","#message914"
"message915","service","","no","","0","0","Психогомеопатия: Алхимия души.","e3b0c44298fc1c149afbf4c8996fb92427ae41e4649b934ca495991b7852b855","","service_history","service","no","no","high","none","","","","","Telegram Desktop/ChatExport_2026-09-04/messages.html","#message915"
"message916","default","13.12.2025 15:37:49 UTC-05:00","no","","0","0","Психогомеопатия: Алхимия души.","8dcbe5735a44a2c154def6e5985e1201261814da26e9e5b6cd0edcc2fa56affb","Функциональная структура DMNV-ядра дорсального вагуса. Я все глубже ухожу в терминологию. Постараюсь еще раз кратко пояснить. ЗАЧЕМ МЫ РАБОТАЕМ С DMNV? Это по сути ваш фундамент жизни. Когда DMNV схлопывается - это shut down. Все функции организма выключаются. Существование переходит в «резервный режим». Здесь начинается тяжесть, нарушение здоровья, бессилие","theory_method","book_01","yes","yes","medium","none","","","","","Telegram Desktop/ChatExport_2026-09-04/messages.html","#message916"
"message917","default","13.12.2025 17:42:43 UTC-05:00","no","photos/photo_561@13-12-2025_17-42-43.jpg","1","0","Психогомеопатия: Алхимия души.","a3edd87025e91673b8aa65f13fe8e73eabd1f0afd6c00fbb3ab961599da4059b","Программа нейрогормональная восстановления качества жизни. Состоит их 8ми этапов. 1 этап - ВРАТА ЖИЗНИ. Восстановление стабильности вентрального вагуса (DMNV ядро). Метафорически - нам надо опять открыть Врата в Жизнь. Симптом - Это схлопывание Врат при стрессах и тригерах. При опасности дорсальный вагус блокирует функции организма, от дыханиях до общения. 1","other","out_of_scope","no","no","low","none","","","","","Telegram Desktop/ChatExport_2026-09-04/messages.html","#message917"
"message-326","service","","no","","0","0","Психогомеопатия: Алхимия души.","e3b0c44298fc1c149afbf4c8996fb92427ae41e4649b934ca495991b7852b855","","service_history","service","no","no","high","none","","","","","Telegram Desktop/ChatExport_2026-09-04/messages.html","#message-326"
"message918","default","14.12.2025 07:20:21 UTC-05:00","no","photos/photo_562@14-12-2025_07-20-21.jpg","1","0","Психогомеопатия: Алхимия души.","116a8a9936e98dc6992aa08d5aba8c0794d7e1626330ec1de98b6c0259227c4c","Интегрированная модель. * Даосская Алхимия - дает Путь, вектор развития, обьясняет цели и задачи текущего этапа жизни. * Модель Нейрофизиологии Дает ""пульт управления"" самолетом. Обьясняет ключевые инструменты, как на что воздействовать для регулировки нервной системы. Нейрофизиология - фундамент психики. ___ ИНТЕГРИРОВАННАЯ МОДЕЛЬ Часть 1. ЗДОРОВЬЕ Этапы 1-","deep_alchemical","book_04","yes","yes","medium","none","","","","","Telegram Desktop/ChatExport_2026-09-04/messages.html","#message918"
"message919","default","14.12.2025 19:03:46 UTC-05:00","no","photos/photo_563@14-12-2025_19-03-46.jpg","1","0","Психогомеопатия: Алхимия души.","aef866f13f7893cb275d189697a82af40fef2eb600b056c411f656d8f1c60f35","Ключ к Здоровью #1. ВРАТА ЖИЗНИ. Это первый этап восстановления человека. Очень деликатный этап. Мы открываем эти Врата, когда ваш ""самолет уже приземлился"". Когда в теле нет силы. В душе мало жизни. Хочется только лежать, спать. Желаний особых нет. После шторма жизни вас прибило к берегу. И как жить дальше непонятно. ВАЖНО. ЭТО НЕ ФИНАЛ. Это передышка. Но с","theory_method","book_01","yes","yes","medium","mention_only","Hydrogenium","hydrogenium; hydrogenium","","","Telegram Desktop/ChatExport_2026-09-04/messages.html","#message919"
"message-327","service","","no","","0","0","Психогомеопатия: Алхимия души.","e3b0c44298fc1c149afbf4c8996fb92427ae41e4649b934ca495991b7852b855","","service_history","service","no","no","high","none","","","","","Telegram Desktop/ChatExport_2026-09-04/messages.html","#message-327"
"message920","default","15.12.2025 15:02:27 UTC-05:00","no","photos/photo_564@15-12-2025_15-02-27.jpg","1","0","Психогомеопатия: Алхимия души.","a18ef8d3ed154ef60eaf3d42ea6a9d3553e747243a54bd777c9967e4a196ba67","Ключ к Здоровью #2. ВРАТА КОМФОРТА (УДОВОЛЬСТВИЯ ) Это 2 этап, когда мы возвращаем комфорт и удовольствие в своем теле. #1. Если Врата закрыты: - телу тяжело, неприятно, дискомортно, - после еды тяжесть, пучит - дыхание поверхностное - сложно расслабиться - усталость от людей, контакт истощает - тело ощущается как обьект - зябкость, неприятие жары - фоновая ","theory_method","book_01","yes","yes","medium","none","","","","","Telegram Desktop/ChatExport_2026-09-04/messages.html","#message920"
"message921","default","15.12.2025 15:57:33 UTC-05:00","no","","0","0","Психогомеопатия: Алхимия души.","074086a2420ac792c5b3b30786f78ab814ae915aa19168723ab810f1e5d00727","#2. ВРАТА УДОВОЛЬСТВИЯ: Структура Врат. Понимать структуру врат важно для Расширенной диагностики. В рамках личной сессии мы определяем, где у вас слабое звено вторых врат. И с учетом этого подбираем персональные препараты для коррекции. Чтобы я провел диагностику Врат Удовольствия - нарисуйте на листике 8 фигур (с нейронными ядрами). 1. Я 2. Здоровье 3. NTS","theory_method","book_01","yes","yes","medium","none","","","","","Telegram Desktop/ChatExport_2026-09-04/messages.html","#message921"
"message922","default","15.12.2025 18:13:31 UTC-05:00","no","","0","0","Психогомеопатия: Алхимия души.","e4c08cef61c2d236cb8532d281c2338e466a9ef0063d430101c8d0f3e5c1468b","Скажу честно, это потрясающе. 1. Нейрофизиология многое обьясняет. Нельзя пройти Врата Любви, пока не освоены Врата Защиты. Защиту нельзя обрести, пока не создана опора - Врата Комфорта и т.д. 2. А самое интересное, что данные психические конструкции опираются на гормоналку. Можно пройти сотни медитаций, но если нервная конституция недостаточно стабильна, эф","other","out_of_scope","no","no","low","none","","","","","Telegram Desktop/ChatExport_2026-09-04/messages.html","#message922"
"message-328","service","","no","","0","0","Психогомеопатия: Алхимия души.","e3b0c44298fc1c149afbf4c8996fb92427ae41e4649b934ca495991b7852b855","","service_history","service","no","no","high","none","","","","","Telegram Desktop/ChatExport_2026-09-04/messages.html","#message-328"
"message923","default","16.12.2025 08:57:26 UTC-05:00","no","","0","0","Психогомеопатия: Алхимия души.","5b7b79830f2129977b99cbb6cc2d61aa4375d32b6df384ceb0a28c74fc9fab71","ВРАТА КОМФОРТА * ЭТАЖИ NTS ЗАЧЕМ: Работа с NTS - это ваш спасительный круг, лестница, чтобы выбраться из симптома (тяжесть, аппатия, бессилие и тп). Я предлагаю модель, пульт ручного управления организмом. * Как мы активируем нужные этажи NTS? A) через прикосновение (активация тригерной зоны) B) аромамасло (модедилирование нужной частоты: вибрации состояния)","other","out_of_scope","no","no","low","none","","","","","Telegram Desktop/ChatExport_2026-09-04/messages.html","#message923"
"message924","default","16.12.2025 15:57:40 UTC-05:00","no","","0","0","Психогомеопатия: Алхимия души.","2cd1598b31c1dcad60ce3aa405907515584b581dce0c7688dba535875e61e0a1","СТУПЕНЬ ДАО: 2А. Снежная Королева (ранняя) * Описание ДАО: Это тот момент, когда вы себя ощущаете, осознаете, но сил нет. Краски жизни ушли под ледяной холод. В теле тяжесть, ничего не хочется. Разве что спать. ЧТО ДЕЛАЕМ? * Нейрофизиология Запускаем работу ретикулярной формации (RF) RF - это базовая структура продолговатого мозга, которая соединяет сознание","other","out_of_scope","no","no","low","none","","","","","Telegram Desktop/ChatExport_2026-09-04/messages.html","#message924"
"message928","default","16.12.2025 17:05:15 UTC-05:00","no","photos/photo_565@16-12-2025_17-05-15.jpg","1","0","Психогомеопатия: Алхимия души.","7114388e118014ac54eee55a0e8c011320dce5bdedf0ceddd3be0e2cd959f22e","2А. ПРОТОКОЛ КОРРЕКЦИИ Описание этапа: https://t.me/psychic_alchemy/924 Мы выделяем несколько этажей RF, которые по очереди(!) активируем для пробуждения тела и сознания. ЭТАЖ 1: RF-1 (CAUDAL RF ) Что делать? * массировать зону 7го шейного позвонка (с6-с7, с7-т1) * положить рук на верх грудины (т1-т3) * делать вытяжку позвоночника вверх от 7го позвонка. Масл","theory_method","book_01","yes","yes","medium","none","","","","","Telegram Desktop/ChatExport_2026-09-04/messages.html","#message928"
"message-329","service","","no","","0","0","Психогомеопатия: Алхимия души.","e3b0c44298fc1c149afbf4c8996fb92427ae41e4649b934ca495991b7852b855","","service_history","service","no","no","high","none","","","","","Telegram Desktop/ChatExport_2026-09-04/messages.html","#message-329"
"message929","default","17.12.2025 08:32:13 UTC-05:00","no","","0","0","Психогомеопатия: Алхимия души.","08f619feaecf47db7c952c7cdf0133e9c6ee1dddf6638e5171023bb378c1e666","ПРОТОКОЛ 2Б Центр Мозга: PB (Parabrachiam Nucleus). ОБРАЗ ВРАТ: Защиты. ИДЕЯ ЭТАПА: 2Б: Активная Защита ""Стены Льда"". * ДАО. Описание этапа: Вы уже нормально осознаете себя, центрируетесь, ощущаете ось - но мир вызывает напряжение. Есть чувство внешней угрозы, небезопасности. Желание сжаться внутрь, взгляд потухший, изнутри. Между вами и миром растут стены л","other","out_of_scope","no","no","low","none","","","","","Telegram Desktop/ChatExport_2026-09-04/messages.html","#message929"
"message930","default","17.12.2025 10:00:06 UTC-05:00","no","photos/photo_566@17-12-2025_10-00-06.jpg","1","0","Психогомеопатия: Алхимия души.","27c0fabbc2a589049cf8b5a50928796226890c31e88c2866fd39fda7852155b3","В психотерапии есть такое понятие: Структура личности. Если структура личности крепкая, то даже небольшая коррекция дает высокий эффект в жизни. А если низкая структура личности, то что ни делай, эффект минимален. Сознание как мячик. Если он крепкий и хорошо натянут, то любой импульс воздействия дает эффект. Психосоматика - возникает когда психика не справля","deep_alchemical","book_04","yes","yes","medium","none","","","","","Telegram Desktop/ChatExport_2026-09-04/messages.html","#message930"
"message931","default","17.12.2025 10:48:43 UTC-05:00","no","","0","0","Психогомеопатия: Алхимия души.","226cf35961a6ad74eb506e37315d10eca5e0b333163be52c8a24b959a48db85d","Переход вверх по Ступеням Дао - это как раз и есть повышение уровня психической организации. Человек может смещаться и падать даже на уровень 2 Снежная Королева (нет сил и желаний). Это нормально. Вопрос в том, как долго он там находится, как быстро восстанавливается на свой уровень. И какой для него сейчас привычный уровень Далее. Когда мы ранее работали с ","deep_alchemical","book_04","yes","yes","medium","none","","","","","Telegram Desktop/ChatExport_2026-09-04/messages.html","#message931"
"message932","default","17.12.2025 12:54:39 UTC-05:00","no","","0","0","Психогомеопатия: Алхимия души.","9108f88f815c6c37946ea2d2ae226a011aaffbb30549d8026c7796fa97e69a03","2Б- ПРОТОКОЛ. ВРАТА ЛЬДА Описание этапа: https://t.me/psychic_alchemy/929 Мы на этом этапе фактически крошим лед души и открываемся к жизни. Очень бережно, мягким касанием или давлением активируем указанные зоны (последовательно!). Отмечая для себя те зоны, где есть резонанс. * ЭТАЖ 0. PB-0: Пред-PB. Пока еще доминируют структуры NTS/ RF. Программа: включени","theory_method","book_01","yes","yes","medium","mention_only","Gelsemium","gelsemium","","","Telegram Desktop/ChatExport_2026-09-04/messages.html","#message932"
"message933","default","17.12.2025 13:31:29 UTC-05:00","no","","0","0","Психогомеопатия: Алхимия души.","007230eaa3d00e1b63868fa3e186632c191d2bdde08828f8206b3acf491db54f","2Б-CТРУКТУРА ЯДЕР Parabrachum Nucleus. Данная модель нам нужна для диагностики. Когда мы с вами прорабатываем базовую внутреннюю тревожность (Этап 2Б) - вы рисуете блок-схему со структурой анатомических ядер PB, чтобы я мог определить звено, которое требует внимание и метод коррекции. СТРУКТУРА PB по этажам ЭТАЖ 0. PB-0 1. KF (Kolliker- Fuse) Кластер, отвеча","other","out_of_scope","no","no","low","none","","","","","Telegram Desktop/ChatExport_2026-09-04/messages.html","#message933"
"message-330","service","","no","","0","0","Психогомеопатия: Алхимия души.","e3b0c44298fc1c149afbf4c8996fb92427ae41e4649b934ca495991b7852b855","","service_history","service","no","no","high","none","","","","","Telegram Desktop/ChatExport_2026-09-04/messages.html","#message-330"
"message934","default","18.12.2025 08:18:30 UTC-05:00","no","photos/photo_567@18-12-2025_08-18-30.jpg","1","0","Психогомеопатия: Алхимия души.","f66e8c192cde0ac1011ad0a1db53363ce964ab0358e5ac2f0ae8830c3d6bf41b","Даосская Алхимия. Ступень 3А. Прометей (ранний). Врата Опоры. Коррекция PAG. * Описание этапа Пока у вас есть чувство тревожности к миру, потребность в укреплении границ - вы на второй ступени (Стены Льда). Постепенно тревожность уменьшается. Вы чувствуете себя спокойнее в контакте. Хотя общая настороженность еще может оставаться. Чувство огня жизни внутри п","deep_alchemical","book_04","yes","yes","medium","none","","","","","Telegram Desktop/ChatExport_2026-09-04/messages.html","#message934"
"message935","default","18.12.2025 16:45:42 UTC-05:00","no","photos/photo_568@18-12-2025_16-45-42.jpg","1","0","Психогомеопатия: Алхимия души.","c9a5d8173976ac7c7bbdd0dedab53c2c23b40f762523a9928717ba1016b80b28","ПРОТОКОЛ 3А. Прометей. На этом этапе наша задача - научиться расслабляться, отпускать. Будем честны, это непросто. На этапе 3Б хочется все контролировать, страх не справиться и т.д. Мы учимся отслеживать, в какие моменты подсознательные механизмы PAG берут управление, вызывают спазм дыхание, зажим тела и мягко это отпускаем. Далее я опишу, что поможет. Можно","theory_method","book_01","yes","yes","medium","none","","","","","Telegram Desktop/ChatExport_2026-09-04/messages.html","#message935"
"message936","default","18.12.2025 18:49:29 UTC-05:00","no","","0","0","Психогомеопатия: Алхимия души.","37e3a2a94889c436bc1510148ce0f9602655eca598644f5bd60f179f4955ecf1","ДАОССКАЯ АЛХИМИЯ Скажу честно, протоколы, которые я пишу, довольно уникальны. Такие модели сложно встретить. Их пришлось создавать на основе опыта работы с клиентами. Текущая формат работы ""Даосская Алхимия"" опирается на: 1. Принципы современной психосоматики и травматерапии Функциональная модель связи психических симптомов и физиологии работы мозга (миндали","deep_alchemical","book_04","yes","yes","medium","none","","","","","Telegram Desktop/ChatExport_2026-09-04/messages.html","#message936"
"message-331","service","","no","","0","0","Психогомеопатия: Алхимия души.","e3b0c44298fc1c149afbf4c8996fb92427ae41e4649b934ca495991b7852b855","","service_history","service","no","no","high","none","","","","","Telegram Desktop/ChatExport_2026-09-04/messages.html","#message-331"
"message937","default","19.12.2025 08:10:58 UTC-05:00","no","","0","0","Психогомеопатия: Алхимия души.","bedb536f585e50a97638c826823cb58ff9e212168f73b3377b68d4710ad1dd6f","Должен сказать, эффект от воздействия на ядра мозговых центров приходит довольно быстро. - Если эффект от классической гомеопатии занимает недели, - То эффект от воздействия на мозговые ядра происходит уже через сутки/ несколько дней. К сожалению я не успеваю проверять всех клиентов каждый день. Потому, если вы чувствуете, что что-то уже произошло внутри, из","theory_method","book_01","yes","yes","medium","none","","","","","Telegram Desktop/ChatExport_2026-09-04/messages.html","#message937"
"message938","default","19.12.2025 14:46:19 UTC-05:00","no","photos/photo_569@19-12-2025_14-46-19.jpg","1","0","Психогомеопатия: Алхимия души.","b3f9eb34e7ba64eb6e8a55cb2640296bdb26dd10756c5a531c9d16a60199516d","МАТРИЦА ЯДЕР PAG // этот пост для тех кто сейчас на ступени 3А, для того, чтобы провести детальный анализ работы вашего центра и его оптимизировать // Центр: Periaqueductal Gray (Серое вещество среднего мозга), Введение: Автоматические программы мозга могут гасить работу организма. - Когда управление берет PB (2Б), вы можете чувствовать быстрое сжатие в глаз","other","out_of_scope","no","no","low","none","","","","","Telegram Desktop/ChatExport_2026-09-04/messages.html","#message938"
"message-332","service","","no","","0","0","Психогомеопатия: Алхимия души.","e3b0c44298fc1c149afbf4c8996fb92427ae41e4649b934ca495991b7852b855","","service_history","service","no","no","high","none","","","","","Telegram Desktop/ChatExport_2026-09-04/messages.html","#message-332"
"message939","default","20.12.2025 15:13:16 UTC-05:00","no","photos/photo_570@20-12-2025_15-13-16.jpg","1","0","Психогомеопатия: Алхимия души.","9169b7279e70c31d3fc43bc5e849add3f60fd06e97adae53171fe330b2f155bb","Rf 1.2. NTS Мы мягко восстанавливаем этажи NTS. NTS - это ядро вагуса в продолговатом мозге, которое сбирает, интегрирует информацию об ощушениях в теле. И если где-то возникает перегрузка, NTS запускает программу мягкого выключения, замирания (каменения). Это не такие жесткие блоки, как на предыдущих этапах, но это то, что мешает ""душе летать"", а человеку ж","other","out_of_scope","no","no","low","none","","","","","Telegram Desktop/ChatExport_2026-09-04/messages.html","#message939"
"message-333","service","","no","","0","0","Психогомеопатия: Алхимия души.","e3b0c44298fc1c149afbf4c8996fb92427ae41e4649b934ca495991b7852b855","","service_history","service","no","no","high","none","","","","","Telegram Desktop/ChatExport_2026-09-04/messages.html","#message-333"
"message940","default","21.12.2025 11:52:30 UTC-05:00","no","photos/photo_568@18-12-2025_16-45-42.jpg; photos/photo_568@18-12-2025_16-45-42_thumb (1).jpg","2","0","Психогомеопатия: Алхимия души.","7bcedef1ca4317c04f38410bc910a2bb8600073f65d1a5d4b07d93b0581bcd4c","ПРОТОКОЛ. NTS Мы первых этажах NTS учимся быть в контакте с собой, получать удовольствие от своего тела. На последних этажах NTS-3, NTS-4 мы возвращаем себе комфорт и расслабленность среди людей. ПРАКТИКИ. Основные задачи по этажам: * NTS-1: разгрузить тело, снять избыточные ощущения * NTS-2: вернуть ощущение стабильности с опорой на тело, отпустить контроль","theory_method","book_01","yes","yes","medium","none","","","","","Telegram Desktop/ChatExport_2026-09-04/messages.html","#message940"
"message941","default","21.12.2025 12:45:23 UTC-05:00","no","","0","0","Психогомеопатия: Алхимия души.","5707a71027448650f0023ccdbccd397eea42cdf84348422141ee1887cad568fa","ПРИМЕЧАНИЕ. РАБОТА С ТЕЛЕСНЫМИ ВХОДАМИ 1. Что это за зоны. Зоны, которые я описываю в протоколах - чаще всего это точки пересечения ключевых нервных путей, которые связаны с определенными центрами мозга. Воздействуя на эти зоны мы снимаем нейрофизиологический заряд напряжения в соответствующих центрах мозга. Это позволяет - снять нейрофизиологические ступоры","other","out_of_scope","no","no","low","none","","","","","Telegram Desktop/ChatExport_2026-09-04/messages.html","#message941"
"message942","default","21.12.2025 14:47:13 UTC-05:00","no","","0","0","Психогомеопатия: Алхимия души.","4ba6f33ba1f8ae6c3fcce6e3187eddbe3a0896e763d221b093bcf3f080ffee02","БОНУС. Для всех желающих. Вы можете написать мне, я помогу вам определить вашу текущую ступень ДАО. Так вам будет понятней с чем и как работать. Это БЕСПЛАТНО. Напишите мне в лс. Я расскажу как","other","out_of_scope","no","no","low","none","","","","","Telegram Desktop/ChatExport_2026-09-04/messages.html","#message942"
"message943","default","21.12.2025 15:56:58 UTC-05:00","no","","0","0","Психогомеопатия: Алхимия души.","0eb9f65e96d5a7254adb5fcb96752ab5bc82d5739fa6aeb99f69f054274ba646","3 ступень ЭФФЕКТ КОРРЕКЦИИ NTS (препаратами и упражнениями) 4 уровня работы: NTS-1 VISCERAL Укрепляется ощущение фундамента внутри. NTS-2 CARDIO-RESPIRSTORY Дает ощущение внутренней оси, плотности, стержня, значимости. NTS-3 УДОВОЛЬСТВИЯ ROSTRAL Дает ясность ума, четкость, собранность, легкую проницательность и опору на сознание. NTS-4 INTEGRATIVE Дает состо","theory_method","book_01","yes","yes","medium","none","","","","","Telegram Desktop/ChatExport_2026-09-04/messages.html","#message943"
"message-334","service","","no","","0","0","Психогомеопатия: Алхимия души.","e3b0c44298fc1c149afbf4c8996fb92427ae41e4649b934ca495991b7852b855","","service_history","service","no","no","high","none","","","","","Telegram Desktop/ChatExport_2026-09-04/messages.html","#message-334"
"message944","default","22.12.2025 12:16:01 UTC-05:00","no","","0","0","Психогомеопатия: Алхимия души.","718a58b1f3a394aaf1bc5916b53ad2edd3fbc8b38815ea332960f8c75a5cc94f","МАТРИЦА БЕЗОПАСНОСТИ ДИАГНОСТИКА ЯДЕР NTS /Nucleus Tractus Solitarius ЦЕЛЬ: Диагностика позволяет определить четкий кластер - ядро NTS, где сейчас максимальная нагрузка для коррекции. МЕТОДЫ КОРРЕКЦИИ: Дистанционное воздействие препаратами натуропатии, гомеопатии. СТРУКТУРА NTS /нарисовать блок-схемой/ 1. ЭТАЖ 1. NTS-1. CAUDAL (Visceral, Gastrointeral) Можно","theory_method","book_01","yes","yes","medium","none","","","","","Telegram Desktop/ChatExport_2026-09-04/messages.html","#message944"
"message945","default","22.12.2025 16:13:18 UTC-05:00","no","","0","0","Психогомеопатия: Алхимия души.","8963bb623be30f1fa2adf3981e323ad6a9dd5f380f84e8d4a65e0cd0d8453856","При нейрокоррекции центров мозга есть нюанс. Да, мы можем определить нейрофизилогический источник проблем. Мы можем найти какой центр мозга и какой его этаж сейчас у вас наиболее напряжен. Но скорее всего мы не будем работать с высокими этажами, пока не стабилизируем предыдущие. Основа нейрокоррекции - нейропластичность. Т.е. способность нейросистемы человек","other","out_of_scope","no","no","low","none","","","","","Telegram Desktop/ChatExport_2026-09-04/messages.html","#message945"
"message946","default","22.12.2025 19:28:21 UTC-05:00","no","","0","0","Психогомеопатия: Алхимия души.","d2ff3ad55394d1c5684e12d4a09cdcbaea5b7b13b246f34bc97b465f674aa848","ВОЗРОЖДЕНИЕ БЕЗОПАСНОСТИ. Состояние базовой, безусловной безопасности - это основа внутренней силы и фундамент крепкого здоровья и эффективности личности. #1. ПОДХОД ПСИХОТЕРАПИИ Чувство безусловной внутренней безопасности, с точки зрения психотерапии, определяется: - процессом беременности - рождения - первые месяцы в жизни - отношениями в родительской семь","theory_method","book_01","yes","yes","medium","mention_only","Ignatia Amara","ignatia-amara","","","Telegram Desktop/ChatExport_2026-09-04/messages.html","#message946"
"message-335","service","","no","","0","0","Психогомеопатия: Алхимия души.","e3b0c44298fc1c149afbf4c8996fb92427ae41e4649b934ca495991b7852b855","","service_history","service","no","no","high","none","","","","","Telegram Desktop/ChatExport_2026-09-04/messages.html","#message-335"
"message947","default","23.12.2025 11:38:06 UTC-05:00","no","","0","0","Психогомеопатия: Алхимия души.","3322c27d225d148b30d91cdba8dd223d800ec870ecd568d7940745929951a9ff","ДАО 4 ступень. КРЕПОСТЬ. 4а - у меня есть опора, мне хорошо с собой. 4б - опора держит. Мне хорошо с собой даже в присутствии других. * ОПИСАНИЕ СТУПЕНИ Это этап, когда уже чувствуется опора внутри. Она может быть жесткая (силой воли). Может быть слабая, но есть. Возникает внутренняя ось: - Я есть. - Я имею право быть и проявляться. - Я занимаю свое место. 1","other","out_of_scope","no","no","low","none","","","","","Telegram Desktop/ChatExport_2026-09-04/messages.html","#message947"
"message948","default","23.12.2025 21:14:44 UTC-05:00","no","","0","0","Психогомеопатия: Алхимия души.","dc0b4dde313660afd2c902ff02fc377fc1eb9d11e83fcbc6c296ddbb0b342f8c","ПРОТОКОЛ 4А .1 Задача этапа 4А: ""усесться на свой трон"" в Крепости. Т.е. обрести внутреннюю ось, опору фундамент, комфорт. На 4А мы все время контролируем, когда мы упали с трона, просто замечаем, и садимся обратно. Для такой цели нам помогает активация 3х центров мозга: * Pulvinar, * Raf Pallidum / Obscurum * Pontine RF: PnC, PnO. #1. Pulvinar (таламус): ра","other","out_of_scope","no","no","low","none","","","","","Telegram Desktop/ChatExport_2026-09-04/messages.html","#message948"
"message-336","service","","no","","0","0","Психогомеопатия: Алхимия души.","e3b0c44298fc1c149afbf4c8996fb92427ae41e4649b934ca495991b7852b855","","service_history","service","no","no","high","none","","","","","Telegram Desktop/ChatExport_2026-09-04/messages.html","#message-336"
"message949","default","24.12.2025 13:47:21 UTC-05:00","no","","0","0","Психогомеопатия: Алхимия души.","89ef74a0194a657203733d16bf283ad4eeab4b864bff22e44f0b0d3d75870679","Протокол 2.1. Raphe Pallidus Это тот центр, который отвечает за внутреннюю ось, стойкость, устойчивость, выдержку. * Поддержка RP - это укрепление Я внутри мира. Для укрепления ресурса Raphe мы учим тело удерживать энергию, быть медленным: - отпустить контроль, взгляд, видеть объем, ничего не держать - ритм, покачивание, глубокое легкое дыхание, мягкая растя","other","out_of_scope","no","no","low","none","","","","","Telegram Desktop/ChatExport_2026-09-04/messages.html","#message949"
"message-337","service","","no","","0","0","Психогомеопатия: Алхимия души.","e3b0c44298fc1c149afbf4c8996fb92427ae41e4649b934ca495991b7852b855","","service_history","service","no","no","high","none","","","","","Telegram Desktop/ChatExport_2026-09-04/messages.html","#message-337"
"message950","default","25.12.2025 16:12:41 UTC-05:00","no","","0","0","Психогомеопатия: Алхимия души.","7935b9d808de06f78de50d57862877f1fe75b576c06b6ebd12d9017d82bccbad","ЭТАЖИ РЕТИКУЛЯРНОЙ ФОРМАЦИИ Ключевая структура мозга, которая отвечает за бодрость, энергию, ясность сознания - ретикулярная формация. Это комплекс центров/ ядер в основании мозга (продолговатый мозг). Проблема возникает тогда, когда ретикулярная формация (РФ) «дырявая» - не держит структуру - тогда ресурс, быстро истощается, сознание слабеет. Если RF слабая","theory_method","book_01","yes","yes","medium","none","","","","","Telegram Desktop/ChatExport_2026-09-04/messages.html","#message950"
"message951","default","25.12.2025 17:21:17 UTC-05:00","no","","0","0","Психогомеопатия: Алхимия души.","a55304535e169c9c3d06aad9ca4dd2e49ec3fcf62a387f16ac9929a67d4f1c15","Я вам скажу, это потрясающее состояние, когда ваша ретикулярная формация постепенно укрепляется (особенно Raphe Pallidus). Это как в вашей внутренней крепости выростает башня. Укрепляется внутренняя ось. Можно наконец-то расслабиться. Взгляд становится ясный и смелый. И внутри начинает ощущаться сила. __ Это круче медитаций. Но энергию RF надо поддерживать. ","other","out_of_scope","no","no","low","none","","","","","Telegram Desktop/ChatExport_2026-09-04/messages.html","#message951"
"message-338","service","","no","","0","0","Психогомеопатия: Алхимия души.","e3b0c44298fc1c149afbf4c8996fb92427ae41e4649b934ca495991b7852b855","","service_history","service","no","no","high","none","","","","","Telegram Desktop/ChatExport_2026-09-04/messages.html","#message-338"
"message952","default","26.12.2025 14:46:40 UTC-05:00","no","","0","0","Психогомеопатия: Алхимия души.","9f65be3cdae6837ff25434a3c72a33dd4658f071671789cedfa4a7c85e6660e0","Протокол 4А.3. Pontine RF. На 4 ступени ДАО наша задача сформировать и укрепить свою внутреннюю крепость, свой центр Я. Чтобы выдерживать внешние нагрузки, внимание людей, стрессоры - при этом не уходить в симптом (фрустрацию, усталость и т.п.). 2 ступень - это вырыть фундамент крепости. 3 ступень - отстроить стены, отрегулировать пушки (защиты). А на 4 ступ","other","out_of_scope","no","no","low","none","","","","","Telegram Desktop/ChatExport_2026-09-04/messages.html","#message952"
"message-339","service","","no","","0","0","Психогомеопатия: Алхимия души.","e3b0c44298fc1c149afbf4c8996fb92427ae41e4649b934ca495991b7852b855","","service_history","service","no","no","high","none","","","","","Telegram Desktop/ChatExport_2026-09-04/messages.html","#message-339"
"message953","default","27.12.2025 16:09:18 UTC-05:00","no","","0","0","Психогомеопатия: Алхимия души.","0eee7ac7378bd872d9a8c7f2a0d67e0ddc5d572531a2e76f0e1b3544197162e9","Чем я сейчас занимаюсь - это фактически пересборка, перепрошивка ретикулярной формации мозга. Что есть перепрошивка фундамента личности. Т.е. параметров Личная Сила, Психическая стабильность, тонус, энергия, психосоматика и тп Зачем? Пожалуй любые практики, медитации - это надстройка, интерфейс. Это может поддержать. Но кардинальнее коррекция если поменять в","other","out_of_scope","no","no","low","none","","","","","Telegram Desktop/ChatExport_2026-09-04/messages.html","#message953"
"message-340","service","","no","","0","0","Психогомеопатия: Алхимия души.","e3b0c44298fc1c149afbf4c8996fb92427ae41e4649b934ca495991b7852b855","","service_history","service","no","no","high","none","","","","","Telegram Desktop/ChatExport_2026-09-04/messages.html","#message-340"
"message954","default","30.12.2025 09:23:37 UTC-05:00","no","","0","0","Психогомеопатия: Алхимия души.","9fa9a1ff29a519948d0480a4704952441427d8ad1af31124cdc1b0fcaf0eb489","Тело - ваш пульт управления сознанием. Спорт - может сделать из обезьяны человека ;) Но если мало сил на спорт (и жизнь) - нейротелесная терапия помогает вернуть ресурс телу и ясность сознанию. Расскажу базовые принципы и схему работы, которую вы можете использовать. А. ПРИНЦИПЫ #1. Ясность сознания опирается на стабильность в теле. Если в какой-то момент ва","theory_method","book_01","yes","yes","medium","none","","","","","Telegram Desktop/ChatExport_2026-09-04/messages.html","#message954"
"message956","default","30.12.2025 10:33:23 UTC-05:00","no","","0","0","Психогомеопатия: Алхимия души.","72a64871594c23c1cfd490106d2b12ffa30d922ce993f043ba753dcd02c11f8b","СХЕМА. ЭТАПЫ КОРРЕКЦИИ В НЕЙРОТЕРАПИИ. Здесь ключевые этапы и общие принципы работы. Через тело и препараты мы восстанавливаем фундамент психики - стабильность ретикулярной формации ствола мозга. Этап #1. При коллапсе, когда тело не слушается, симптом взял верх, мы начинаем укреплять нижний слой ретикулярной формации мозга Зона: переферия тела Центр воздейст","theory_method","book_01","yes","yes","medium","none","","","","","Telegram Desktop/ChatExport_2026-09-04/messages.html","#message956"
"message957","default","30.12.2025 11:41:27 UTC-05:00","no","photos/photo_572@30-12-2025_11-41-27.jpg","1","0","Психогомеопатия: Алхимия души.","bd84a380363b45da9275ebc0b1db46eccf6edb5ae335a2b1d03420928e2bff9a","Вот пример того, что пишут клиенты. Так проявляется эффект от правильно подобранных телесных нейро-входов. Суть АЛХИМИИ ДАО: - мы определяем вашу текущую ступень ДАО, - подбираем препараты, телесные входы, - и начинаются чудеса. :) Происходит то ценное, что давно хотелось, но не получалось обрести. Растет сила, энергия, раскрываются желания, внутренняя гармо","deep_alchemical","book_04","yes","yes","medium","none","","","","","Telegram Desktop/ChatExport_2026-09-04/messages.html","#message957"
"message958","default","30.12.2025 18:33:00 UTC-05:00","no","","0","0","Психогомеопатия: Алхимия души.","69d156e7159d47faffc5d6244a4d0b37dbc8ab6c02b325137341c1b3555fbf98","ПРОТОКОЛ. ДАО 4Б. СОЦ ВАГУС 4А - это Крепость с закрытыми воротами. Задача: укрепить Башню, Стены, собрать силу, чтобы не проваливаться в симптом в стрессе. Принцип ""Я ок"". 4Б - это Крепость с приоткрытыми воротами. Уже есть сила и растет потребность в контакте, в любви. Пока еще аккуратно, со смущением. НЕЙРОФИЗИОЛОГИЯ. На этом этапе, когда есть опора (NTS)","other","out_of_scope","no","no","low","none","","","","","Telegram Desktop/ChatExport_2026-09-04/messages.html","#message958"
"message-341","service","","no","","0","0","Психогомеопатия: Алхимия души.","e3b0c44298fc1c149afbf4c8996fb92427ae41e4649b934ca495991b7852b855","","service_history","service","no","no","high","none","","","","","Telegram Desktop/ChatExport_2026-09-04/messages.html","#message-341"
"message959","default","01.01.2026 11:26:12 UTC-05:00","no","","0","0","Психогомеопатия: Алхимия души.","f1e35e44a55555bbae021f95d87764efa12e92b6355135c3cee0633cb59aec94","Всех приветствую. Новый год наступил. Оставляем стрессы в прошлом. Открываемся к обновлению в следующем. А я для вас сделаю еще пару заждавшихся протоколов для вашего восстановления ресурсов! До новых встреч!:)","other","out_of_scope","no","no","low","none","","","","","Telegram Desktop/ChatExport_2026-09-04/messages.html","#message959"
"message960","default","01.01.2026 11:26:17 UTC-05:00","no","photos/photo_573@01-01-2026_11-26-17.jpg","1","0","Психогомеопатия: Алхимия души.","3a7fe725536f82dbe4b8a127a271f75e08cef51a1e1850c573d09b87b25b249e","ПРОТОКОЛ #1. DMNV. Дорсальный вагус - это нижний фундамент жизни, выживания человека. DMNV отвечает за реакции схлопывания, сжатия и расслабления в стрессе и опасности. С DMNV мы начинаем работать на ранних стадиях терапии, когда тело барахлит, все в ступоре и стрессе. А так же с DMNV полезна работа на старших этапах терапии, когда мы стараемся отследить и у","other","out_of_scope","no","no","low","none","","","","","Telegram Desktop/ChatExport_2026-09-04/messages.html","#message960"
"message961","default","01.01.2026 13:46:14 UTC-05:00","no","photos/photo_573@01-01-2026_11-26-17.jpg; photos/photo_573@01-01-2026_11-26-17_thumb (1).jpg","2","0","Психогомеопатия: Алхимия души.","58d167e50681075ac9106b0f870c8246fc18f3782b3a22d2ecd69115d19abb1e","Карта #1. Анализ центров телесных напряжений - спазмов. Нейрофизиология. Матрица DMNV. ЗАЧЕМ: Этот анализ покажет: Где у вас наиболее слабые зоны и сосредоточены центры, которые вызывают резкое падение силы, энергии, здоровья при стрессе (стоп-краны). Данные зоны можно будет отрегулировать. Это усилит физическую и психическую устойчивость. Уменьшит силу симп","other","out_of_scope","no","no","low","none","","","","","Telegram Desktop/ChatExport_2026-09-04/messages.html","#message961"
"message962","default","01.01.2026 17:37:32 UTC-05:00","no","photos/photo_575@01-01-2026_17-37-32.jpg","1","0","Психогомеопатия: Алхимия души.","413f96d8c9a695a0be7d31f479a0a548a8bc3bd16f08020188d84c40d2ca2f6c","- Почему именно телесные входы? - Они работают сразу, даже когда сознание не справляется. Работают, когда нет сил и надежды. И работают быстро. Уже через 30 секунд наступает улучшение состояния. - А зачем тогда препараты? - Препараты закрепляют эффект. Телесная работа меняет состояние. А препараты фиксируют новый уровень, чтобы он остался с вами надолго. Наш","theory_method","book_01","yes","yes","medium","none","","","","","Telegram Desktop/ChatExport_2026-09-04/messages.html","#message962"
"message-342","service","","no","","0","0","Психогомеопатия: Алхимия души.","e3b0c44298fc1c149afbf4c8996fb92427ae41e4649b934ca495991b7852b855","","service_history","service","no","no","high","none","","","","","Telegram Desktop/ChatExport_2026-09-04/messages.html","#message-342"
"message963","default","02.01.2026 08:29:37 UTC-05:00","no","photos/photo_576@02-01-2026_08-29-37.jpg","1","0","Психогомеопатия: Алхимия души.","dca267837b9bdc0c68b596cb4bef5e494aa374936d3dbbebcc916eb9fd8268a6","ТЕРАПИЯ. Социальный вагус. Хотел подчеркнуть, что проработка каждого центра это не просто телесные упражнения - это психотерапия. Проработке каждого этажа социального вагуса - соответствуют разные задачи в терапии, принятие себя, других. Без этого он не раскроется. Но это не вербальная терапия. Телесный контакт и препараты дают тот ресурс, когда нужное нам и","theory_method","book_01","yes","yes","medium","none","","","","","Telegram Desktop/ChatExport_2026-09-04/messages.html","#message963"
"message-343","service","","no","","0","0","Психогомеопатия: Алхимия души.","e3b0c44298fc1c149afbf4c8996fb92427ae41e4649b934ca495991b7852b855","","service_history","service","no","no","high","none","","","","","Telegram Desktop/ChatExport_2026-09-04/messages.html","#message-343"
"message964","default","03.01.2026 08:52:04 UTC-05:00","no","photos/photo_577@03-01-2026_08-52-04.jpg","1","0","Психогомеопатия: Алхимия души.","f735b36f9027e9805fbe5b4e384cd1701dd9c05698423ec7f9d7d9d06f259934","Мне нравится как работают ""телесные врата"". Эффект часто наступает сразу. И он очень значим и душе и телу. Вот еще отзыв, что пишут клиенты, когда мы начинаем обьединять Даосскую алхимию с Телесными вратами на каждой ступени.","deep_alchemical","book_04","yes","yes","medium","none","","","","","Telegram Desktop/ChatExport_2026-09-04/messages.html","#message964"
"message965","default","03.01.2026 17:23:32 UTC-05:00","no","photos/photo_578@03-01-2026_17-23-32.jpg","1","0","Психогомеопатия: Алхимия души.","8e80ffa8c2901eb4d856dfb4c14e06c459a8df3eef7e72d3889f548971771876","RAPHE OBSCURUS (ДАО 3-4). Это Источник Жизни, ""Огонь Жизни"" По сути это тот центр, который определяет, сохраняется ли у вас внутри энергия, жизненность при стрессе - или вы сразу падаете в ""заморозку"". Этот Центр Жизни похож на батарейку. Заряжается он на этапе беременности и в первых месяцах жизни от безусловного постоянного присутствия рядом матери. Это то","theory_method","book_01","yes","yes","medium","none","","","","","Telegram Desktop/ChatExport_2026-09-04/messages.html","#message965"
"message966","default","03.01.2026 19:16:24 UTC-05:00","no","","0","0","Психогомеопатия: Алхимия души.","c75857ec97f5f7b53b6ff06984a444212ab504dbe5c610cea8f6594d1168c02a","ДИАГНОСТИКА ЭФФЕКТИВНОСТИ РАБОТЫ Скажу вам честно, непростая эта задача, искать все эти телесные врата, но интересная. Это крайне практическая задача. Это не теория. Все Врата приходится проверять, открывать, кластеризировать, исходя из разных состояний сознания. В нейрофизиологии как науке не выделяются этажи. Это скорее именно моя терапевтическая интерпрет","theory_method","book_01","yes","yes","medium","none","","","","","Telegram Desktop/ChatExport_2026-09-04/messages.html","#message966"
"message-344","service","","no","","0","0","Психогомеопатия: Алхимия души.","e3b0c44298fc1c149afbf4c8996fb92427ae41e4649b934ca495991b7852b855","","service_history","service","no","no","high","none","","","","","Telegram Desktop/ChatExport_2026-09-04/messages.html","#message-344"
"message967","default","04.01.2026 13:00:49 UTC-05:00","no","photos/photo_579@04-01-2026_13-00-49.jpg","1","0","Психогомеопатия: Алхимия души.","7db8a46cfaf3e5b732b224fead9098b3e6a72f626ae648e50214499d6ece64dc","Raphe Obscurus ПРОТОКОЛ 2. ТЕЛЕСНАЯ ТЕРАПИЯ 3 ФУНКЦИОНАЛЬНЫХ ЭТАЖА ЭТАЖ 1. RfO-1: Вегетативно- дыхательный. Драйв Жизни. RfO-1 активируют, если тело «гаснет» и дыхание не включается (астения, пустота). /центр дает возврат, удержание жизни, легкость дыхания / при блокировке - астения, пустота, шатдаун, огонь погас * pre-Bötzinger complex 1а. Входы: - 1 рука н","other","out_of_scope","no","no","low","none","","","","","Telegram Desktop/ChatExport_2026-09-04/messages.html","#message967"
"message968","default","04.01.2026 20:02:36 UTC-05:00","no","","0","0","Психогомеопатия: Алхимия души.","29e76b78b304d96c5ff04fe9d830130b5d9dc9f00da58956c10e67f743574570","ЭКСПРЕСС-ДИАГНОСТИКА (Пояснение) Хочу чтобы у вас было общее понимание. Те центры мозга человека, которые я описываю в группе Алхимия Души и методы работы с ними не случайны. Совокупность этих центров жизни складывается в структуру, которая назывантся ""Ретикулярная формация"" (RF). RF находится в нижней части мозга (стволе). И фактически RF является фундамент","deep_alchemical","book_04","yes","yes","medium","none","","","","","Telegram Desktop/ChatExport_2026-09-04/messages.html","#message968"
"message969","default","04.01.2026 20:15:18 UTC-05:00","no","","0","0","Психогомеопатия: Алхимия души.","011362b754eaf6c124a4dbb560eac0c35509b66fa3d6579a57d42899279dfdb2","ЭКСПРЕСС-ДИАГНОСТИКА ФУНДАМЕНТ ПСИХИКИ Эффективность работы центров мозга. (в подарок участникам группы) Здесь описание что это и зачем. Как пройти диагностику? - Напишите на одном листике все этажи и ядра-параметры, указанные ниже. - Написать можно блок-схемой, аббревиатуры. - При этом каждый параметр обвести в кружок. - После этого мне выслать фото рисунка","other","out_of_scope","no","no","low","none","","","","","Telegram Desktop/ChatExport_2026-09-04/messages.html","#message969"
"message-345","service","","no","","0","0","Психогомеопатия: Алхимия души.","e3b0c44298fc1c149afbf4c8996fb92427ae41e4649b934ca495991b7852b855","","service_history","service","no","no","high","none","","","","","Telegram Desktop/ChatExport_2026-09-04/messages.html","#message-345"
"message970","default","06.01.2026 16:58:11 UTC-05:00","no","photos/photo_580@06-01-2026_16-58-11.jpg","1","0","Психогомеопатия: Алхимия души.","9bebb55feda31b23120e5a25bd259417a6bb5a5ac5aabc7967796b1b7b8b0af1","Просто небольшой пример для вас. Чтобы составить модель по каждому из центров мозга, модель его этажей, структурных ядер и кластеров, - нужно проработать, собрать вместе достаточно много информации. Это для того чтобы потом на основе модели для вас суметь вычленить ключевое звено, которое не стабильно, на которое надо воздействовать. И потом еще подобрать те","theory_method","book_01","yes","yes","medium","none","","","","","Telegram Desktop/ChatExport_2026-09-04/messages.html","#message970"
"message971","service","","no","","0","0","Психогомеопатия: Алхимия души.","e3b0c44298fc1c149afbf4c8996fb92427ae41e4649b934ca495991b7852b855","","service_history","service","no","no","high","none","","","","","Telegram Desktop/ChatExport_2026-09-04/messages.html","#message971"
"message972","default","06.01.2026 17:58:00 UTC-05:00","no","photos/photo_581@06-01-2026_17-58-00.jpg","1","0","Психогомеопатия: Алхимия души.","0dc61b25967c7ad4675d5d1ff544536d1096147919316fb5c030f6e965cf2a3c","Знаете, есть такая присказка: - после вкусного обеда и душа раскрывается или - сначала баньку растопи да спать уложи, а потом разговоры спрашивай. Так вот, этому есть чёткое нейрофизиологическое обоснование. В мозгу человека есть система, которая называется социальный вагус (нерв). Она отвечает именно за социальные взаимодействия. И ключевой импульс который ","other","out_of_scope","no","no","low","none","","","","","Telegram Desktop/ChatExport_2026-09-04/messages.html","#message972"
"message-346","service","","no","","0","0","Психогомеопатия: Алхимия души.","e3b0c44298fc1c149afbf4c8996fb92427ae41e4649b934ca495991b7852b855","","service_history","service","no","no","high","none","","","","","Telegram Desktop/ChatExport_2026-09-04/messages.html","#message-346"
"message973","default","08.01.2026 09:19:37 UTC-05:00","no","photos/photo_582@08-01-2026_09-19-37.jpg","1","0","Психогомеопатия: Алхимия души.","601331a037a00396a92dba2b705eb3c60836b3e8b764a7a847913a4632a34bcb","1.3. VLM/ CVLM Третья основа ретикулярной формации (после DMNV, NTS). CVLM - это колонна VLM, которая отвечает за торможение всех процессов внутри: сердце, дыхание, тонус мышц и т.п. ЗАЧЕМ РАБОТАТЬ с CVLM Без снятие торможения внутри остаются заблокированы старшие нейронные системы, как например социальный вагус (удовольствие от общения). ЭФФЕКТ РЕГУЛИРОВКИ ","theory_method","book_01","yes","yes","medium","none","","","","","Telegram Desktop/ChatExport_2026-09-04/messages.html","#message973"
"message-347","service","","no","","0","0","Психогомеопатия: Алхимия души.","e3b0c44298fc1c149afbf4c8996fb92427ae41e4649b934ca495991b7852b855","","service_history","service","no","no","high","none","","","","","Telegram Desktop/ChatExport_2026-09-04/messages.html","#message-347"
"message975","default","10.01.2026 09:45:37 UTC-05:00","no","","0","0","Психогомеопатия: Алхимия души.","d5b20259ee430a88a56d1efed892f1014209a6b83a246fee460e20f5c4273b16","- В чем сложность работы с Системным тормозом (CVLM)? - Он включается на ощущение отсутствие опоры в жизни (телесной, финансовой, социальной..). Тогда защитный контур CVLM зажимает ключевые функции организма (дыхание, кровь, мышцы, общение). Возникает хронический спазм. И тела и жизни. - Что делать? - Нам приходится каким-то образом возвращать это чувство ба","theory_method","book_01","yes","yes","medium","mention_only","Ferrum Phosphoricum","ferrum-phosphoricum","","","Telegram Desktop/ChatExport_2026-09-04/messages.html","#message975"
"message976","default","10.01.2026 20:59:39 UTC-05:00","no","","0","0","Психогомеопатия: Алхимия души.","28161e896a3fe70f6e48680e7b797798685e6ad10e214eb9a6fb37497ef2a4ec","То, что в психолонии называют ""внутренний стержень"", или ""структура личности"" в психотерапии. И это загадка за 3мя замками как ее укрепить! Но! Нейроанатомия имеет четкое физиологическое описание этой структуры. А значит мы с этим можем работать.:) Согласно нейроанатомии ""Стержень личности"" находится в основании головного мозга (в продолговатом мозге). Он со","other","out_of_scope","no","no","low","none","","","","","Telegram Desktop/ChatExport_2026-09-04/messages.html","#message976"
"message977","default","10.01.2026 21:04:06 UTC-05:00","no","","0","0","Психогомеопатия: Алхимия души.","ec52b0483289c77b5eababa809afa9b70bce974286c996702f595c909748483e","ПРИВЕДУ ПРИМЕР Как мы работаем. 1) Иногда может провисать MdV, 1 этаж. ""Печь жизни"" может быть истощена, огня мало - тогда мы применяем подпитывающие препараты гомеопатии, как например Sacharum, Gelsemium, Magnesia Muriatica. Энергия растет. 2) Энергия в MdV бывает хаотична, эмоциональность разболтана. В этих случаях укрепить печь - помогают кристаллы кварца","deep_alchemical","book_04","yes","yes","medium","mention_only","Ferrum Phosphoricum; Gelsemium","ferrum-phosphoricum; gelsemium","","","Telegram Desktop/ChatExport_2026-09-04/messages.html","#message977"
"message-348","service","","no","","0","0","Психогомеопатия: Алхимия души.","e3b0c44298fc1c149afbf4c8996fb92427ae41e4649b934ca495991b7852b855","","service_history","service","no","no","high","none","","","","","Telegram Desktop/ChatExport_2026-09-04/messages.html","#message-348"
"message978","default","11.01.2026 07:43:37 UTC-05:00","no","photos/photo_583@11-01-2026_07-43-37.jpg","1","0","Психогомеопатия: Алхимия души.","f59f47d6634b6381c2f7af675df5c10b942f3f5cc665be2299d579823f4fc3c5","Пример как может выглядеть коррекция: 1. Мы исследуем состояние центров мозга 2. находим слабое звено 3. создаем мод него модель (блок-схему) из составляющих этого звена мозга (микросхему) 4. укрепляем нужные звенья системы через препараты (гомеопатия, кристаллы, масла). Здесь любопытно, каждую неделю можно отслеживать динамику, резонирующие препараты будут ","deep_alchemical","book_04","yes","yes","medium","none","","","","","Telegram Desktop/ChatExport_2026-09-04/messages.html","#message978"
"message979","default","11.01.2026 07:47:21 UTC-05:00","no","photos/photo_584@11-01-2026_07-47-21.jpg","1","0","Психогомеопатия: Алхимия души.","6969fb5f3fdfc6477ae77b6a70049eb35999333ecda233da254d446519cb330f","«Железный человек» С одной стороны это метафора. А с другой стороны это как раз отражение стержня личности - т.е. уровня интеграции центров продолговатого мозга. О чем я подробнее писал здесь. А раз это описание качества сознания человека, то это качество можно усилить методами современной алхимии - психогомеопатии. В первую очередь точечно накладывая нужные","deep_alchemical","book_04","yes","yes","medium","none","","","","","Telegram Desktop/ChatExport_2026-09-04/messages.html","#message979"
"message-349","service","","no","","0","0","Психогомеопатия: Алхимия души.","e3b0c44298fc1c149afbf4c8996fb92427ae41e4649b934ca495991b7852b855","","service_history","service","no","no","high","none","","","","","Telegram Desktop/ChatExport_2026-09-04/messages.html","#message-349"
"message981","service","","no","","0","0","Психогомеопатия: Алхимия души.","e3b0c44298fc1c149afbf4c8996fb92427ae41e4649b934ca495991b7852b855","","service_history","service","no","no","high","none","","","","","Telegram Desktop/ChatExport_2026-09-04/messages.html","#message981"
"message-350","service","","no","","0","0","Психогомеопатия: Алхимия души.","e3b0c44298fc1c149afbf4c8996fb92427ae41e4649b934ca495991b7852b855","","service_history","service","no","no","high","none","","","","","Telegram Desktop/ChatExport_2026-09-04/messages.html","#message-350"
"message982","default","13.01.2026 09:29:06 UTC-05:00","no","","0","0","Психогомеопатия: Алхимия души.","3be555a8c35a8b1cb5c3035f3cbac9571dc8bb6de50f4be7d8d0d130c66f65e5","ПРОТОКОЛ 1.3 VLM/ CVLM Мы работаем с этим центром, когда диагностика показала у вас просадку на нижнем /первом уровне ретикулярной формации. Этот центр отвечает за Чувство базовой безопасности. Как телу. Нестабильность центра может возникать при ощущении перегрузки от мира, от жизни. На этом этапе мы работаем не столько с социальными стрессами, как с нагрузк","theory_method","book_01","yes","yes","medium","none","","","","","Telegram Desktop/ChatExport_2026-09-04/messages.html","#message982"
"message983","default","13.01.2026 22:47:25 UTC-05:00","no","","0","0","Психогомеопатия: Алхимия души.","865b20783534f6d7ef8f376b477621c31dad22ef29102dee1d9a87e627c5a063","Формы препаратов Я сейчас параллельно обучаюсь гомеопатии. Нам рассказали про нетрадиционные формы препаратов. Я сам удивился #1. Классический вариант: крупинки, Мази-кремы. #2. Крупинки, на которых вибрация препарата записывается как информация . Работает, но разряжается быстрее. #3. Запись вибрации препарата как аудиотрек. #4. Ментальное назначение препара","theory_method","book_01","yes","yes","medium","none","","","","","Telegram Desktop/ChatExport_2026-09-04/messages.html","#message983"
"message-351","service","","no","","0","0","Психогомеопатия: Алхимия души.","e3b0c44298fc1c149afbf4c8996fb92427ae41e4649b934ca495991b7852b855","","service_history","service","no","no","high","none","","","","","Telegram Desktop/ChatExport_2026-09-04/messages.html","#message-351"
"message984","default","14.01.2026 12:38:31 UTC-05:00","no","","0","0","Психогомеопатия: Алхимия души.","2a2593216fa552c8216b9e8a0fdce41993760fb00dc0a0ff0da60b283eb2f417","CVLM 4 этаж DORSAL Ранее мы разобрали нижние 3 этажа CVLM. 4й требует особого внимания. Dorsal CVLM (верхний этаж) интегрирует вместе информацию - тела, жкт, давления - дыхания - социального контекста (общий тонус). Если где-то опасность, нет гармонии в системах, Dorsal CVLM запускает команду снизить активность (тела, дыхания). Он как мягкий дирижер. Он опре","other","out_of_scope","no","no","low","none","","","","","Telegram Desktop/ChatExport_2026-09-04/messages.html","#message984"
"message985","default","14.01.2026 12:47:36 UTC-05:00","no","photos/photo_585@14-01-2026_12-47-36.jpg","1","0","Психогомеопатия: Алхимия души.","0496e7873a58b9985359ef181e278dbce74efcfda0125d87973027b9b50e6483","Итак, про центры 1го этажа ретикулярной формации я уже основное рассказал. К ним относятся 3 центра: - NTS - DMNV - CVLM Если проработать нижний этаж, фундамент не высыпается из под ног. Позже чуть подробнее ресскажу про центры второго этажа ретикулярной формации - GI /GRN - Raphe Pallidus / Obscurus","other","out_of_scope","no","no","low","none","","","","","Telegram Desktop/ChatExport_2026-09-04/messages.html","#message985"
"message986","default","14.01.2026 16:04:16 UTC-05:00","no","photos/photo_586@14-01-2026_16-04-16.jpg","1","0","Психогомеопатия: Алхимия души.","8d59327bb27057dd425ad41c27ccfa2aae2a4e3dfdb2bdfc43103936f9602e54","ЭКСПРЕСС-ДИАГНОСТИКА. Можно получить диагностику в подарок. В диагностику входит анализ: 1) какой ступени ДАО сейчас соответствует ваша психическая структура, 2) какие у вас сейчас ближайшие задачи развития согласно ДАО, 3) анализ фундамента психики - каким центрам продолговатого мозга может быть нужна поддержка, 4) как эту поддержку можно дать себе самому ч","other","out_of_scope","no","no","low","none","","","","","Telegram Desktop/ChatExport_2026-09-04/messages.html","#message986"
"message-352","service","","no","","0","0","Психогомеопатия: Алхимия души.","e3b0c44298fc1c149afbf4c8996fb92427ae41e4649b934ca495991b7852b855","","service_history","service","no","no","high","none","","","","","Telegram Desktop/ChatExport_2026-09-04/messages.html","#message-352"
"message987","default","16.01.2026 11:17:16 UTC-05:00","no","photos/photo_587@16-01-2026_11-17-16.jpg","1","0","Психогомеопатия: Алхимия души.","3ab969d36834c71575bd99322b2e080834e7d58a472179bb3c337bcb79a5ef82","ФИЗИОЛОГИЯ ПСИХИКИ ч2 2 этаж Ретикулярной Формации. Напомню, 1й этаж RF был про выживание. Это фундамент. Он определяет, справляется ли человек с тригерами стресса или сразу уходит в психосоматику. Для восстановления внутренней устойчивости, силы, ясности мы укрепляем 3 нижних центра RF: NTS, DMNV, VLM/ CVLM __ На 2м этаже RF. Психика гораздо устойчивее, мен","other","out_of_scope","no","no","low","none","","","","","Telegram Desktop/ChatExport_2026-09-04/messages.html","#message987"
"message988","default","16.01.2026 12:02:27 UTC-05:00","no","photos/photo_588@16-01-2026_12-02-27.jpg","1","0","Психогомеопатия: Алхимия души.","a7c3ac9beecf402cad1fca277cf96f678cae84a7e1200717bc99ba18429fdd75","ОТПУСКАНИЕ СВЕРХКОНТРОЛЯ RF 2.1. GI (gigantocellular nucleus) Это центр тревожной мобилизации. Это тот центр, который держит вас включенным, активным, работоспособным. ""Я есть, потому что держусь"" Но эта активность - из страха, что все развалится. Когда GI перегружен: • возникает постоянное микро-удержание тела • а нервная система считает: где-то опасность. ","remedy_mention","out_of_scope","no","no","low","mention_only","Gelsemium","gelsemium","","","Telegram Desktop/ChatExport_2026-09-04/messages.html","#message988"
"message989","service","","no","","0","0","Психогомеопатия: Алхимия души.","e3b0c44298fc1c149afbf4c8996fb92427ae41e4649b934ca495991b7852b855","","service_history","service","no","no","high","none","","","","","Telegram Desktop/ChatExport_2026-09-04/messages.html","#message989"
"message-353","service","","no","","0","0","Психогомеопатия: Алхимия души.","e3b0c44298fc1c149afbf4c8996fb92427ae41e4649b934ca495991b7852b855","","service_history","service","no","no","high","none","","","","","Telegram Desktop/ChatExport_2026-09-04/messages.html","#message-353"
"message990","default","20.01.2026 18:51:19 UTC-05:00","no","photos/photo_589@20-01-2026_18-51-19.jpg","1","0","Психогомеопатия: Алхимия души.","90af2fd05c3cce4b1e21fc26e96d6aa6fa9628e026d76ebe91d7e5d6c15985b2","УКРЕПЛЕНИЕ ЦЕНТРА Я ЕСТЬ Открыть Реку Жизни Центр мозга: RF 2 этаж - PGI/ PGI отвечает за ощущение Я есть. Я стабилен, Я непрерывен. Здесь находится право жить, право существовать, без удержания и контроля. Это центр допуска к жизни. Если этого нет, человек начинает держаться за контакты, мир, подтверждение своей ценности и существования. При нестабильности ","remedy_mention","out_of_scope","no","no","low","mention_only","Ferrum Phosphoricum; Gelsemium; Ambra Grisea; Rock Water","ferrum-phosphoricum; gelsemium; ambra-grisea; rock-water; ambra-grisea; rock-water","","","Telegram Desktop/ChatExport_2026-09-04/messages.html","#message990"
"message-354","service","","no","","0","0","Психогомеопатия: Алхимия души.","e3b0c44298fc1c149afbf4c8996fb92427ae41e4649b934ca495991b7852b855","","service_history","service","no","no","high","none","","","","","Telegram Desktop/ChatExport_2026-09-04/messages.html","#message-354"
"message991","default","21.01.2026 14:09:15 UTC-05:00","no","","0","0","Психогомеопатия: Алхимия души.","3f491fe8f4a5d986749c5d6fa6a23ae2ed0b6bdfe0bc9d806544ac33a639a6e4","Пример из новостей. Сейчас ученые пытаются делать то же что и я - исследовать эффективность сознания через работу со структурами мозга. https://www.ixbt.com/news/2026/01/20/ultrazvuk-napravlennogo-dejstvija-predlozhen-kak-instrument-dlja-proverki-teorij-soznanija.html","other","out_of_scope","no","no","low","none","","","","","Telegram Desktop/ChatExport_2026-09-04/messages.html","#message991"
"message-355","service","","no","","0","0","Психогомеопатия: Алхимия души.","e3b0c44298fc1c149afbf4c8996fb92427ae41e4649b934ca495991b7852b855","","service_history","service","no","no","high","none","","","","","Telegram Desktop/ChatExport_2026-09-04/messages.html","#message-355"
"message992","default","25.01.2026 16:41:36 UTC-05:00","no","","0","0","Психогомеопатия: Алхимия души.","129e4ff3ba78f8b51d4edf1e0b9e428cc00e95ad73722e9ddbe02aa08bad423f","Я стал применять гомеопатию в магической работе. Как оказалось, вибрации препаратов могут уплотнять мыслеформы. Например, - Phosphoricum Acidum 6 Уплотняет эфирное тело. - Calcarea Carbonica 6 Уплотняет астральное тело ифрита. - Avena Sativa 6: (вибрация овса) Укрепляет жизненную силу и сознание. - Graphites 6 (Вибрация гранита). Укрепляет структуру- плотнос","deep_alchemical","book_04","yes","yes","medium","mention_only","Calcarea Carbonica; Avena Sativa; Phosphoricum Acidum","calcarea-carbonica; avena-sativa; phosphoricum-acidum; phosphoricum-acidum","","","Telegram Desktop/ChatExport_2026-09-04/messages.html","#message992"
"message-356","service","","no","","0","0","Психогомеопатия: Алхимия души.","e3b0c44298fc1c149afbf4c8996fb92427ae41e4649b934ca495991b7852b855","","service_history","service","no","no","high","none","","","","","Telegram Desktop/ChatExport_2026-09-04/messages.html","#message-356"
"message993","default","29.01.2026 09:32:38 UTC-05:00","no","photos/photo_590@29-01-2026_09-32-38.jpg","1","0","Психогомеопатия: Алхимия души.","56d95a286e99d70763140f980519063e9326a1ece3540c808378437c78a98313","МОДЕЛЬ РЕГУЛИРОВКИ ДАВЛЕНИЯ В нейробиологии считается давление не начинается с сосудов. Это симптом, который запускается верхними уровнями нервной системы. МОДЕЛЬ АНАЛИЗА Для анализа причин колебания давления можно оформить следующую модель, чтобы выделить ключевые источники дисбаланса именно в вашей ситуации. Модель состоит из 8ми уровней с подуровнями кото","theory_method","book_01","yes","yes","medium","none","","","","","Telegram Desktop/ChatExport_2026-09-04/messages.html","#message993"
"message994","default","29.01.2026 14:47:19 UTC-05:00","no","photos/photo_591@29-01-2026_14-47-19.jpg","1","0","Психогомеопатия: Алхимия души.","7c7f45cd9349a9fc2a00096e2db038562dd5640e36f5f1f33747ba221ed55d86","ДАОССКАЯ АЛХИМИЯ Наблюдения об эффекте гомеопатии. Даосская алхимия - это древняя модель трансформации /переплавки внутренних качеств человека в направлении своего эталона и слияния с ДАО. В нашей работе мы усиливаем внутренние качества человека согласно модели 5 стихий Усин. Например, * Вода: - На ранних ступенях терапии у человека много страхов, мало ресур","deep_alchemical","book_04","yes","yes","medium","none","","","","","Telegram Desktop/ChatExport_2026-09-04/messages.html","#message994"
"message-357","service","","no","","0","0","Психогомеопатия: Алхимия души.","e3b0c44298fc1c149afbf4c8996fb92427ae41e4649b934ca495991b7852b855","","service_history","service","no","no","high","none","","","","","Telegram Desktop/ChatExport_2026-09-04/messages.html","#message-357"
"message995","default","30.01.2026 12:46:06 UTC-05:00","no","photos/photo_592@30-01-2026_12-46-06.jpg","1","0","Психогомеопатия: Алхимия души.","85242b7a9ce9e38d240deebb91f28f90cbdfa58490804f1abc36654008c2c856","Анализ 1.3. КАРТА CVLM VLM Ventrolateral Medulla (CVLM) Это ""Игла Кощея"", здесь центр бессознательной стойкости, способности выдержать психическую нагрузку или перейти в симптом (соматизацию). CVLM это один из ключевых центров ретикулярной формации продолговатого мозга. В терапии мы проводим диагностику структур CVLM, чтобы определить где слабые звенья, как ","other","out_of_scope","no","no","low","none","","","","","Telegram Desktop/ChatExport_2026-09-04/messages.html","#message995"
"message-358","service","","no","","0","0","Психогомеопатия: Алхимия души.","e3b0c44298fc1c149afbf4c8996fb92427ae41e4649b934ca495991b7852b855","","service_history","service","no","no","high","none","","","","","Telegram Desktop/ChatExport_2026-09-04/messages.html","#message-358"
"message997","default","18.02.2026 13:15:38 UTC-05:00","no","photos/photo_593@18-02-2026_13-15-38.jpg","1","0","Психогомеопатия: Алхимия души.","82968708b14f73c582eecec32693ce65f66e36268ba525f29763ce22ebe61b9d","АЛХИМИЯ ДУШИ Формат работы. 1. Я опять вернулся к формату работы в модели Даосская Алхимия. Т.е. А) мы измеряем параметры вашего здоровья/ цели через модель 5ти стихий Усин Б) проводим воздействие препаратами гомеопатии, эссенциями Баха В) отслеживаем через месяц эффект. Результат гарантирован. ПОЧЕМУ: - Модель Усин очень показательна. Она подсказывает те ню","deep_alchemical","book_04","yes","yes","medium","none","","","","","Telegram Desktop/ChatExport_2026-09-04/messages.html","#message997"
"message-359","service","","no","","0","0","Психогомеопатия: Алхимия души.","e3b0c44298fc1c149afbf4c8996fb92427ae41e4649b934ca495991b7852b855","","service_history","service","no","no","high","none","","","","","Telegram Desktop/ChatExport_2026-09-04/messages.html","#message-359"
"message998","default","04.03.2026 15:40:56 UTC-05:00","no","photos/photo_594@04-03-2026_15-40-56.jpg","1","0","Психогомеопатия: Алхимия души.","5d00801539f2e7b171c9a944a1f806639ec01e41e44c490d9b9d250b42350108","Людям нравится то что мы делаем. Мне пишут периодически. Здорово что вы есть. Вместе развиваемся дальше.","other","out_of_scope","no","no","low","none","","","","","Telegram Desktop/ChatExport_2026-09-04/messages.html","#message998"
"message-360","service","","no","","0","0","Психогомеопатия: Алхимия души.","e3b0c44298fc1c149afbf4c8996fb92427ae41e4649b934ca495991b7852b855","","service_history","service","no","no","high","none","","","","","Telegram Desktop/ChatExport_2026-09-04/messages.html","#message-360"
"message999","default","17.03.2026 18:34:12 UTC-05:00","no","photos/photo_595@17-03-2026_18-34-12.jpg","1","0","Психогомеопатия: Алхимия души.","c2cb0587f0486d8cd99ac77f4e8200822ae2dcd9cb17cd860d5421941687d6f4","Препарат BACH WILLOW Имеет мягкий, но глубокий эффект. Подходит людям, которые пережили несправедливость, обиду или разочарование и начинают внутренне закрываться, становиться горькими, критичными и отдалёнными. Опыт показывает, что препарат дает ощущение освобождения от тяжести обиды. Уходит чувство «жизнь обошлась со мной неправильно», появляется больше пр","theory_method","book_01","yes","yes","medium","none","","","","","Telegram Desktop/ChatExport_2026-09-04/messages.html","#message999"
"message-361","service","","no","","0","0","Психогомеопатия: Алхимия души.","e3b0c44298fc1c149afbf4c8996fb92427ae41e4649b934ca495991b7852b855","","service_history","service","no","no","high","none","","","","","Telegram Desktop/ChatExport_2026-09-04/messages.html","#message-361"
"message1000","default","18.03.2026 14:01:52 UTC-05:00","no","photos/photo_596@18-03-2026_14-01-52.jpg","1","0","Психогомеопатия: Алхимия души.","ae63b4b37d804276f2dbc5b1c1ad7894b762ff4400ebd7ecb72ec8906188509a","Препарат BACH CRAB APPLE Имеет мягкий, очищающий и очень гармонизирующий эффект. Подходит людям, которые переживают чувство внутренней нечистоты, стыда или смущения , ощущают, что «со мной что-то не так». Опыт показывает, что препарат дает ощущение внутренней чистоты и принятия себя . Уходит навязчивое чувство несовершенства, появляется ощущение: «со мной вс","remedy_card","book_02","yes","yes","high","full_card","Bach Crab Apple","bach-crab-apple","message1000","","Telegram Desktop/ChatExport_2026-09-04/messages.html","#message1000"
"message1001","default","18.03.2026 14:18:46 UTC-05:00","no","photos/photo_597@18-03-2026_14-18-46.jpg","1","0","Психогомеопатия: Алхимия души.","849e72cfb74bddb1c3ff7bfd82e66be628be3e2d461ffd9ca8301a0c49bc9454","Препарат BACH OAK Имеет глубокий стабилизирующий и поддерживающий эффект. Подходит людям сильным, ответственным и выносливым, которые привыкли нести нагрузку и не останавливаться, даже когда силы уже на исходе. Препарат дает ощущение внутреннего восстановления и опоры. Человек остаётся сильным и надежным, но уходит из состояния изнуряющей борьбы. СУТЬ ПРЕПАР","remedy_card","book_02","yes","yes","high","full_card","Bach Oak","bach-oak","message1001","","Telegram Desktop/ChatExport_2026-09-04/messages.html","#message1001"
"message1002","default","18.03.2026 14:39:34 UTC-05:00","no","photos/photo_598@18-03-2026_14-39-34.jpg","1","0","Психогомеопатия: Алхимия души.","20b1c6d2ee9e5b56f3304fc7692f189c5b94559077ad338c2f93cffcafd8c3f1","Препарат BACH HORNBEAM СУТЬ Это энергия граба. Лёгкое, живое дерево с очень плотной и прочной древесиной. Снаружи — мягкость и гибкость. Внутри — собранность и сила. СМЫСЛ Это энергия включения в жизнь. Это та энергия, которая помогает начать, войти в поток, включиться в действие. Этот препарат снимает тяжесть перед стартом, возвращает ясность, бодрость и вн","remedy_card","book_02","yes","yes","high","full_card","Bach Hornbeam","bach-hornbeam","message1002","","Telegram Desktop/ChatExport_2026-09-04/messages.html","#message1002"
"message1003","default","18.03.2026 15:14:15 UTC-05:00","no","photos/photo_599@18-03-2026_15-14-15.jpg","1","0","Психогомеопатия: Алхимия души.","4c87b3288e3f168502309a446a1cf910705116c662c0fa63548fef4ae704f35d","В последнее время я все чаще работаю с препаратами Баха. Мне нравятся. Они мягкие, но глубокие. Обычно не дают большой перегрузки. Но значимо могут поднять текущий уровень внутреннего потенциала человека. Я по себе знаю. - Без препаратов - ты один. - А как только подобрал нужный препараты - ты другой. Ты как обрел бронежилет - ресурс, потенциал. И он с тобой","theory_method","book_01","yes","yes","medium","none","","","","","Telegram Desktop/ChatExport_2026-09-04/messages.html","#message1003"
"message1004","default","18.03.2026 22:23:40 UTC-05:00","no","","0","0","Психогомеопатия: Алхимия души.","01be615f2a91c1f328073f819f71989e11a5746446786ab00493a6bbbaabee5c","АПГРЕЙД Даосские талисманы. Обычно я работаю в формате месячного сопровождения, куда входит две сессии, 4 недели сопровождения. Сессия 1. Диагностика ситуации, подбор препаратов. В течении месяца препараты выводят человека но новое качество здоровья, жизни, уверенности. Сессия 2. Повторная диагностика ситуация, коррекция назначения. В рамках второй сессии се","deep_alchemical","book_04","yes","yes","medium","none","","","","","Telegram Desktop/ChatExport_2026-09-04/messages.html","#message1004"
"message-362","service","","no","","0","0","Психогомеопатия: Алхимия души.","e3b0c44298fc1c149afbf4c8996fb92427ae41e4649b934ca495991b7852b855","","service_history","service","no","no","high","none","","","","","Telegram Desktop/ChatExport_2026-09-04/messages.html","#message-362"
"message1005","default","21.03.2026 15:00:50 UTC-05:00","no","photos/photo_600@21-03-2026_15-00-50.jpg","1","0","Психогомеопатия: Алхимия души.","7f09949c319e6fb1601ebd236dc51b47924a005a804e8c3ecb4e656a3126d7d0","Препарат BACH WILD OAT СУТЬ Это энергия дикого овса. Он растёт свободно, без правил, без строгих линий. СМЫСЛ Это та энергия, которая позволяет сделать первый шаг, начать действововать. Этот препарат добавляет смелости, стремительности, решительности. Он ускоряет движение вперед и вместе с тем дает энергию, вдохновение, силу для своих начинаний. WILD OAT под","remedy_card","book_02","yes","yes","high","full_card","Bach Wild Oat","bach-wild-oat","message1005","","Telegram Desktop/ChatExport_2026-09-04/messages.html","#message1005"
"message1006","default","21.03.2026 15:27:07 UTC-05:00","no","photos/photo_601@21-03-2026_15-27-07.jpg","1","0","Психогомеопатия: Алхимия души.","e6eb6333eb1a0deff2aa87a168c7374a521e7be1ccc9aaa8687714d2166eca5b","Препарат BACH ELM СУТЬ Это энергия вяза. Сильное, зрелое дерево, которое держит пространство и выдерживает большие нагрузки. Это энергия ответственности, масштаба и опоры. СМЫСЛ Это состояние временной перегрузки сильного человека. Это та энергия, которая помогает вернуться в опору, когда задач стало слишком много. Этот препарат снимает давление «я не справл","remedy_card","book_02","yes","yes","high","full_card","Bach Elm","bach-elm","message1006","","Telegram Desktop/ChatExport_2026-09-04/messages.html","#message1006"
"message-363","service","","no","","0","0","Психогомеопатия: Алхимия души.","e3b0c44298fc1c149afbf4c8996fb92427ae41e4649b934ca495991b7852b855","","service_history","service","no","no","high","none","","","","","Telegram Desktop/ChatExport_2026-09-04/messages.html","#message-363"
"message1007","default","29.03.2026 21:56:49 UTC-05:00","no","photos/photo_602@29-03-2026_21-56-49.jpg","1","0","Психогомеопатия: Алхимия души.","8612e407c425cdfd80e0cf2911e9b8b575db11f7985d4508c9f2894f6b7e604d","Препарат ROCK ROSE СУТЬ Это энергия скального цветка. Маленькое растение, которое растёт в суровых условиях — на камнях, под солнцем и ветром. Хрупкое снаружи, но внутри — чистая сила жизни и мгновенная мобилизация. СМЫСЛ Это энергия преодоления сильного страха. Это та энергия, которая помогает выйти из состояния паники и ужаса в состояние действия. Этот пре","remedy_card","book_02","yes","yes","high","full_card","Rock Rose","rock-rose","message1007","","Telegram Desktop/ChatExport_2026-09-04/messages.html","#message1007"
"message-364","service","","no","","0","0","Психогомеопатия: Алхимия души.","e3b0c44298fc1c149afbf4c8996fb92427ae41e4649b934ca495991b7852b855","","service_history","service","no","no","high","none","","","","","Telegram Desktop/ChatExport_2026-09-04/messages.html","#message-364"
"message1008","default","01.04.2026 11:02:05 UTC-05:00","no","photos/photo_603@01-04-2026_11-02-05.jpg","1","0","Психогомеопатия: Алхимия души.","b9d27ef43ed822468e394fbcf1918f187d7ad801f257577f615552cf8288619d","Препарат STAR OF BETHLEHEM Опыт показывает, что препарат дает глубокое ощущение утешения. Уходит внутренняя заморозка и боль, появляется чувство: «я снова жив и чувствую». СУТЬ Препарат мягко собирает и гармонизирует внутреннее состояние. Это энергия утешения, восстановления и исцеления после шока. Это энергия звезды Вифлеема. Нежный белый цветок, похожий на","remedy_card","book_02","yes","yes","high","full_card","Star of Bethlehem","star-of-bethlehem","message1008","","Telegram Desktop/ChatExport_2026-09-04/messages.html","#message1008"
"message1009","default","01.04.2026 20:31:20 UTC-05:00","no","photos/photo_604@01-04-2026_20-31-20.jpg","1","0","Психогомеопатия: Алхимия души.","024b4a15c85f395cc384daece24e14ec26e40b64a77ca1735de1c69f81ecb406","Препарат BACH SWEET CHESTNUT По опыту данный препарат несёт состояние некого просветления, возвышается вибраций человека. СУТЬ Это энергия сладкого каштана. Дерево, которое проходит через сильное внутреннее напряжение и раскрывается после него. Это энергия предельной точки — и прорыва через неё. СМЫСЛ Это состояние крайнего внутреннего кризиса. Это та энерги","remedy_card","book_02","yes","yes","high","full_card","Bach Sweet Chestnut","bach-sweet-chestnut","message1009","","Telegram Desktop/ChatExport_2026-09-04/messages.html","#message1009"
"message-365","service","","no","","0","0","Психогомеопатия: Алхимия души.","e3b0c44298fc1c149afbf4c8996fb92427ae41e4649b934ca495991b7852b855","","service_history","service","no","no","high","none","","","","","Telegram Desktop/ChatExport_2026-09-04/messages.html","#message-365"
"message1010","default","02.04.2026 08:42:03 UTC-05:00","no","","0","0","Психогомеопатия: Алхимия души.","444cfb46ba8377a257d61497acf8aa1da6973ee9bd97bf26323e0727e0ef4d9b","НАБЛЮДЕНИЯ от работы с препаратами Баха. Воздействие идет не через количество вещества, а как ""Ключ перехода"" состояния. 1. ПРИЕМ ВНУТРЬ. Эффективны даже уже просто 4-5 капель препарата. Часто этого достаточно, чтобы система человека сдвинулась, перешла в новое качество. По опыту такое изменение, сдвиг состояния человека происходит уже за 1 день, после 1-2х ","theory_method","book_01","yes","yes","medium","none","","","","","Telegram Desktop/ChatExport_2026-09-04/messages.html","#message1010"
"message-366","service","","no","","0","0","Психогомеопатия: Алхимия души.","e3b0c44298fc1c149afbf4c8996fb92427ae41e4649b934ca495991b7852b855","","service_history","service","no","no","high","none","","","","","Telegram Desktop/ChatExport_2026-09-04/messages.html","#message-366"
"message1011","default","06.04.2026 15:28:00 UTC-05:00","no","photos/photo_605@06-04-2026_15-28-00.jpg","1","0","Психогомеопатия: Алхимия души.","ce620ebbeb0b23cbaa5dd13cd255fca07fc48a5e43fa572d3cf50247872ccff3","Препарат BACH CERATO СУТЬ Это энергия церато — растения с тонкими, устремлёнными вверх цветами. Оно тянется к свету, но при этом как будто не до конца удерживает свою ось. СМЫСЛ Это состояние, когда человек не доверяет себе. CERATO подходит Когда человек: • постоянно спрашивает советы • сомневается в своих решениях • ищет подтверждение у других • меняет мнен","remedy_card","book_02","yes","yes","high","full_card","Bach Cerato","bach-cerato","message1011","","Telegram Desktop/ChatExport_2026-09-04/messages.html","#message1011"
"message-367","service","","no","","0","0","Психогомеопатия: Алхимия души.","e3b0c44298fc1c149afbf4c8996fb92427ae41e4649b934ca495991b7852b855","","service_history","service","no","no","high","none","","","","","Telegram Desktop/ChatExport_2026-09-04/messages.html","#message-367"
"message1012","default","07.04.2026 12:48:36 UTC-05:00","no","photos/photo_606@07-04-2026_12-48-36.jpg","1","0","Психогомеопатия: Алхимия души.","87d95720b3ae2f6caa917c5f5a54eea56806d28face7a74197a8af32088f1e12","Нахожусь 2ю неделю в Торонто. Опять возвращаюсь к работе с гомеопатией. В чем особенность: 1. Препараты Баха - хороши для экстренного восстановления ресурса. Это вибрации растений, которые несут качества, энергии, которые укрепляют психику. Просто и быстро. 2. Гомеопатия - Нужна, когда вы хотите углубиться ближе к корню проблемы. Снять душевную боль, причины","theory_method","book_01","yes","yes","medium","none","","","","","Telegram Desktop/ChatExport_2026-09-04/messages.html","#message1012"
"message-368","service","","no","","0","0","Психогомеопатия: Алхимия души.","e3b0c44298fc1c149afbf4c8996fb92427ae41e4649b934ca495991b7852b855","","service_history","service","no","no","high","none","","","","","Telegram Desktop/ChatExport_2026-09-04/messages.html","#message-368"
"message1014","default","22.04.2026 07:24:35 UTC-05:00","no","","0","0","Психогомеопатия: Алхимия души.","01e9f376a5d9398fd1e62c911c33a63dbf143b40724e0c006493bd047d259442","ГОМЕОПАТИЯ ВЫСОКИХ ПОТЕНЦИЙ. В очередной раз убеждаюсь, что гомеопатия- это очень мощное средство. Когда психическое напряжение максимально, гомеопатия - это единственное уникальное средство, которое может мягко проникнуть на всю глубину психической травмы и утолить душевную боль. Телесную боль - уменьшают медицинские препараты. Но мало что может эффективно ","theory_method","book_01","yes","yes","medium","none","","","","","Telegram Desktop/ChatExport_2026-09-04/messages.html","#message1014"
"message1015","default","22.04.2026 07:26:55 UTC-05:00","yes","","0","0","Психогомеопатия: Алхимия души.","c43537011e6c2de419dc1b04483554a3047552bdb8b7e6fb7ed2f84212f573b1","Все началось с моего запроса: ступор перед амбициозными проектами. Я рассчитывал на точечное решение ступора гомеопатией и ожидал, что меня за недельку отпустит заме но и я возьмусь решать проект, с которым у меня возникли трудности из серии ""хочу, но трудные чувства и вместо действия - ступор и апатия"". Андрей предложил 8 фраз и ""уровней"" на которых проявля","duplicate_repost","duplicate","no","no","high","none","","","","message588","Telegram Desktop/ChatExport_2026-09-04/messages.html","#message1015"
"message-369","service","","no","","0","0","Психогомеопатия: Алхимия души.","e3b0c44298fc1c149afbf4c8996fb92427ae41e4649b934ca495991b7852b855","","service_history","service","no","no","high","none","","","","","Telegram Desktop/ChatExport_2026-09-04/messages.html","#message-369"
"message1016","default","24.04.2026 22:15:21 UTC-05:00","no","","0","0","Психогомеопатия: Алхимия души.","c6123927710c30d36910578cd4a094ee8e75f6fe845aee5645e11874ccb9fcdc","2 ФОРМАТА моей работы сейчас: Формат 1. ДАОССКАЯ АЛХИМИЯ: - Комплексная поддержка здоровья, восстанавление энергии, ресурсов организма и психики. - это вариант мягкой, но глубокой трансформации через 5 стихий Усин в разных сферах жизни для раскрытия внутренней силы и Пути (ДАО) - подходит при слабом ресурсе и для гармоничного развития во всех сферах жизни. Ф","deep_alchemical","book_04","yes","yes","medium","none","","","","","Telegram Desktop/ChatExport_2026-09-04/messages.html","#message1016"
"message1017","default","24.04.2026 22:15:28 UTC-05:00","no","","0","0","Психогомеопатия: Алхимия души.","d238ecd86a9e2b4fd3a58f78a68c554ac35cb68e41a4b8ca3a50060ef79d03e3","ПОДРОБНОЕ ОПИСАНИЕ ФОРМАТ #1. ДАОССКАЯ АЛХИМИЯ 1 цикл/ месяц. Каждый цикл работы поднимает человека на одну ступень вверх по Пути Дао Укрепляет здоровье и реализацию. В 1 месяц входит 2 сессии: * Сессия 1: Диагностика причины ситуации, подбор эссенций, препаратов натуропатии, дистанционное воздействие на нужные стихии Усин организма (китайская метафизика) дл","deep_alchemical","book_04","yes","yes","medium","none","","","","","Telegram Desktop/ChatExport_2026-09-04/messages.html","#message1017"
"message-370","service","","no","","0","0","Психогомеопатия: Алхимия души.","e3b0c44298fc1c149afbf4c8996fb92427ae41e4649b934ca495991b7852b855","","service_history","service","no","no","high","none","","","","","Telegram Desktop/ChatExport_2026-09-04/messages.html","#message-370"
"message1018","default","25.04.2026 23:52:37 UTC-05:00","no","photos/photo_607@25-04-2026_23-52-37.jpg","1","0","Психогомеопатия: Алхимия души.","401457101dcf616d9b5d787ef23eb83254981021e75884eace0b8a187752c0f1","Препараты гомеопатии работают как краски. Их сочетание может давать качественное изменение психического состояния. Например, Работаем с темой физического сжатия, страха, замирания как симптом. Сюда могут подойти: - ACONITUM: страх, ужас - LYCOPODIUM: желание проявляться, но робость - BRYONIA: физическое сжатие. АСONITUM снимает внутренний страх, но не дает п","theory_method","book_01","yes","yes","medium","mention_only","Lycopodium; Bryonia; Aconitum","lycopodium; bryonia; lycopodium; bryonia; aconitum","","","Telegram Desktop/ChatExport_2026-09-04/messages.html","#message1018"
"message-371","service","","no","","0","0","Психогомеопатия: Алхимия души.","e3b0c44298fc1c149afbf4c8996fb92427ae41e4649b934ca495991b7852b855","","service_history","service","no","no","high","none","","","","","Telegram Desktop/ChatExport_2026-09-04/messages.html","#message-371"
"message1019","default","26.04.2026 00:19:01 UTC-05:00","no","photos/photo_608@26-04-2026_00-19-01.jpg","1","0","Психогомеопатия: Алхимия души.","9886ddce793e50cde8fea0b14ce0c90b126d83dcba395d86a02f7440b77ef423","ПОТЕНЦИИ В ПСИХОГОМЕОПАТИИ #1. Ступень. Начинаем мы в психогомеопатии обычно с потенций 30ch. Это та частота препарата, которая помогает успокоить душу, снять текущее нервное напряжение, укрепить силу. Дает поддержку здесь и сейчас. #2. Ступень. Чуть позже мы переходим к потенциям 200ch. Это более глубокий уровень работы с психикой. Воздействие идет на слои ","deep_alchemical","book_04","yes","yes","medium","none","","","","","Telegram Desktop/ChatExport_2026-09-04/messages.html","#message1019"
"message1020","default","26.04.2026 11:25:30 UTC-05:00","no","photos/photo_609@26-04-2026_11-25-30.jpg","1","0","Психогомеопатия: Алхимия души.","1df7fef96b64cf780a919ee67452a155b60f84ec072fa73fd3c24104750bcabc","🌿 CIMICIFUGA RACEMOSA (Цимицифуга) Довольно интересный, мощный препарат. Это средство против кризисов и надломов. Оно добавляет чувство опоры и «света в ночи». Эффект препарата: снимает избыточное психическое и физическое напряжение, дает ощущение внутреннего центра, оси в хаосе задач. Препарат запускает переход из перегрузки, «разорванности» в ощущение цен","subpersonality","book_03","yes","yes","medium","none","","","","","Telegram Desktop/ChatExport_2026-09-04/messages.html","#message1020"
"message1021","default","26.04.2026 13:30:46 UTC-05:00","no","photos/photo_610@26-04-2026_13-30-46.jpg","1","0","Психогомеопатия: Алхимия души.","3baa56caa606c860edcd959e3a2d4cf1c95e1cfa3a005163f38ac097d946620d","В прошлой заметке я говорил что есть 3 основных уровня работы в психогомеопатии. Но есть еще 4й. Это тот этап, когда мы работаем со сверх-высокими потенциями. 10м, 100м. Воздействие идет на уровень сверх-я. Сюда относятся такие параметры, как - Бог - Аватар (высшее я) - Эгрегоры (куда включен человек) - Высшие союзники (помощники). И да, высокочастотная гоме","deep_alchemical","book_04","yes","yes","medium","none","","","","","Telegram Desktop/ChatExport_2026-09-04/messages.html","#message1021"
"message1022","default","26.04.2026 13:40:59 UTC-05:00","no","photos/photo_611@26-04-2026_13-40-59.jpg","1","0","Психогомеопатия: Алхимия души.","2f31c155ba70d15bda0d6e012a42558b53162a954d0f32be56f37365273d27d6","ПРИМЕР РАБОТЫ НА 4 ступени. 1. Сначала мы проверяем есть ли резонанс от низких, средних и высоких потенций. На каком-то этапе в терапии их воздействие уже становится не достаточным. Базовые проблемы человек решил. 2. И тогда переходим на сверхвысокочастотные препараты проверяем Высшие Слои в жизни человека. Можно простроить градацию: - Аватар - Эгрегоры - Вы","deep_alchemical","book_04","yes","yes","medium","none","","","","","Telegram Desktop/ChatExport_2026-09-04/messages.html","#message1022"
"message1023","default","26.04.2026 16:22:18 UTC-05:00","no","photos/photo_612@26-04-2026_16-22-18.jpg","1","0","Психогомеопатия: Алхимия души.","e48e7cd2cef86cd6d2b56ef8c97b510b98ee3061f973d020501e7e96674f1e9a","ПРЕПАРАТЫ БАХА Мне нравится с ними работать. Если гомеопатия - это как снайперская винтовка, то препараты Баха - это арбалет. Но прелесть препаратов Баха в том, что они сразу! меняют внутреннее состояние, достаточно быстро и качественно. Совсем высоко к препараты Баха могут и недотянуться, но они с лихвой покрывают наиболее частые психические проблемы челове","deep_alchemical","book_04","yes","yes","medium","none","","","","","Telegram Desktop/ChatExport_2026-09-04/messages.html","#message1023"
"message-372","service","","no","","0","0","Психогомеопатия: Алхимия души.","e3b0c44298fc1c149afbf4c8996fb92427ae41e4649b934ca495991b7852b855","","service_history","service","no","no","high","none","","","","","Telegram Desktop/ChatExport_2026-09-04/messages.html","#message-372"
"message1024","default","30.04.2026 11:16:32 UTC-05:00","no","","0","0","Психогомеопатия: Алхимия души.","abe37347db6f758b1cb8a0d7a169912ef321aab8b420f1bb96d9ccc459cdbd99","В последнее время я начинаю работать все больше с высокими потенциями препаратов гомеопатии. Раньше я с ними работал нечасто, так как * высокие потенции (200) могут перегружать неподготовленный организм. * А очень высокие (1м) ощущаются как крепкое ментальное давление. И воздействие такими потенциями обычно эффективно на протяжении до 1 минуты. После чего на","deep_alchemical","book_04","yes","yes","medium","none","","","","","Telegram Desktop/ChatExport_2026-09-04/messages.html","#message1024"
"message-373","service","","no","","0","0","Психогомеопатия: Алхимия души.","e3b0c44298fc1c149afbf4c8996fb92427ae41e4649b934ca495991b7852b855","","service_history","service","no","no","high","none","","","","","Telegram Desktop/ChatExport_2026-09-04/messages.html","#message-373"
"message1025","default","01.05.2026 23:33:31 UTC-05:00","no","photos/photo_613@01-05-2026_23-33-31.jpg","1","0","Психогомеопатия: Алхимия души.","b46efb6e6ed37077712a142885daa63036e942c2bab5e63ebed8a7f921c1f028","🧪 SACCHARUM LACTIS (Молочный сахар) НАБЛЮДЕНИЯ. По моему опыту работы, препарат хорошо себя показал на ранних стадиях терапии или в сложных ситуациях: - в моментах душевного бессилия, когда хочется свернуться калачиком и даже ни с кем не разговаривать, - в ситуациях телесной болезни и бессилия, когда нужна поддержка, но ее сложно принять. ОСНОВА: Молочный с","remedy_card","book_02","yes","yes","high","full_card","Saccharum Lactis","saccharum-lactis","message1025","","Telegram Desktop/ChatExport_2026-09-04/messages.html","#message1025"
"message-374","service","","no","","0","0","Психогомеопатия: Алхимия души.","e3b0c44298fc1c149afbf4c8996fb92427ae41e4649b934ca495991b7852b855","","service_history","service","no","no","high","none","","","","","Telegram Desktop/ChatExport_2026-09-04/messages.html","#message-374"
"message1026","default","23.05.2026 10:45:20 UTC-05:00","no","","0","0","Психогомеопатия: Алхимия души.","c560f20854ea7b37034342b184fdecb18a538e6053d5caedf6513be8cbca97fd","С препаратами Баха я больше дистанционно работаю. Но если их принимать внутрь, эффект раза в 2-3 сильней. Но наблюдениям ASPEN снимает тревожность, нервозность, как отпускает напряжение ROCK ROSE усиливает внутреннюю ось, выдержку, способность справиться с испытаниями. WHITE CHESTNUT Снимает ментальное напряжение, желание потребность что-то делать, думать, и","theory_method","book_01","yes","yes","medium","mention_only","Rock Rose; Aspen; White Chestnut","rock-rose; aspen; white-chestnut","","","Telegram Desktop/ChatExport_2026-09-04/messages.html","#message1026"
"message-375","service","","no","","0","0","Психогомеопатия: Алхимия души.","e3b0c44298fc1c149afbf4c8996fb92427ae41e4649b934ca495991b7852b855","","service_history","service","no","no","high","none","","","","","Telegram Desktop/ChatExport_2026-09-04/messages.html","#message-375"
"message1027","default","25.05.2026 02:07:08 UTC-05:00","no","photos/photo_614@25-05-2026_02-07-08.jpg","1","0","Психогомеопатия: Алхимия души.","5b5d10004ab6e86acbb2c0fddb2e98f4289cdd6af69548b3c74086b0e1e7c8e5","Именно как душевная, эмоциональная поддержка препараты Баха очень хороши.","theory_method","book_01","yes","yes","medium","none","","","","","Telegram Desktop/ChatExport_2026-09-04/messages.html","#message1027"
"message-376","service","","no","","0","0","Психогомеопатия: Алхимия души.","e3b0c44298fc1c149afbf4c8996fb92427ae41e4649b934ca495991b7852b855","","service_history","service","no","no","high","none","","","","","Telegram Desktop/ChatExport_2026-09-04/messages.html","#message-376"
"message1028","default","31.05.2026 13:09:25 UTC-05:00","no","photos/photo_615@31-05-2026_13-09-25.jpg","1","0","Психогомеопатия: Алхимия души.","117a23df3e0206da1fc252c6d0944060c5da5c40b7a6742c0024f0846e63475c","Новое наблюдение: Можно добавлять мандалы под нужные зоны воздействия для усиления *магических машин*. И тут есть любопытный момент - если просто добавить мандалу, эффект от нее мягкий - но если мандалу обьединить с кристаллом или препаратом, их взаимная сила растет в разы. Т.е эффект синергии: мандала модулирует и усиливает поток. Но поток должен уже быть. ","deep_alchemical","book_04","yes","yes","medium","none","","","","","Telegram Desktop/ChatExport_2026-09-04/messages.html","#message1028"
"message-377","service","","no","","0","0","Психогомеопатия: Алхимия души.","e3b0c44298fc1c149afbf4c8996fb92427ae41e4649b934ca495991b7852b855","","service_history","service","no","no","high","none","","","","","Telegram Desktop/ChatExport_2026-09-04/messages.html","#message-377"
"message1030","service","","no","","0","0","Психогомеопатия: Алхимия души.","e3b0c44298fc1c149afbf4c8996fb92427ae41e4649b934ca495991b7852b855","","service_history","service","no","no","high","none","","","","","Telegram Desktop/ChatExport_2026-09-04/messages.html","#message1030"
"message1032","default","22.06.2026 08:49:41 UTC-05:00","no","photos/photo_616@22-06-2026_08-49-41.jpg","1","0","Психогомеопатия: Алхимия души.","96fee4c5ab79542f8abd9fa36cc02ea768894fadd0caab8b72494bc751f71f4e","Мои клиенты - чаще это люди успешные, у которых есть свой бизнес, но они жалуются: - не хватает силы, уверенности, чтобы взять новый уровень. Понимаю. Новые вызовы требуют больше сил. Эта задача решается в три этапа. 1. Стабилизация состояния 2. Развитие качеств. 3. Сборка личности. Этап 1. Стабилизация. Восстановление сил. ДАО БАХА. Проблема: - Стрессы, выз","theory_method","book_01","yes","yes","medium","none","","","","","Telegram Desktop/ChatExport_2026-09-04/messages.html","#message1032"
"message1034","default","22.06.2026 08:58:06 UTC-05:00","no","photos/photo_617@22-06-2026_08-58-06.jpg","1","0","Психогомеопатия: Алхимия души.","29c658021da36127bffede8c8404ccef775afe00f20372f142dbf4c241f68576","Этап 2. Развитие качеств. Проблема: - человек может быть эмоционально стабилен, но ощущает ""потолок"". Все что бы он ни делал - дает похожий результат, и в финансах и в жизни. Решение: - Встроить на подсознание новые качества себя (сила, уверенность) и сценарии поведения. Эффективнее это сделать через архетипы: артефакты, мандалы, инициации, гипнопогружение. ","deep_alchemical","book_04","yes","yes","medium","none","","","","","Telegram Desktop/ChatExport_2026-09-04/messages.html","#message1034"
"message1035","default","22.06.2026 09:55:26 UTC-05:00","no","photos/photo_618@22-06-2026_09-55-26.jpg","1","0","Психогомеопатия: Алхимия души.","6a322d103e4bfe612b74d9793d2e98c35acb1230e788a194f03d7f20979bd1b3","Этап 3. Сборка личности. Задача: - Это более глубокая, прицельная работа, когда нам надо не только восстановить состояние сейчас, но укрепить личность на долгосрочной основе, чтоб вы меньше проваливались. Решение: - Найти и укрепить нужные субличности человека. Мы находим, фиксируем и точечно воздействуем на нужные слои личности для их стабилизации. Фактичес","subpersonality","book_03","yes","yes","medium","none","","","","","Telegram Desktop/ChatExport_2026-09-04/messages.html","#message1035"
"message-378","service","","no","","0","0","Психогомеопатия: Алхимия души.","e3b0c44298fc1c149afbf4c8996fb92427ae41e4649b934ca495991b7852b855","","service_history","service","no","no","high","none","","","","","Telegram Desktop/ChatExport_2026-09-04/messages.html","#message-378"
"message1036","default","25.06.2026 03:17:11 UTC-05:00","no","photos/photo_619@25-06-2026_03-17-11.jpg","1","0","Психогомеопатия: Алхимия души.","11e7fe7513993ba6069cca5138dcd36ef8a378554a5993cde3320ef4d684d318","Хорошая фраза)","other","out_of_scope","no","no","low","none","","","","","Telegram Desktop/ChatExport_2026-09-04/messages.html","#message1036"
"message-379","service","","no","","0","0","Психогомеопатия: Алхимия души.","e3b0c44298fc1c149afbf4c8996fb92427ae41e4649b934ca495991b7852b855","","service_history","service","no","no","high","none","","","","","Telegram Desktop/ChatExport_2026-09-04/messages.html","#message-379"
"message1037","default","28.06.2026 14:00:07 UTC-05:00","no","photos/photo_620@28-06-2026_14-00-07.jpg","1","0","Психогомеопатия: Алхимия души.","f08eb4593ff969b14c7c3d0d47076eb6676ff93f9b36f3b289e43e517b97cb2b","ОБНОВЛЕНИЕ Я добавил чуть больше математики в свою работу. Теперь, когда я назначаю препараты, будь-то препараты гомеопатии, Баха, натуропатии - я измеряю эффект в единицах/ градусах силу воздействия и как это меняет нужные параметры (цель, здоровье и тп). Чтобы вам было понятнее.","theory_method","book_01","yes","yes","medium","none","","","","","Telegram Desktop/ChatExport_2026-09-04/messages.html","#message1037"
"message1038","default","28.06.2026 14:00:13 UTC-05:00","no","photos/photo_621@28-06-2026_14-00-13.jpg","1","0","Психогомеопатия: Алхимия души.","c94bd80c00687137798de6d5d295ba4961872d5779d1ccc7f484a8f113f772d9","ОБНОВЛЕНИЕ 2 Сейчас у меня новые форматы работы: Помимо Основного я добавил Краткий и Расширенный. #1. Основной: - я подбираю для вас препараты в трех направлениях 1) поддержка тела: натуропатия 2) поддержка чувств и эмоций: препараты Баха 3) поддержка психики и сознания: гомеопатия. #2. Краткий (-50%). Мы работает только с аспектом эмоциональных состояний, ","deep_alchemical","book_04","yes","yes","medium","none","","","","","Telegram Desktop/ChatExport_2026-09-04/messages.html","#message1038"
"message-380","service","","no","","0","0","Психогомеопатия: Алхимия души.","e3b0c44298fc1c149afbf4c8996fb92427ae41e4649b934ca495991b7852b855","","service_history","service","no","no","high","none","","","","","Telegram Desktop/ChatExport_2026-09-04/messages.html","#message-380"
"message1039","default","02.07.2026 16:15:58 UTC-05:00","no","","0","0","Психогомеопатия: Алхимия души.","1656028ad508c0774d52e66b3487fe656b9d2f96f3ee3102ba169d1400fd2173","Как сейчас выглядит моя работа. Есть 2 формата. Часть 1. Основной формат ДАОССКАЯ АЛХИМИЯ. ЦЕЛЬ: Психофизическая поддержка, укрепление личного ресурса. Мы восстанавливаем ресурс, потенциал организма: - телесный - эмоциональный - психический Для этого мы 1) системно разбираем текущую вашу ситуацию, вызовы и решения (через расстановки) 2) определяем Вашу текущ","deep_alchemical","book_04","yes","yes","medium","none","","","","","Telegram Desktop/ChatExport_2026-09-04/messages.html","#message1039"
"message1040","default","02.07.2026 16:16:07 UTC-05:00","no","","0","0","Психогомеопатия: Алхимия души.","a2a1dfe61687d143d7e2647cfb328ba7e953b5fce119c4cecb0b3e1f1457ea53","Часть 2: ПСИХОГОМЕОПАТИЯ Углубленный вариант. Цель: убрать внутренние психические ступоры к вашему росту. Тут идет работа с травматическим опытом, комплексами и сценариями. Это работа меньше про тело, больше про психику. Коррекция субличностей, которые испытавают страх, неуверенность, симптомы и тп. - Краткий вариант: анализ ситуации, коррекция через гомеопа","deep_alchemical","book_04","yes","yes","medium","none","","","","","Telegram Desktop/ChatExport_2026-09-04/messages.html","#message1040"
"message-381","service","","no","","0","0","Психогомеопатия: Алхимия души.","e3b0c44298fc1c149afbf4c8996fb92427ae41e4649b934ca495991b7852b855","","service_history","service","no","no","high","none","","","","","Telegram Desktop/ChatExport_2026-09-04/messages.html","#message-381"
"message1041","default","25.07.2026 13:35:52 UTC-05:00","yes","photos/photo_622@25-07-2026_13-35-52.jpg","1","0","Психогомеопатия: Алхимия души.","52c247dae0a940a4afb4e5283420dda9fb4bfba826231ce84485bc8a22a413cf","ПСИХОТЕРАПИЯ КАРМЫ. Встречаются устойчивые реакции: (страх, стыд, смущение) перед людьми. И их сложно убрать. Они как будто вписаны в человека, как структура личности. И часто именно в этом причина усталости, болезней, психосоматики. ПРОБЛЕМА Классическая психотерапия детских травм тут работает долго, так как стресс глубоко. ЧТО ДЕЛАТЬ? Надо развязать узел в","deep_alchemical","book_04","yes","yes","medium","none","","","","","Telegram Desktop/ChatExport_2026-09-04/messages.html","#message1041"
"message-382","service","","no","","0","0","Психогомеопатия: Алхимия души.","e3b0c44298fc1c149afbf4c8996fb92427ae41e4649b934ca495991b7852b855","","service_history","service","no","no","high","none","","","","","Telegram Desktop/ChatExport_2026-09-04/messages.html","#message-382"
"message1042","default","20.08.2026 19:24:20 UTC-05:00","no","","0","0","Психогомеопатия: Алхимия души.","2ad1a6917dabce409d7d5d56da7f73fb7d9e39cbce9681193bdf1f3a18cae388","Я стал проходить дополнительное обучение. И немного обновил формат работы. Сейчас мы можем помимо выхода на причину и подбора препаратов - работать с внутренним образом. Это очень интересно отслеживать как меняется образ цели/ симптома, когда мы применяем подходящие препараты. 2. А так же сейчас я работаю в концепции полморбитности. Те суть в том, что у симп","theory_method","book_01","yes","yes","medium","none","","","","","Telegram Desktop/ChatExport_2026-09-04/messages.html","#message1042"
"message1043","default","20.08.2026 19:26:19 UTC-05:00","no","","0","0","Психогомеопатия: Алхимия души.","4f0668b9ca35de49726ff4449b43e44397ddc49ff9adb5d066fa920646d6401a","Когда нужно гомеопатия? Чаще всего когда не хватает ресурса. Когда психологически ты понимаешь текущую модель, понимаешь симптом, но не получаемся из этого выйти. Через ресурс гомеопатии мы подключаем внешний дополнительный ресурс Системы, который позволяет выйти из текущей ямы.","theory_method","book_01","yes","yes","medium","none","","","","","Telegram Desktop/ChatExport_2026-09-04/messages.html","#message1043"
"message-383","service","","no","","0","0","Психогомеопатия: Алхимия души.","e3b0c44298fc1c149afbf4c8996fb92427ae41e4649b934ca495991b7852b855","","service_history","service","no","no","high","none","","","","","Telegram Desktop/ChatExport_2026-09-04/messages.html","#message-383"
"message1044","default","21.08.2026 08:26:12 UTC-05:00","no","","0","0","Психогомеопатия: Алхимия души.","836e931bba55beb10f62483fcbeba8bef8ce7816b13615756047211dae2dd552","Я ранее недооценивал работу сверхнизких потенций. Работал в основном на средних и высоких потенциях (уровень психики). Так как пытался выйти именно на базовую причину ситуации. Сейчас в подходе полиморбитности понимаю: причин может быть несколько. И далеко не всегда тот сигнал, который найден на уровне психики, исцеляет физическое тело. Приходится работать п","theory_method","book_01","yes","yes","medium","none","","","","","Telegram Desktop/ChatExport_2026-09-04/messages.html","#message1044"
"message1045","default","21.08.2026 08:26:17 UTC-05:00","no","","0","0","Психогомеопатия: Алхимия души.","33f39c5ff43c323c03ddf96be0ac5244ff99cfad3ce91fe8aac54839f9b19795","2. Физический симптом, как я вижу в своей работе, редко это только один ключевой сигнал. Чаще всего это последовательная комбинация состояний (стыд-страх-безвыходность и тп). И для сложных симптомов приходится подбирать именно верную последовательность препаратов, как кодовый замок, которые сначала снимают верхние защиты, постепенно открывая возможность рабо","theory_method","book_01","yes","yes","medium","none","","","","","Telegram Desktop/ChatExport_2026-09-04/messages.html","#message1045"
"message1048","default","21.08.2026 13:51:13 UTC-05:00","no","photos/photo_623@21-08-2026_13-51-13.jpg","1","0","Психогомеопатия: Алхимия души.","34794f0293141d5ddce5a88206f4d81243f7e3f443bc301f356c2c05afb378b0","ПРИМЕР Приведу пример многослойной работы в гомеопатии. 1. Симптом: затрудненное дыхание. 2. Диагностика/ смысл: Анализ может показать, что источник проблем с дыханием может быть фоновая социальная тревожность. 3. Поддержка Уровень 1. Для симптомов тревожности один из самых распространенных препаратов ARSENICUM. Принимаем препарат, сжатость дыхания уходит. Н","subpersonality","book_03","yes","yes","medium","mention_only","Kali Carbonicum; Psorinum","kali-carbonicum; psorinum; psorinum","","","Telegram Desktop/ChatExport_2026-09-04/messages.html","#message1048"
"message1049","default","21.08.2026 13:51:15 UTC-05:00","no","","0","0","Психогомеопатия: Алхимия души.","287c34517add5b9b3cbed2777bbe1ec9a2e4066c16c4a26bb365ba7538571853","Уровень 4. Иногда нужно пройти еще чуть глубже в терапии. Часто для начала важно дать внутреннему Я почувствовать блаженство безусловного принятия и любви И для этой цели есть очень интересные препараты: - LAC HUMANA - MAGNESIA PHOSPHORICA - SACHARUM LAC При проработке этого слоя постепенно нарабатывается состояние базовой «окейности» Я в порядке Мир хорош, ","theory_method","book_01","yes","yes","medium","mention_only","Magnesia Phosphorica","magnesia-phosphorica; magnesia-phosphorica","","","Telegram Desktop/ChatExport_2026-09-04/messages.html","#message1049"
"message1051","default","21.08.2026 19:10:19 UTC-05:00","no","photos/photo_624@21-08-2026_19-10-19.jpg","1","0","Психогомеопатия: Алхимия души.","e9ef02b3082fe8105eb6e5bad6b93a8095d9e7f66f10fde43ce958a130a3d3f8","ПСИХОГОМЕОПАТИЯ 2 уровень: Субличности. Концепция работы: Когда мы работаем средними потенциями гомеопатии - мы воздействуем на текущую личность человека, его недавние состояния. Но если идет речь о психосоматике (дрожь, симптомы) - то чаще всего источник находится в более раннем периоде (и чаще до 5ти лет). И нам нужно работать не с текущим Я, а с отшепленн","subpersonality","book_03","yes","yes","medium","none","","","","","Telegram Desktop/ChatExport_2026-09-04/messages.html","#message1051"
"message1052","default","21.08.2026 19:47:33 UTC-05:00","no","photos/photo_625@21-08-2026_19-47-33.jpg","1","0","Психогомеопатия: Алхимия души.","89ebfd632acc4e308dd68ac30a49f941317276eeed3dd9d291bc502eda31f7e1","В классической гомеопатии есть концепция Ключевого препарата. Те задача найти базовый архетип или базовую ключевую травму и давать именно этот препарат, в разных потенциях. Например: Arsenicum - тревожный Natr Muriaticum - одинокий. Возможно. Но я постепенно отказываюсь от этой концепции, так как 1) Во-первых, ранних травм у человека обычно много. Редко псих","subpersonality","book_03","yes","yes","medium","none","","","","","Telegram Desktop/ChatExport_2026-09-04/messages.html","#message1052"
"message-384","service","","no","","0","0","Психогомеопатия: Алхимия души.","e3b0c44298fc1c149afbf4c8996fb92427ae41e4649b934ca495991b7852b855","","service_history","service","no","no","high","none","","","","","Telegram Desktop/ChatExport_2026-09-04/messages.html","#message-384"
"message1053","default","23.08.2026 09:22:00 UTC-05:00","no","photos/photo_626@23-08-2026_09-22-00.jpg","1","0","Психогомеопатия: Алхимия души.","33f6323e50b0e91310097c6682339ed5aea70f26bb9ed4ec4cb5b7526bbf6db3","CARCINOSINUM НАБЛЮДЕНИЯ. Очень интересный препарат. Он мощный. Делается из раковой клетки но и воздействие его значимо. По наблюдениям: он возвращает внутреннюю свободу. Когда человек тоскует, хочет любви, внимания мира, пытается подстраиваться - препарат наоборот возвращает достоинство, свободу, опору на себя. ОСНОВА: Нозод из опухолевой ткани. Несет вибрац","remedy_card","book_02","yes","yes","high","full_card","Carcinosinum","carcinosinum","message1053","","Telegram Desktop/ChatExport_2026-09-04/messages.html","#message1053"
"message1054","default","23.08.2026 15:37:29 UTC-05:00","no","","0","0","Психогомеопатия: Алхимия души.","8071d1463961312ee4d6c6cfaafa5b3f13b280b4e19877877325a9ae53288aa8","Фрагментарная личность - это понятие из глубинной психотерапии, которое описывает состояние, когда части личности не очень согласованы между собой. Иными словами - это описание той личности, у которой активны субличности, отщепленные части. Сильная личность - это интегрированная личность. И цель психотерапии, и особенно травматерапии - как раз интеграция отщ","subpersonality","book_03","yes","yes","medium","none","","","","","Telegram Desktop/ChatExport_2026-09-04/messages.html","#message1054"
"message1055","default","23.08.2026 18:14:16 UTC-05:00","no","","0","0","Психогомеопатия: Алхимия души.","2a1675c87cc67eae21609f3685fcf76a0606a215c262dce19aee74f26b63fc8b","Постепенно меняется мой подход. Раньше я работал с личностью. Подбирал ключевые препараты. Они иногда работали, а иногда нет. Я не понимал почему. Основной ответ: организм устает, ему надо отдохнуть. Теперь я понимаю глубже. Препарат работал - когда была активна выбранная субличность (стрессовая часть). Субличности у человека могли сменять одна другую, что в","subpersonality","book_03","yes","yes","medium","none","","","","","Telegram Desktop/ChatExport_2026-09-04/messages.html","#message1055"
"message-385","service","","no","","0","0","Психогомеопатия: Алхимия души.","e3b0c44298fc1c149afbf4c8996fb92427ae41e4649b934ca495991b7852b855","","service_history","service","no","no","high","none","","","","","Telegram Desktop/ChatExport_2026-09-04/messages.html","#message-385"
"message1056","default","25.08.2026 22:08:34 UTC-05:00","no","","0","0","Психогомеопатия: Алхимия души.","f5f3f15f087465e3f1784c84355173bef5c09ce4b43a06fdb87de6dba8c0e907","Миазмы в гомеопатии. Глубокая сложная тема. Попробую ее объяснить кратко и понятно. Миазмы Ганеман определил как ключевые динамики, которые ведут к телесным болезням. Лечение нужно начинать именно с диагностики и коррекции миазмов. Основных 5ть. Для простоты - Миазмы можно соотнести с защитным стратегиям человека. - можно соотнести со стихиями УСИН 1. Вода. ","deep_alchemical","book_04","yes","yes","medium","none","","","","","Telegram Desktop/ChatExport_2026-09-04/messages.html","#message1056"
"message-386","service","","no","","0","0","Психогомеопатия: Алхимия души.","e3b0c44298fc1c149afbf4c8996fb92427ae41e4649b934ca495991b7852b855","","service_history","service","no","no","high","none","","","","","Telegram Desktop/ChatExport_2026-09-04/messages.html","#message-386"
"message1057","default","27.08.2026 20:11:01 UTC-05:00","no","","0","0","Психогомеопатия: Алхимия души.","0beb8c35ddc86761e423773a3f0ff32e20b6ac51ac456a294c2772b8bc1e4308","Я продолжу тему миазмов. Миазм в гомеопатии - это именно то, откуда берутся предпосылки болезней. Я бы в свою очередь связал бы миазмы с этапами развития в Бодинамике. Получается следующая модель 1. Стихия в Усин: Вода. Миазм псора. Этапы: А) Существования (до рождения). Б) Потребностей: 0-1.5 года. 2. Дерево. Миазм: туберкулинум, Этап: А) Автономии (8 мес- ","deep_alchemical","book_04","yes","yes","medium","none","","","","","Telegram Desktop/ChatExport_2026-09-04/messages.html","#message1057"
"message-387","service","","no","","0","0","Психогомеопатия: Алхимия души.","e3b0c44298fc1c149afbf4c8996fb92427ae41e4649b934ca495991b7852b855","","service_history","service","no","no","high","none","","","","","Telegram Desktop/ChatExport_2026-09-04/messages.html","#message-387"
"message1058","default","29.08.2026 21:53:49 UTC-05:00","no","","0","0","Психогомеопатия: Алхимия души.","e3653b9761c6ac6b1e32d39200cec4c4a3c4a5d5a4e6f14a643f0806a83e0def","- Почему именно гомеопатия? - В ряде случаев это единственное средство. Для работы с психическими / психофизическими симптомами как есть варианты? А) принимать психиатрические препараты? Но чаще всего они гасят психику, а не лечат. Б) работать с психотерапевтом? Это помогает именно в процессе работы. Снижает напряжение. Но поменять структуру психики крайне с","theory_method","book_01","yes","yes","medium","none","","","","","Telegram Desktop/ChatExport_2026-09-04/messages.html","#message1058"
"message1059","default","29.08.2026 23:19:02 UTC-05:00","no","photos/photo_627@29-08-2026_23-19-02.jpg","1","0","Психогомеопатия: Алхимия души.","6d68519c35a721a242d5c8c53ae7d03e8efcaa7a55d6f88fe2934abe7b8512ba","Есть 2 препарата, которые часто прописывают для уверенности: золото и платина. Я попробовал разобраться в чем разница их вибраций: Aurum Metallicum (золото) добавляет вибрацию достоинства: я ценен сам по себе. Platina Добавляет вибрацию гордости: я ценен и ценнее других. Небольшая разница, но есть! Вот так работая через препараты можно прописывать нужные кач","remedy_card_support","book_02","yes","yes","high","supporting_post","Aurum metallicum","aurum-metallicum","message37","","Telegram Desktop/ChatExport_2026-09-04/messages.html","#message1059"
